#pragma once

#include <Arduino.h>

#ifndef BITMAP_PROGMEM
#if defined(__AVR__)
#define BITMAP_PROGMEM __attribute__((section(".text.zzbitmaps")))
#else
#define BITMAP_PROGMEM PROGMEM
#endif
#endif

const uint8_t CAT_IDLE_WINK_BITMAP[] BITMAP_PROGMEM = {
  0x00, 0x00, 0x00, 0x00, 0x00, 0x00, 0x00, 0x00, 0x00, 0x00, 0x00, 0x00,
  0x00, 0x00, 0x00, 0x00, 0x00, 0x00, 0x00, 0x00, 0x00, 0x00, 0x00, 0x00,
  0x00, 0x00, 0x00, 0x00, 0x00, 0x00, 0x00, 0x00, 0x00, 0x00, 0x00, 0x00,
  0x00, 0x00, 0x00, 0x00, 0x00, 0x03, 0xFC, 0x00, 0x00, 0x00, 0x00, 0x00,
  0x00, 0x00, 0x00, 0x00, 0x00, 0x00, 0x00, 0x00, 0x7F, 0xFC, 0x00, 0x00,
  0x00, 0x00, 0x00, 0x00, 0x00, 0x00, 0x00, 0x00, 0x00, 0x00, 0x01, 0xFF,
  0xFC, 0x00, 0x00, 0x00, 0x00, 0x00, 0x00, 0x00, 0x00, 0x00, 0x00, 0x00,
  0x00, 0x03, 0xFE, 0x1C, 0x00, 0x00, 0x00, 0x00, 0x00, 0x00, 0x00, 0x00,
  0x00, 0x00, 0x00, 0x00, 0x1F, 0xE0, 0x1E, 0x00, 0x00, 0x00, 0x00, 0x00,
  0x00, 0x00, 0x00, 0x00, 0x00, 0x00, 0x00, 0x1F, 0xC0, 0x0E, 0x00, 0x00,
  0x00, 0x00, 0x00, 0x00, 0x00, 0x00, 0x00, 0x00, 0x00, 0x00, 0x7F, 0x03,
  0x0E, 0x00, 0x00, 0x00, 0x00, 0x00, 0x00, 0x00, 0x00, 0x00, 0x00, 0x00,
  0x00, 0x78, 0x03, 0x0E, 0x00, 0x00, 0x00, 0x00, 0x0F, 0xFF, 0xC0, 0x00,
  0x00, 0x00, 0x00, 0x01, 0xF8, 0x07, 0x0E, 0x00, 0x00, 0x00, 0x00, 0x1F,
  0xFF, 0xC0, 0x00, 0x00, 0x00, 0x00, 0x03, 0xE0, 0x8F, 0x0E, 0x00, 0x00,
  0x00, 0x00, 0x3F, 0xFF, 0xFF, 0x00, 0x00, 0x00, 0x00, 0x03, 0xC1, 0xDE,
  0x0F, 0x00, 0x00, 0x00, 0x00, 0x38, 0x00, 0x7F, 0xC0, 0x00, 0x00, 0x00,
  0x07, 0x83, 0xDF, 0x07, 0x00, 0x00, 0x00, 0x00, 0x38, 0x00, 0x7F, 0xF0,
  0x00, 0x00, 0x00, 0x0F, 0x83, 0xFF, 0x03, 0x00, 0x00, 0x00, 0x00, 0x38,
  0x00, 0x03, 0xF8, 0x00, 0x00, 0x00, 0x0F, 0x03, 0xFF, 0x07, 0x00, 0x00,
  0x00, 0x00, 0xF9, 0xC0, 0x00, 0x7C, 0x00, 0x00, 0x00, 0x0E, 0x01, 0xFC,
  0x07, 0x00, 0x00, 0x00, 0x00, 0xF1, 0xE0, 0x00, 0x7E, 0x00, 0x00, 0x00,
  0x1E, 0x00, 0xF0, 0x07, 0x00, 0x00, 0x00, 0x00, 0xF0, 0xE0, 0x00, 0x1E,
  0x00, 0x00, 0x00, 0x1E, 0x00, 0xE0, 0x07, 0x00, 0x00, 0x00, 0x00, 0xF0,
  0x70, 0xC0, 0x1F, 0x00, 0x00, 0x00, 0x1C, 0xC3, 0xE0, 0x07, 0x00, 0x00,
  0x00, 0x00, 0xF0, 0x3D, 0xC2, 0x0F, 0x00, 0x00, 0x00, 0x1C, 0xE3, 0xC3,
  0x87, 0x00, 0x00, 0x00, 0x00, 0xF0, 0x1D, 0xE3, 0x07, 0x80, 0x00, 0x00,
  0x1C, 0xE3, 0x8F, 0xC7, 0x00, 0x00, 0x00, 0x00, 0xF0, 0x0E, 0xC3, 0x87,
  0x80, 0xFF, 0xFF, 0xFC, 0x77, 0xFF, 0x03, 0x00, 0x00, 0x00, 0x00, 0xF8,
  0x07, 0xC7, 0x87, 0x8F, 0xFF, 0xFF, 0xFC, 0x7F, 0xFE, 0x0F, 0x00, 0x00,
  0x00, 0x00, 0x38, 0x07, 0xE7, 0x83, 0x9F, 0xE0, 0x00, 0x3E, 0x3E, 0x00,
  0x0E, 0x00, 0x00, 0x00, 0x00, 0x38, 0xF3, 0xC7, 0x03, 0xFF, 0xC0, 0x00,
  0x3E, 0x1E, 0x00, 0x1E, 0x00, 0x00, 0x00, 0x00, 0x38, 0xFF, 0xE7, 0x03,
  0xFC, 0x00, 0x00, 0x00, 0x1C, 0x00, 0x3E, 0x00, 0x00, 0x00, 0x00, 0x38,
  0x3F, 0xF6, 0x03, 0xF0, 0x00, 0x00, 0x00, 0x00, 0x00, 0x3C, 0x00, 0x00,
  0x00, 0x00, 0x38, 0x3F, 0xFE, 0x33, 0xE0, 0x00, 0x00, 0x00, 0x00, 0x03,
  0x7C, 0x00, 0x00, 0x00, 0x00, 0x38, 0x00, 0x3C, 0x7B, 0x80, 0x00, 0x00,
  0x00, 0x00, 0x1F, 0xFC, 0x00, 0x00, 0x00, 0x00, 0x3C, 0x00, 0x3E, 0x78,
  0x00, 0x00, 0x00, 0x00, 0x00, 0x3F, 0xF0, 0x00, 0x00, 0x00, 0x00, 0x3C,
  0x3F, 0xFF, 0x70, 0x00, 0x00, 0x00, 0x00, 0x00, 0x1F, 0xF0, 0x00, 0x00,
  0x00, 0x00, 0x1C, 0x3F, 0xFF, 0xE0, 0x00, 0x00, 0x00, 0x00, 0x00, 0x0F,
  0xE0, 0x00, 0x00, 0x00, 0x00, 0x1C, 0x1F, 0xC3, 0xC0, 0x00, 0x00, 0x00,
  0x00, 0x00, 0x03, 0xC0, 0x00, 0x00, 0x00, 0x00, 0x1E, 0x00, 0x03, 0xC0,
  0x00, 0x00, 0x00, 0x00, 0x00, 0x03, 0xE0, 0x00, 0x00, 0x00, 0x00, 0x1F,
  0x00, 0x00, 0x00, 0x00, 0x00, 0x00, 0x00, 0x00, 0x01, 0xF0, 0x00, 0x00,
  0x00, 0x00, 0x07, 0x00, 0x00, 0x00, 0x00, 0x00, 0x00, 0x00, 0x00, 0x00,
  0xF0, 0x00, 0x00, 0x00, 0x00, 0x07, 0xC0, 0x00, 0x00, 0x00, 0x00, 0x00,
  0x00, 0x00, 0x00, 0x78, 0x00, 0x00, 0x00, 0x00, 0x03, 0xE0, 0x00, 0x00,
  0x00, 0x00, 0x00, 0x00, 0x00, 0x00, 0x3C, 0x00, 0x00, 0x00, 0x00, 0x01,
  0xF8, 0x00, 0x00, 0x00, 0x00, 0x00, 0x00, 0x00, 0x00, 0x1C, 0x00, 0x00,
  0x00, 0x00, 0x01, 0xFD, 0xF8, 0x00, 0x00, 0x00, 0x00, 0x00, 0x00, 0x00,
  0x1F, 0x00, 0x00, 0x00, 0x00, 0x00, 0x7F, 0xF8, 0x00, 0x00, 0x00, 0x00,
  0x00, 0x00, 0x00, 0x1F, 0x00, 0x00, 0x00, 0x00, 0x00, 0x3F, 0xF0, 0x00,
  0x00, 0x00, 0x00, 0x00, 0x00, 0x00, 0x07, 0x00, 0x00, 0x00, 0x00, 0x00,
  0x07, 0xF0, 0x00, 0x00, 0x00, 0x00, 0x00, 0x7C, 0x00, 0x07, 0x80, 0x00,
  0x00, 0x00, 0x00, 0x00, 0xE0, 0x00, 0x02, 0x00, 0x00, 0x00, 0x7C, 0x00,
  0x07, 0x80, 0x00, 0x00, 0x00, 0x00, 0x01, 0xE0, 0x00, 0x07, 0x00, 0x00,
  0x00, 0x00, 0x00, 0x03, 0x80, 0x00, 0x00, 0x00, 0x00, 0x03, 0xC0, 0x00,
  0x0F, 0x80, 0x00, 0x00, 0x00, 0x00, 0x03, 0x80, 0x00, 0x00, 0x00, 0x00,
  0x03, 0x80, 0x00, 0x0F, 0x80, 0x00, 0x00, 0x00, 0x00, 0x03, 0xC0, 0x00,
  0x00, 0x00, 0x00, 0x03, 0x80, 0x00, 0x00, 0x00, 0x00, 0x00, 0x00, 0x00,
  0x01, 0xC0, 0x00, 0x00, 0x00, 0x00, 0x03, 0x80, 0x00, 0x00, 0x00, 0x00,
  0x00, 0x00, 0x00, 0x01, 0xC0, 0x00, 0x00, 0x00, 0x00, 0x03, 0x80, 0x00,
  0x00, 0x00, 0x00, 0x00, 0x00, 0x00, 0x01, 0xC0, 0x00, 0x00, 0x00, 0x00,
  0x07, 0x80, 0x00, 0x3F, 0x80, 0x00, 0x00, 0x00, 0x00, 0x01, 0xC0, 0x00,
  0x00, 0x00, 0x00, 0x07, 0x00, 0x00, 0xFF, 0xF0, 0x00, 0x00, 0x00, 0x00,
  0x01, 0xC0, 0x00, 0x00, 0x00, 0x00, 0x07, 0x00, 0x01, 0xFF, 0xF0, 0x00,
  0x00, 0x00, 0x00, 0x01, 0xE0, 0x00, 0x00, 0x00, 0x00, 0x07, 0x00, 0x03,
  0xF9, 0xFC, 0x00, 0x00, 0x03, 0xF0, 0x01, 0xF0, 0x00, 0x00, 0x00, 0x00,
  0x07, 0x00, 0x07, 0xF1, 0xFC, 0x00, 0x00, 0x0F, 0xFE, 0x01, 0xFC, 0x00,
  0x00, 0x00, 0x00, 0x07, 0x00, 0x07, 0xE0, 0xFC, 0x00, 0x00, 0x1F, 0xFF,
  0x00, 0x3C, 0x00, 0x00, 0x00, 0x00, 0x07, 0x00, 0x07, 0xE0, 0xFE, 0x00,
  0x00, 0x3F, 0xFF, 0x80, 0x3C, 0x00, 0x00, 0x00, 0x00, 0x07, 0x00, 0x0F,
  0xF1, 0xFE, 0x00, 0x00, 0x7E, 0x07, 0x80, 0x78, 0x00, 0x00, 0x00, 0x00,
  0x07, 0x80, 0x0E, 0xFB, 0xFE, 0x01, 0xE0, 0x78, 0x00, 0x00, 0x70, 0x00,
  0x00, 0x00, 0x00, 0x07, 0xC0, 0x0E, 0xFF, 0xFE, 0x03, 0xF0, 0x00, 0x00,
  0x00, 0x70, 0x00, 0x00, 0x00, 0x00, 0x03, 0xC0, 0x0E, 0xFF, 0xFE, 0x03,
  0xE0, 0x00, 0x00, 0x00, 0x70, 0x00, 0x00, 0x00, 0x00, 0x03, 0xC0, 0x0E,
  0xFF, 0xFE, 0x01, 0xE0, 0x00, 0x00, 0x07, 0xFC, 0x00, 0x00, 0x00, 0x00,
  0x03, 0xC0, 0x0E, 0xFF, 0x9E, 0x00, 0xC3, 0x00, 0x00, 0x1F, 0xFC, 0x00,
  0x00, 0x00, 0x00, 0x03, 0xC0, 0x0F, 0x7F, 0x3C, 0x20, 0xE7, 0x00, 0x00,
  0x1C, 0xFC, 0x00, 0x00, 0x00, 0x00, 0x03, 0xE0, 0x07, 0x7F, 0x3C, 0x71,
  0xFF, 0x00, 0x00, 0x00, 0xC0, 0x00, 0x00, 0x00, 0x00, 0x01, 0xE0, 0x07,
  0x3F, 0xF8, 0x3F, 0xFE, 0x00, 0x00, 0x1F, 0xC0, 0x00, 0x00, 0x00, 0x00,
  0x01, 0xE0, 0x07, 0x9F, 0xF8, 0x3F, 0xBC, 0x00, 0x00, 0x1F, 0xC0, 0x00,
  0x00, 0x00, 0x00, 0x03, 0xC0, 0x01, 0x87, 0xE0, 0x06, 0x0C, 0x00, 0x00,
  0x03, 0x80, 0x00, 0x00, 0x00, 0x00, 0x07, 0xC0, 0x00, 0x00, 0x00, 0x06,
  0x0C, 0x00, 0x00, 0x07, 0x80, 0x00, 0x00, 0x00, 0x00, 0x07, 0xF0, 0x00,
  0x00, 0x00, 0x07, 0x3C, 0x00, 0x00, 0x1F, 0x00, 0x00, 0x00, 0x00, 0x00,
  0x03, 0xF0, 0x00, 0x00, 0x00, 0x07, 0xBC, 0x00, 0x00, 0x1E, 0x00, 0x00,
  0x00, 0x00, 0x07, 0xF1, 0xF0, 0x3E, 0x00, 0x00, 0x03, 0xF8, 0x00, 0x00,
  0x7E, 0x00, 0x00, 0x00, 0x00, 0x07, 0xFE, 0x79, 0xFE, 0x00, 0x00, 0x01,
  0xF0, 0x00, 0x03, 0xFC, 0x00, 0x00, 0x00, 0x00, 0x7F, 0xFF, 0x7D, 0xF0,
  0x00, 0x00, 0x00, 0xE0, 0x00, 0x03, 0xF0, 0x00, 0x00, 0x00, 0x01, 0xFF,
  0xFF, 0xBF, 0x67, 0x00, 0x00, 0x00, 0x00, 0x00, 0x0F, 0xF0, 0x00, 0x00,
  0x00, 0x03, 0xFC, 0x0F, 0xFF, 0x8F, 0x00, 0x00, 0x00, 0x00, 0x00, 0xFF,
  0x80, 0x00, 0x00, 0x00, 0x07, 0xE0, 0x01, 0xE7, 0xDE, 0x00, 0x00, 0x00,
  0x00, 0x01, 0xFE, 0x00, 0x00, 0x00, 0x00, 0x07, 0x80, 0x00, 0xF3, 0xFC,
  0x00, 0x00, 0x00, 0x00, 0x07, 0xFC, 0x00, 0x00, 0x00, 0x00, 0x0F, 0x81,
  0xF0, 0xF3, 0xFF, 0x00, 0x00, 0x00, 0x00, 0x07, 0xDE, 0x00, 0x00, 0x00,
  0x00, 0x1E, 0x07, 0xFC, 0x70, 0x7F, 0x00, 0x00, 0x00, 0x00, 0x00, 0x1E,
  0x00, 0x00, 0x00, 0x00, 0x3C, 0x0F, 0xFE, 0x70, 0x7F, 0xF0, 0x00, 0x00,
  0x00, 0x00, 0x0E, 0x00, 0x00, 0x00, 0x00, 0x3C, 0x1F, 0x1E, 0x70, 0x1F,
  0xFF, 0xFF, 0x00, 0x00, 0x00, 0x0E, 0x00, 0x00, 0x00, 0x00, 0x38, 0x3C,
  0x0F, 0x70, 0x3E, 0x3F, 0xFF, 0x00, 0x00, 0x00, 0x3E, 0x00, 0x00, 0x00,
  0x00, 0x38, 0x38, 0x07, 0xF0, 0x7C, 0x1F, 0xFF, 0x00, 0x00, 0x00, 0x7E,
  0x00, 0x00, 0x00, 0x00, 0x78, 0x78, 0x77, 0xF0, 0xF8, 0x00, 0x70, 0x00,
  0x00, 0x00, 0x3E, 0x00, 0x00, 0x00, 0x00, 0x78, 0x71, 0xFF, 0xF1, 0xF0,
  0x00, 0xF0, 0x00, 0x00, 0x00, 0x38, 0x00, 0x00, 0x00, 0x00, 0x70, 0xF3,
  0xFF, 0xF1, 0xE0, 0x00, 0xF8, 0x00, 0x00, 0x00, 0x38, 0x00, 0x00, 0x00,
  0x00, 0x70, 0xE3, 0xCF, 0xF3, 0xC0, 0x00, 0xFF, 0xC0, 0x00, 0x00, 0x38,
  0x00, 0x00, 0x00, 0x00, 0x70, 0xE3, 0xFE, 0xC3, 0xC0, 0x00, 0x7F, 0xF0,
  0x00, 0x00, 0x78, 0x00, 0x00, 0x00, 0x00, 0x70, 0xE3, 0xBD, 0xE7, 0x80,
  0x00, 0x1F, 0xFE, 0x00, 0x01, 0xF8, 0x00, 0x00, 0x00, 0x00, 0x70, 0xE3,
  0x89, 0xEF, 0x00, 0x00, 0x00, 0xFE, 0x00, 0x03, 0xF8, 0x00, 0x00, 0x00,
  0x00, 0x70, 0xF3, 0xC7, 0xCF, 0x00, 0x00, 0x00, 0x3F, 0x80, 0x03, 0xF8,
  0x00, 0x00, 0x00, 0x00, 0x70, 0x73, 0xE7, 0x8E, 0x00, 0x00, 0x00, 0x07,
  0xC0, 0x07, 0xF8, 0x00, 0x00, 0x00, 0x00, 0x78, 0x79, 0xFF, 0x0E, 0x00,
  0x00, 0x00, 0x01, 0xC0, 0x07, 0xB8, 0x00, 0x00, 0x00, 0x00, 0x78, 0x78,
  0xFE, 0x1E, 0x00, 0x00, 0x00, 0x00, 0xC0, 0x0F, 0x38, 0x00, 0x00, 0x00,
  0x00, 0x38, 0x3E, 0x7C, 0x7E, 0x00, 0x00, 0x00, 0x00, 0x00, 0x1E, 0x38,
  0x00, 0x00, 0x00, 0x00, 0x38, 0x1F, 0x01, 0x7C, 0x00, 0x00, 0x00, 0x00,
  0x00, 0x3C, 0x38, 0x00, 0x00, 0x00, 0x00, 0x3C, 0x0F, 0xC7, 0xFC, 0x00,
  0x00, 0x00, 0x00, 0x00, 0x7C, 0x38, 0x00, 0x00, 0x00, 0x00, 0x3E, 0x07,
  0xFF, 0xFC, 0x00, 0x00, 0x00, 0x00, 0x00, 0xF0, 0x38, 0x00, 0x00, 0x00,
  0x00, 0x0F, 0x00, 0xFF, 0xBC, 0x00, 0x00, 0x80, 0x00, 0x01, 0xE0, 0x38,
  0x00, 0x00, 0x00, 0x00, 0x0F, 0x80, 0xFE, 0x3C, 0x00, 0x01, 0xE0, 0x00,
  0x03, 0xE0, 0x38, 0x00, 0x00, 0x00, 0x00, 0x07, 0xC0, 0x00, 0x3C, 0x00,
  0x01, 0xE0, 0x00, 0x27, 0xC0, 0x78, 0x00, 0x00, 0x00, 0x00, 0x03, 0xF8,
  0x00, 0x3C, 0x00, 0x00, 0xE0, 0x00, 0x7F, 0x00, 0x78, 0x00, 0x00, 0x00,
  0x00, 0x01, 0xFE, 0x00, 0x7C, 0x00, 0x00, 0xF0, 0x00, 0x7E, 0x00, 0x70,
  0x00, 0x00, 0x00, 0x00, 0x00, 0xFF, 0xFF, 0xFC, 0x00, 0x00, 0xF0, 0x00,
  0x7E, 0x00, 0x70, 0x00, 0x00, 0x00, 0x00, 0x00, 0x1F, 0xFF, 0xFC, 0x00,
  0x00, 0xF0, 0x00, 0x7E, 0x00, 0x70, 0x00, 0x00, 0x00, 0x00, 0x00, 0x01,
  0xFF, 0xBC, 0x00, 0x00, 0x78, 0x00, 0x7E, 0x00, 0x70, 0x00, 0x00, 0x00,
  0x00, 0x00, 0x00, 0x00, 0x1C, 0x00, 0xFE, 0x38, 0x00, 0x7E, 0x00, 0x70,
  0x00, 0x00, 0x00, 0x00, 0x00, 0x00, 0x00, 0x1E, 0x03, 0xFF, 0x38, 0x00,
  0x7E, 0x00, 0x70, 0x00, 0x00, 0x00, 0x00, 0x00, 0x00, 0x00, 0x1E, 0x07,
  0xFF, 0xFC, 0x00, 0x7E, 0x00, 0x78, 0x00, 0x00, 0x00, 0x00, 0x00, 0x00,
  0x00, 0x0E, 0x00, 0x7F, 0x9E, 0x00, 0x1E, 0x00, 0x38, 0x00, 0x00, 0x00,
  0x00, 0x00, 0x00, 0x00, 0x0F, 0x00, 0x39, 0xCE, 0x00, 0x1E, 0x00, 0x38,
  0x00, 0x00, 0x00, 0x00, 0x00, 0x00, 0x00, 0x0F, 0x80, 0x79, 0xFF, 0x00,
  0x1F, 0x81, 0xB8, 0x00, 0x00, 0x00, 0x00, 0x00, 0x00, 0x00, 0x07, 0xF3,
  0xF1, 0xFF, 0xC6, 0xFF, 0xDD, 0xF8, 0x00, 0x00, 0x00, 0x00, 0x00, 0x00,
  0x00, 0x03, 0xFF, 0xE0, 0xFF, 0xFF, 0xFB, 0xFF, 0xF0, 0x00, 0x00, 0x00,
  0x00, 0x00, 0x00, 0x00, 0x03, 0xFF, 0xE0, 0x01, 0xFF, 0xFB, 0xFF, 0xF0,
  0x00, 0x00, 0x00, 0x00, 0x00, 0x00, 0x00, 0x00, 0x7F, 0x80, 0x00, 0xFF,
  0xE0, 0xFF, 0x80, 0x00, 0x00, 0x00, 0x00, 0x00, 0x00, 0x00, 0x00, 0x00,
  0x00, 0x00, 0x00, 0x00, 0x00, 0x00, 0x00, 0x00, 0x00, 0x00, 0x00, 0x00,
  0x00, 0x00, 0x00, 0x00, 0x00, 0x00, 0x00, 0x00, 0x00, 0x00, 0x00, 0x00,
};

const uint8_t CAT_IDLE_SPARKLE_BITMAP[] BITMAP_PROGMEM = {
  0x00, 0x00, 0x00, 0x00, 0x00, 0x00, 0x00, 0x00, 0x00, 0x00, 0x00, 0x00,
  0x00, 0x00, 0x00, 0x00, 0x00, 0x00, 0x00, 0x00, 0x00, 0x00, 0x00, 0x00,
  0x00, 0x00, 0x00, 0x00, 0x00, 0x00, 0x00, 0x00, 0x00, 0x00, 0x00, 0x00,
  0x00, 0x00, 0x00, 0x00, 0x00, 0x00, 0x00, 0x00, 0x00, 0x00, 0x00, 0x00,
  0x00, 0x00, 0x00, 0x00, 0x00, 0x00, 0x00, 0x00, 0x00, 0x00, 0x00, 0x00,
  0x00, 0x00, 0x00, 0x00, 0x00, 0x00, 0x00, 0x00, 0x00, 0x00, 0x00, 0x00,
  0x00, 0x00, 0x00, 0x00, 0x00, 0x00, 0x00, 0x00, 0x00, 0x00, 0x00, 0x00,
  0x00, 0x00, 0x00, 0x00, 0x00, 0x00, 0x00, 0x00, 0x00, 0x00, 0x00, 0x00,
  0x00, 0x00, 0x00, 0x00, 0x00, 0x00, 0x00, 0x00, 0x00, 0x00, 0x00, 0x00,
  0x00, 0x00, 0x00, 0x00, 0x00, 0x00, 0x00, 0x00, 0x00, 0x00, 0x00, 0x00,
  0x00, 0x00, 0x00, 0x00, 0x00, 0x00, 0x00, 0x00, 0x00, 0x00, 0x00, 0x3F,
  0x80, 0x00, 0x00, 0x00, 0x00, 0x00, 0x3F, 0xC0, 0x00, 0x00, 0x00, 0x00,
  0x00, 0x01, 0xFF, 0x80, 0x00, 0x00, 0x00, 0x00, 0x00, 0x7F, 0xFC, 0x00,
  0x00, 0x00, 0x00, 0x00, 0x0F, 0xF3, 0xC0, 0x00, 0x00, 0x00, 0x00, 0x00,
  0x7F, 0xFF, 0xC0, 0x00, 0x00, 0x00, 0x00, 0x3F, 0xA1, 0xC0, 0x00, 0x00,
  0x00, 0x00, 0x00, 0x70, 0xFF, 0xC0, 0x00, 0x00, 0x00, 0x00, 0xFF, 0x01,
  0xC0, 0x00, 0x00, 0x00, 0x00, 0x00, 0xF0, 0x07, 0xF8, 0x00, 0x00, 0x00,
  0x03, 0xFC, 0x11, 0xC0, 0x00, 0x00, 0x00, 0x00, 0x00, 0xF0, 0x00, 0xF8,
  0x00, 0x00, 0x00, 0x07, 0xE0, 0x19, 0xC0, 0x00, 0x00, 0x00, 0x00, 0x00,
  0xE3, 0x00, 0xFE, 0x00, 0x00, 0x00, 0x0F, 0xC0, 0x39, 0xC0, 0x00, 0x00,
  0x00, 0x00, 0x00, 0xE3, 0x80, 0x1F, 0x00, 0x00, 0x00, 0x1F, 0x00, 0x79,
  0xE0, 0x00, 0x00, 0x00, 0x00, 0x00, 0xE3, 0xC0, 0x0F, 0x80, 0x00, 0x00,
  0x3E, 0x08, 0xE1, 0xE0, 0x00, 0x00, 0x00, 0x00, 0x00, 0xE1, 0xC0, 0x07,
  0x80, 0x00, 0x00, 0x38, 0x0D, 0xE0, 0xE0, 0x00, 0x00, 0x00, 0x00, 0x00,
  0xE0, 0xE3, 0x83, 0xC0, 0x00, 0x00, 0x78, 0x1D, 0xC0, 0x60, 0x00, 0x00,
  0x00, 0x00, 0x01, 0xE0, 0x73, 0x83, 0xC0, 0x00, 0x00, 0xF0, 0x1F, 0xF8,
  0xE0, 0x00, 0x00, 0x00, 0x00, 0x01, 0xC0, 0x73, 0x81, 0xC0, 0x00, 0x00,
  0xF0, 0x1F, 0xF8, 0xE0, 0x00, 0x00, 0x00, 0x00, 0x01, 0xC3, 0x3F, 0x81,
  0xE0, 0x00, 0x01, 0xF0, 0x0F, 0xE0, 0xE0, 0x00, 0x00, 0x00, 0x00, 0x01,
  0xC7, 0xFF, 0x80, 0xF0, 0x00, 0x01, 0xE0, 0x0F, 0x80, 0xE0, 0x00, 0x00,
  0x00, 0x00, 0x01, 0xC3, 0xFF, 0x0C, 0x70, 0xFF, 0xE1, 0xE6, 0x1E, 0x00,
  0xE0, 0x00, 0x00, 0x00, 0x00, 0x01, 0xC0, 0x7F, 0x0C, 0xFF, 0xFF, 0xFF,
  0xEE, 0x1C, 0x00, 0x60, 0x00, 0x00, 0x00, 0x00, 0x01, 0xC0, 0x7F, 0x1C,
  0x7F, 0xFF, 0xFF, 0xE7, 0x3C, 0x79, 0xE0, 0x00, 0x00, 0x00, 0x00, 0x01,
  0xC0, 0x07, 0x1C, 0x7F, 0xC0, 0x1F, 0xE3, 0xBF, 0xF9, 0xE0, 0x00, 0x00,
  0x00, 0x00, 0x01, 0xE0, 0x03, 0x18, 0x7C, 0x00, 0x01, 0xE3, 0xFF, 0xE1,
  0xC0, 0x00, 0x00, 0x00, 0x00, 0x01, 0xE3, 0xE3, 0xB8, 0x70, 0x00, 0x00,
  0x41, 0xFF, 0xC1, 0xC0, 0x00, 0x00, 0x00, 0x00, 0x00, 0xE3, 0xFF, 0xF8,
  0x00, 0x00, 0x00, 0x01, 0xE0, 0x03, 0xC0, 0x00, 0x00, 0x00, 0x00, 0x00,
  0xE0, 0x7F, 0xF0, 0x00, 0x00, 0x00, 0x00, 0xC0, 0x03, 0xC0, 0x00, 0x00,
  0x00, 0x00, 0x00, 0xE0, 0x00, 0xF0, 0x00, 0x00, 0x00, 0x00, 0x00, 0x07,
  0x80, 0x00, 0x00, 0x00, 0x00, 0x00, 0xF0, 0x00, 0x60, 0x00, 0x00, 0x00,
  0x00, 0x00, 0x0F, 0x80, 0x00, 0x00, 0x00, 0x00, 0x00, 0x70, 0x00, 0x00,
  0x00, 0x00, 0x00, 0x00, 0x07, 0xDF, 0x00, 0x00, 0x00, 0x00, 0x00, 0x00,
  0x70, 0x00, 0x00, 0x00, 0x00, 0x00, 0x00, 0x07, 0xFE, 0x00, 0x00, 0x00,
  0x00, 0x00, 0x00, 0x39, 0xC0, 0x00, 0x00, 0x00, 0x00, 0x00, 0x03, 0xFC,
  0x00, 0x00, 0x00, 0x00, 0x00, 0x00, 0x3D, 0xF8, 0x00, 0x00, 0x00, 0x00,
  0x00, 0x03, 0xFC, 0x00, 0x00, 0x00, 0x00, 0x00, 0x00, 0x1E, 0xF8, 0x00,
  0x00, 0x00, 0x00, 0x00, 0x01, 0xF0, 0x00, 0x00, 0x00, 0x00, 0x00, 0x00,
  0x0F, 0x70, 0x00, 0x00, 0x00, 0x00, 0x00, 0x00, 0xF0, 0x00, 0x00, 0x00,
  0x00, 0x18, 0x00, 0x0F, 0xF0, 0x00, 0x00, 0x00, 0x00, 0x00, 0x00, 0xF8,
  0x00, 0x00, 0x00, 0x00, 0x18, 0x00, 0x07, 0xE0, 0x00, 0x00, 0x00, 0x00,
  0x00, 0x00, 0x78, 0x00, 0x00, 0x00, 0x00, 0x1C, 0x00, 0x01, 0xC0, 0x00,
  0x00, 0x00, 0x00, 0x00, 0x00, 0x38, 0x00, 0x00, 0x00, 0x00, 0x1E, 0x00,
  0x03, 0xC0, 0x00, 0x00, 0x00, 0x00, 0x1E, 0x00, 0x3C, 0x00, 0x00, 0x00,
  0x00, 0x3F, 0x00, 0x07, 0x80, 0x00, 0x00, 0x00, 0x00, 0x1C, 0x00, 0x1C,
  0x00, 0x00, 0x00, 0x00, 0x77, 0x00, 0x07, 0x00, 0x00, 0x80, 0x00, 0x00,
  0x00, 0x00, 0x1E, 0x00, 0x00, 0x00, 0x01, 0xE3, 0xC0, 0x0F, 0x00, 0x01,
  0xE0, 0x00, 0x00, 0x00, 0x00, 0x0E, 0x00, 0x00, 0x00, 0x01, 0xF7, 0xC0,
  0x0F, 0x00, 0x01, 0xE0, 0x00, 0x00, 0x07, 0xE0, 0x06, 0x00, 0x00, 0x00,
  0x00, 0x7F, 0x00, 0x0E, 0x00, 0x00, 0x00, 0x00, 0x00, 0x1F, 0xF8, 0x06,
  0x00, 0x00, 0x00, 0x00, 0x3E, 0x00, 0x0E, 0x00, 0x00, 0x00, 0x00, 0x00,
  0x3F, 0xFC, 0x07, 0x80, 0x00, 0x00, 0x00, 0x1C, 0x00, 0x1E, 0x00, 0x00,
  0x00, 0x00, 0x00, 0x3F, 0xFE, 0x03, 0x80, 0x00, 0x00, 0x00, 0x18, 0x00,
  0x1E, 0x00, 0x07, 0xE0, 0x00, 0x00, 0x79, 0xFF, 0x03, 0x80, 0x00, 0x00,
  0x00, 0x18, 0x00, 0x1C, 0x00, 0x1F, 0xF8, 0x00, 0x00, 0x70, 0xFF, 0x83,
  0x80, 0x00, 0x00, 0x00, 0x18, 0x00, 0x1C, 0x00, 0x3F, 0xFC, 0x00, 0x00,
  0x70, 0xFF, 0x83, 0x80, 0x00, 0x00, 0x00, 0x08, 0x00, 0x1C, 0x00, 0x7F,
  0x7E, 0x00, 0x00, 0x79, 0xFF, 0x83, 0x80, 0x00, 0x00, 0x00, 0x00, 0x00,
  0x1C, 0x00, 0xFE, 0x3E, 0x00, 0x00, 0x7F, 0xFF, 0x83, 0x80, 0x00, 0x00,
  0x00, 0x00, 0x00, 0x1C, 0x00, 0xFC, 0x3E, 0x00, 0x00, 0x7F, 0xFF, 0x83,
  0x80, 0x00, 0x00, 0x00, 0x00, 0x00, 0x1C, 0x01, 0xFC, 0x3F, 0x00, 0x00,
  0x7F, 0xFF, 0x83, 0xC0, 0x00, 0x00, 0x00, 0x00, 0x00, 0x1E, 0x01, 0xDE,
  0x7F, 0x00, 0x00, 0x7F, 0xBB, 0x83, 0xE0, 0x00, 0x00, 0x00, 0x00, 0x00,
  0x0E, 0x01, 0xDF, 0xFF, 0x01, 0xE0, 0x3F, 0x7B, 0x81, 0xE0, 0x00, 0x00,
  0x00, 0x00, 0x00, 0x0E, 0x01, 0xDF, 0xFF, 0x03, 0xF0, 0x3F, 0xFB, 0x03,
  0xC0, 0x30, 0x00, 0x00, 0x00, 0x00, 0x0E, 0x01, 0xDF, 0xFF, 0x01, 0xE0,
  0x1F, 0xF0, 0x03, 0x80, 0x30, 0x00, 0x00, 0x00, 0x00, 0x0F, 0x01, 0x9F,
  0xFF, 0x01, 0xE3, 0x1F, 0xE0, 0x03, 0x80, 0x70, 0x00, 0x00, 0x00, 0x00,
  0x1F, 0x01, 0xCF, 0xCF, 0x10, 0xE7, 0x07, 0xC0, 0xFF, 0xC0, 0xFC, 0x00,
  0x00, 0x00, 0x00, 0x1E, 0x00, 0xCF, 0xDE, 0x39, 0xFE, 0x00, 0x01, 0xFF,
  0xC0, 0xFC, 0x00, 0x00, 0x00, 0x00, 0x7C, 0x00, 0xE7, 0xFE, 0x3F, 0xFE,
  0x00, 0x00, 0x8F, 0xE3, 0xCF, 0x00, 0x00, 0x00, 0x00, 0x7E, 0x00, 0x63,
  0xFC, 0x1F, 0xB8, 0x00, 0x01, 0xEE, 0xE3, 0xDF, 0x00, 0x00, 0x00, 0x00,
  0x3F, 0x00, 0x01, 0xF0, 0x06, 0x18, 0x00, 0x01, 0xFE, 0x00, 0xFC, 0x00,
  0x00, 0x00, 0x00, 0x1F, 0x00, 0x00, 0x00, 0x06, 0x18, 0x00, 0x00, 0x3C,
  0x00, 0x78, 0x00, 0x00, 0x00, 0x00, 0x0F, 0x07, 0xC0, 0x00, 0x07, 0x38,
  0x00, 0x00, 0xFC, 0x00, 0x30, 0x00, 0x00, 0x00, 0x00, 0x0F, 0x9F, 0xC0,
  0x00, 0x03, 0xF8, 0x00, 0x01, 0xF8, 0x00, 0x30, 0x00, 0x00, 0x00, 0x00,
  0x0F, 0xFE, 0x00, 0x00, 0x01, 0xF0, 0x00, 0x03, 0xE0, 0x00, 0x00, 0x00,
  0x00, 0x00, 0x1F, 0xFF, 0xEC, 0xE0, 0x00, 0x01, 0xE0, 0x00, 0x0F, 0xC0,
  0x00, 0x00, 0x00, 0x00, 0x00, 0xFF, 0xFF, 0xF3, 0xE0, 0x00, 0x00, 0x00,
  0x00, 0x3F, 0x80, 0x00, 0x00, 0x00, 0x00, 0x01, 0xF8, 0x3F, 0xFF, 0x80,
  0x00, 0x00, 0x00, 0x00, 0xFE, 0x00, 0x00, 0x00, 0x00, 0x00, 0x03, 0xF0,
  0x0F, 0xBF, 0x00, 0x00, 0x00, 0x00, 0x07, 0xF8, 0x00, 0x00, 0x00, 0x00,
  0x00, 0x07, 0xC0, 0x07, 0xBF, 0x80, 0x00, 0x00, 0x00, 0x0F, 0xF8, 0x00,
  0x00, 0x00, 0x00, 0x00, 0x1F, 0x00, 0x03, 0xCF, 0xF0, 0x00, 0x00, 0x00,
  0x0F, 0x3C, 0x00, 0x00, 0x00, 0x00, 0x00, 0x1E, 0x07, 0xE1, 0xC3, 0xFF,
  0x00, 0x00, 0x00, 0x00, 0x3C, 0x00, 0x00, 0x00, 0x00, 0x00, 0x1C, 0x1F,
  0xF1, 0xC0, 0xFF, 0xBE, 0x00, 0x00, 0x00, 0x1C, 0x00, 0x00, 0x00, 0x00,
  0x00, 0x3C, 0x3F, 0xF9, 0xC0, 0xFF, 0xFF, 0xC0, 0x00, 0x00, 0x1C, 0x00,
  0x00, 0x00, 0x00, 0x00, 0x3C, 0x7C, 0x3F, 0xC1, 0xE3, 0xFF, 0xC0, 0x00,
  0x00, 0x7C, 0x00, 0x00, 0x00, 0x00, 0x00, 0x38, 0x78, 0x1F, 0xC3, 0xC0,
  0x0E, 0x00, 0x00, 0x00, 0xFC, 0x00, 0x60, 0x00, 0x00, 0x00, 0x78, 0xE1,
  0xFF, 0xC7, 0x80, 0x1C, 0x00, 0x00, 0x00, 0x70, 0x00, 0x60, 0x00, 0x00,
  0x00, 0x78, 0xE3, 0xFF, 0xC7, 0x00, 0x3C, 0x00, 0x00, 0x00, 0x70, 0x00,
  0x60, 0x00, 0x00, 0x00, 0x71, 0xE7, 0xFF, 0xDF, 0x00, 0x3F, 0xF0, 0x00,
  0x00, 0xF0, 0x00, 0xF8, 0x00, 0x00, 0x00, 0x61, 0xC7, 0xFB, 0xDE, 0x00,
  0x0F, 0xFC, 0x00, 0x00, 0xF0, 0x03, 0xFC, 0x00, 0x00, 0x00, 0x71, 0xC6,
  0xF3, 0x9C, 0x00, 0x00, 0x7E, 0x00, 0x00, 0xF0, 0x03, 0xDE, 0x00, 0x00,
  0x00, 0x61, 0xC6, 0x77, 0xBC, 0x00, 0x00, 0x0F, 0x80, 0x03, 0xF0, 0x03,
  0xFC, 0x00, 0x00, 0x00, 0x71, 0xC7, 0x0F, 0x38, 0x00, 0x00, 0x0F, 0xC0,
  0x03, 0xF0, 0x00, 0xF0, 0x00, 0x00, 0x00, 0x61, 0xE7, 0xFE, 0x70, 0x00,
  0x00, 0x01, 0xE0, 0x07, 0xF0, 0x00, 0x60, 0x00, 0x00, 0x00, 0x70, 0xE3,
  0xFC, 0x70, 0x00, 0x00, 0x00, 0xF0, 0x0F, 0x70, 0x00, 0x60, 0x00, 0x00,
  0x00, 0x78, 0xE3, 0xF8, 0x70, 0x00, 0x00, 0x00, 0x60, 0x1E, 0x70, 0x00,
  0x20, 0x00, 0x00, 0x00, 0x78, 0xF8, 0xE1, 0xF0, 0x00, 0x00, 0x00, 0x00,
  0x3C, 0x70, 0x00, 0x00, 0x00, 0x00, 0x00, 0x38, 0x3E, 0x0F, 0xE0, 0x00,
  0x00, 0x00, 0x00, 0x38, 0x70, 0x00, 0x00, 0x00, 0x00, 0x00, 0x3C, 0x1F,
  0xFF, 0xE0, 0x00, 0x00, 0x00, 0x00, 0x70, 0x70, 0x00, 0x00, 0x00, 0x00,
  0x00, 0x3C, 0x0F, 0xFF, 0xE0, 0x00, 0x00, 0x00, 0x00, 0xF0, 0x70, 0x00,
  0x00, 0x00, 0x00, 0x00, 0x1E, 0x03, 0xF8, 0xE0, 0x00, 0x1C, 0x00, 0x01,
  0xE0, 0x70, 0x00, 0x00, 0x00, 0x00, 0x00, 0x1F, 0x00, 0x00, 0xE0, 0x00,
  0x1C, 0x00, 0x03, 0xC0, 0x70, 0x00, 0x00, 0x00, 0x00, 0x00, 0x0F, 0x80,
  0x00, 0xE0, 0x00, 0x1C, 0x00, 0x1F, 0x80, 0xF0, 0x00, 0x00, 0x00, 0x00,
  0x00, 0x07, 0xE0, 0x01, 0xE0, 0x00, 0x1E, 0x00, 0x1F, 0x00, 0xE0, 0x00,
  0x00, 0x00, 0x00, 0x00, 0x01, 0xFE, 0x0F, 0xE0, 0x00, 0x0E, 0x00, 0x1F,
  0x00, 0xE0, 0x00, 0x00, 0x00, 0x00, 0x00, 0x00, 0x7F, 0xFF, 0xE0, 0x00,
  0x0E, 0x00, 0x1F, 0x00, 0xE0, 0x00, 0x00, 0x00, 0x00, 0x00, 0x00, 0x07,
  0xFF, 0xE0, 0x01, 0x87, 0x00, 0x1F, 0x00, 0xE0, 0x00, 0x00, 0x00, 0x00,
  0x00, 0x00, 0x00, 0x00, 0xE0, 0x1F, 0xE7, 0x00, 0x1F, 0x00, 0xE0, 0x00,
  0x00, 0x00, 0x00, 0x00, 0x00, 0x00, 0x00, 0xF0, 0x3F, 0xFF, 0x80, 0x1F,
  0x00, 0xF0, 0x00, 0x00, 0x00, 0x00, 0x00, 0x00, 0x00, 0x00, 0x70, 0x3F,
  0xFF, 0x80, 0x1F, 0x00, 0x70, 0x00, 0x00, 0x00, 0x00, 0x00, 0x00, 0x00,
  0x00, 0x70, 0x03, 0x73, 0xC0, 0x0F, 0x00, 0x70, 0x00, 0x00, 0x00, 0x00,
  0x00, 0x00, 0x00, 0x00, 0x78, 0x07, 0x7F, 0xE0, 0x2F, 0x81, 0xF0, 0x00,
  0x00, 0x00, 0x00, 0x00, 0x00, 0x00, 0x00, 0x3E, 0x5F, 0x3F, 0xE1, 0x3F,
  0xC9, 0xF0, 0x00, 0x00, 0x00, 0x00, 0x00, 0x00, 0x00, 0x00, 0x1F, 0xFF,
  0x1F, 0xFF, 0xFF, 0xFF, 0xF0, 0x00, 0x00, 0x00, 0x00, 0x00, 0x00, 0x00,
  0x00, 0x0F, 0xFE, 0x0F, 0x7F, 0xFC, 0xFF, 0xE0, 0x00, 0x00, 0x00, 0x00,
  0x00, 0x00, 0x00, 0x00, 0x03, 0xF8, 0x00, 0x3F, 0xF0, 0x7F, 0x80, 0x00,
  0x00, 0x00, 0x00, 0x00, 0x00, 0x00, 0x00, 0x00, 0x00, 0x00, 0x00, 0x00,
  0x00, 0x00, 0x00, 0x00, 0x00, 0x00, 0x00, 0x00, 0x00, 0x00, 0x00, 0x00,
  0x00, 0x00, 0x00, 0x00, 0x00, 0x00, 0x00, 0x00, 0x00, 0x00, 0x00, 0x00,
  0x00, 0x00, 0x00, 0x00, 0x00, 0x00, 0x00, 0x00, 0x00, 0x00, 0x00, 0x00,
  0x00, 0x00, 0x00, 0x00, 0x00, 0x00, 0x00, 0x00, 0x00, 0x00, 0x00, 0x00,
  0x00, 0x00, 0x00, 0x00, 0x00, 0x00, 0x00, 0x00, 0x00, 0x00, 0x00, 0x00,
  0x00, 0x00, 0x00, 0x00, 0x00, 0x00, 0x00, 0x00, 0x00, 0x00, 0x00, 0x00,
  0x00, 0x00, 0x00, 0x00, 0x00, 0x00, 0x00, 0x00, 0x00, 0x00, 0x00, 0x00,
  0x00, 0x00, 0x00, 0x00, 0x00, 0x00, 0x00, 0x00, 0x00, 0x00, 0x00, 0x00,
};

const uint8_t CAT_IDLE_PERK_BITMAP[] BITMAP_PROGMEM = {
  0x00, 0x00, 0x00, 0x00, 0x00, 0x00, 0x00, 0x00, 0x00, 0x00, 0x00, 0x00,
  0x00, 0x00, 0x00, 0x00, 0x00, 0x00, 0x00, 0x00, 0x00, 0x00, 0x00, 0x00,
  0x00, 0x00, 0x00, 0x00, 0x00, 0x00, 0x00, 0x00, 0x00, 0x00, 0x00, 0x00,
  0x00, 0x00, 0x00, 0x00, 0x00, 0x00, 0x00, 0x00, 0x00, 0x00, 0x00, 0x03,
  0xFE, 0x00, 0x00, 0x00, 0x00, 0x00, 0x00, 0x00, 0x3F, 0x80, 0x00, 0x00,
  0x00, 0x00, 0x07, 0xFF, 0xE0, 0x00, 0x00, 0x00, 0x00, 0x00, 0x01, 0xFF,
  0x80, 0x00, 0x00, 0x00, 0x00, 0x07, 0xFF, 0xFC, 0x00, 0x00, 0x00, 0x00,
  0x00, 0x0F, 0xFF, 0x80, 0x00, 0x00, 0x00, 0x00, 0x07, 0x03, 0xFC, 0x00,
  0x00, 0x00, 0x00, 0x00, 0x3F, 0xE3, 0xC0, 0x00, 0x00, 0x00, 0x00, 0x0F,
  0x01, 0xFF, 0x00, 0x00, 0x00, 0x00, 0x00, 0x7F, 0xC3, 0xC0, 0x00, 0x00,
  0x00, 0x00, 0x0E, 0x00, 0x7F, 0x80, 0x00, 0x00, 0x00, 0x00, 0xFC, 0x00,
  0xC0, 0x00, 0x00, 0x00, 0x00, 0x0E, 0x30, 0x07, 0xE0, 0x00, 0x00, 0x00,
  0x03, 0xF0, 0x19, 0xC0, 0x00, 0x00, 0x00, 0x00, 0x0E, 0x38, 0x07, 0xF0,
  0x00, 0x00, 0x00, 0x07, 0xF0, 0x39, 0xC0, 0x00, 0x00, 0x00, 0x00, 0x0E,
  0x7C, 0x01, 0xF8, 0x00, 0x00, 0x00, 0x0F, 0x84, 0x79, 0xE0, 0x00, 0x00,
  0x00, 0x00, 0x3E, 0x1E, 0x00, 0x7C, 0x00, 0x00, 0x00, 0x0F, 0x06, 0xE1,
  0xF0, 0x00, 0x00, 0x00, 0x00, 0x3C, 0x0F, 0x30, 0x3E, 0x00, 0x00, 0x00,
  0x1E, 0x0D, 0xE0, 0xF0, 0x00, 0x00, 0x00, 0x00, 0x3C, 0x07, 0xB0, 0x1E,
  0x00, 0x00, 0x00, 0x3C, 0x0D, 0xD0, 0x70, 0x00, 0x00, 0x00, 0x00, 0x3C,
  0x03, 0xB8, 0x1F, 0x00, 0x00, 0x00, 0x7C, 0x0F, 0xF8, 0x70, 0x00, 0x00,
  0x00, 0x00, 0x3C, 0x03, 0xF8, 0x0F, 0x00, 0x00, 0x00, 0x7C, 0x0F, 0xF0,
  0x70, 0x00, 0x00, 0x00, 0x00, 0x3C, 0x01, 0xF8, 0x07, 0x00, 0x00, 0x00,
  0xF8, 0x07, 0xE0, 0x70, 0x00, 0x00, 0x00, 0x00, 0x3C, 0x3C, 0xF8, 0x07,
  0x80, 0x00, 0x00, 0xF0, 0x07, 0x00, 0x70, 0x00, 0x00, 0x00, 0x00, 0x3C,
  0x3F, 0xF8, 0x07, 0xC0, 0xFF, 0xE0, 0xF3, 0x0F, 0x00, 0x70, 0x00, 0x00,
  0x00, 0x00, 0x3C, 0x1F, 0xF0, 0x61, 0xCF, 0xFF, 0xFE, 0xF3, 0x8E, 0x10,
  0x70, 0x00, 0x00, 0x00, 0x00, 0x3C, 0x03, 0xF8, 0xE1, 0xFF, 0xFF, 0xFF,
  0xF3, 0xDC, 0x78, 0x70, 0x00, 0x00, 0x00, 0x00, 0x1E, 0x00, 0x7C, 0xE1,
  0xFF, 0xC0, 0x7F, 0xF3, 0xFF, 0xF8, 0x70, 0x00, 0x00, 0x00, 0x00, 0x0E,
  0x1E, 0x3D, 0xE1, 0xFC, 0x00, 0x03, 0xF9, 0xFF, 0xE0, 0xF0, 0x00, 0x00,
  0x00, 0x00, 0x0E, 0x1F, 0xFF, 0xC1, 0xC0, 0x00, 0x00, 0x78, 0xFF, 0xC1,
  0xF0, 0x00, 0x00, 0x00, 0x00, 0x0E, 0x1F, 0xFF, 0xC1, 0xC0, 0x00, 0x00,
  0x30, 0xF0, 0x01, 0xF0, 0x00, 0x00, 0x00, 0x00, 0x0E, 0x07, 0xFF, 0x80,
  0x00, 0x00, 0x00, 0x00, 0xE0, 0x01, 0xC0, 0x00, 0x00, 0x00, 0x00, 0x0F,
  0x00, 0x03, 0x80, 0x00, 0x00, 0x00, 0x00, 0x00, 0x01, 0xE0, 0x00, 0x00,
  0x00, 0x00, 0x0F, 0x00, 0x03, 0x80, 0x00, 0x00, 0x00, 0x00, 0x00, 0x03,
  0xC0, 0x18, 0x00, 0x00, 0x40, 0x07, 0x00, 0x00, 0x00, 0x00, 0x00, 0x00,
  0x00, 0x02, 0x03, 0x80, 0x18, 0x00, 0x00, 0xE0, 0x07, 0x00, 0x00, 0x00,
  0x00, 0x00, 0x00, 0x00, 0x03, 0xF7, 0x80, 0x3C, 0x00, 0x00, 0xF0, 0x07,
  0x80, 0x00, 0x00, 0x00, 0x00, 0x00, 0x00, 0x03, 0xFF, 0x80, 0x7C, 0x00,
  0x00, 0xF8, 0x07, 0x8C, 0x00, 0x00, 0x00, 0x00, 0x00, 0x00, 0x01, 0xFF,
  0x00, 0xF0, 0x00, 0x00, 0x3E, 0x03, 0xCF, 0xC0, 0x00, 0x00, 0x00, 0x00,
  0x00, 0x01, 0xFE, 0x00, 0xF0, 0x00, 0x00, 0x1E, 0x01, 0xEF, 0xC0, 0x00,
  0x00, 0x00, 0x00, 0x00, 0x00, 0xFC, 0x03, 0xE0, 0x00, 0x00, 0x1F, 0x00,
  0xF7, 0xC0, 0x00, 0x00, 0x00, 0x00, 0x00, 0x00, 0x78, 0x03, 0xC0, 0x00,
  0x00, 0x0F, 0x00, 0xFF, 0x80, 0x00, 0x00, 0x00, 0x00, 0x00, 0x00, 0x38,
  0x01, 0x00, 0x00, 0x00, 0x03, 0x00, 0x7F, 0x00, 0x00, 0x00, 0x00, 0x00,
  0x00, 0x00, 0x3C, 0x00, 0x03, 0x00, 0x00, 0x00, 0x00, 0x3E, 0x00, 0x00,
  0x00, 0x00, 0x00, 0x0E, 0x00, 0x1E, 0x00, 0x0F, 0x00, 0x01, 0x80, 0x00,
  0x3C, 0x00, 0x00, 0x00, 0x00, 0x00, 0x1E, 0x00, 0x1C, 0x00, 0x1F, 0x00,
  0x01, 0xF0, 0x00, 0x38, 0x00, 0x00, 0x00, 0x00, 0x00, 0x1E, 0x00, 0x1E,
  0x00, 0x7E, 0x00, 0x01, 0xFC, 0x00, 0x38, 0x00, 0x01, 0x80, 0x00, 0x00,
  0x00, 0x00, 0x0E, 0x00, 0x78, 0x00, 0x01, 0xFE, 0x00, 0x70, 0x00, 0x03,
  0xC0, 0x00, 0x00, 0x00, 0x00, 0x0F, 0x00, 0x30, 0x00, 0x00, 0x3E, 0x00,
  0x70, 0x00, 0x03, 0xC0, 0x00, 0x00, 0x03, 0xF8, 0x07, 0x00, 0x00, 0x00,
  0x00, 0x00, 0x00, 0x70, 0x00, 0x00, 0x00, 0x00, 0x00, 0x07, 0xF8, 0x07,
  0x00, 0x00, 0x00, 0x00, 0x00, 0x00, 0xF0, 0x00, 0x00, 0x00, 0x00, 0x00,
  0x0F, 0xFE, 0x07, 0x80, 0x00, 0x00, 0x00, 0x00, 0x00, 0xF0, 0x00, 0x00,
  0x00, 0x00, 0x00, 0x1F, 0xFF, 0x03, 0x80, 0x00, 0x00, 0x00, 0x00, 0x00,
  0xE0, 0x00, 0x0F, 0xC0, 0x00, 0x00, 0x3C, 0x7F, 0x03, 0x80, 0x00, 0x00,
  0x00, 0x00, 0x00, 0xE0, 0x00, 0x3F, 0xF0, 0x00, 0x00, 0x7C, 0x7F, 0x83,
  0x80, 0x00, 0x00, 0x00, 0x00, 0x00, 0xE0, 0x00, 0x7F, 0xF8, 0x00, 0x00,
  0x78, 0x7F, 0xC3, 0x80, 0x00, 0x00, 0x00, 0x00, 0x00, 0xE0, 0x00, 0xFC,
  0xFC, 0x00, 0x00, 0x78, 0x7F, 0xC3, 0x80, 0x00, 0x00, 0x00, 0x00, 0x00,
  0xE0, 0x01, 0xFC, 0x7E, 0x00, 0x00, 0x7C, 0xFF, 0xC3, 0x80, 0x00, 0x00,
  0x00, 0x00, 0x00, 0xE0, 0x01, 0xF8, 0x3E, 0x00, 0x00, 0x7F, 0xFE, 0xC3,
  0x80, 0x00, 0x00, 0x00, 0x00, 0x00, 0xE0, 0x01, 0xF8, 0x7F, 0x00, 0x00,
  0x7F, 0xFE, 0xC3, 0xC0, 0x00, 0x00, 0x00, 0x00, 0x00, 0xE0, 0x03, 0xFC,
  0xFF, 0x00, 0x00, 0x7F, 0xFE, 0xC3, 0xE0, 0x00, 0x00, 0x00, 0x00, 0x00,
  0xF0, 0x03, 0xFF, 0xFF, 0x00, 0x00, 0x7F, 0xDE, 0xC0, 0xF0, 0x00, 0x00,
  0x00, 0x00, 0x00, 0x70, 0x03, 0x7F, 0xFF, 0x00, 0xE0, 0x3F, 0x9D, 0xC0,
  0xF0, 0x00, 0x00, 0x00, 0x00, 0x00, 0xF0, 0x03, 0x7F, 0xFF, 0x01, 0xF0,
  0x1F, 0xBD, 0x81, 0xF0, 0x00, 0x00, 0x00, 0x00, 0x01, 0xF0, 0x03, 0x7F,
  0xEF, 0x01, 0xF0, 0x1F, 0xF9, 0x83, 0xE0, 0x00, 0x00, 0x00, 0x00, 0x01,
  0xC0, 0x07, 0xBF, 0x8E, 0x01, 0xE0, 0x0F, 0xF0, 0x03, 0x80, 0x00, 0x00,
  0x00, 0x00, 0x01, 0x80, 0x03, 0xBF, 0x9E, 0x00, 0xE3, 0x07, 0xF0, 0x3B,
  0x80, 0x00, 0x00, 0x00, 0x00, 0x07, 0xF0, 0x01, 0xDF, 0xFC, 0x30, 0xE7,
  0x00, 0x00, 0xFF, 0xC0, 0x00, 0x00, 0x00, 0x00, 0x07, 0xFC, 0x01, 0xCF,
  0xF8, 0x39, 0xFE, 0x00, 0x00, 0xFF, 0xE0, 0x00, 0x00, 0x00, 0x00, 0x07,
  0xF8, 0x00, 0xC7, 0xF0, 0x1F, 0xFE, 0x00, 0x00, 0x47, 0xF0, 0x00, 0x00,
  0x00, 0x00, 0x00, 0xF8, 0x00, 0x03, 0xE0, 0x1F, 0x38, 0x00, 0x00, 0xFE,
  0x70, 0x00, 0x00, 0x00, 0x00, 0x00, 0x70, 0x00, 0x00, 0x00, 0x06, 0x1C,
  0x00, 0x00, 0x7E, 0x00, 0x00, 0x00, 0x00, 0x00, 0x00, 0xF0, 0x07, 0x80,
  0x00, 0x06, 0x1C, 0x00, 0x00, 0x3E, 0x00, 0x00, 0x00, 0x00, 0x00, 0x00,
  0xFE, 0x1F, 0x80, 0x00, 0x07, 0x38, 0x00, 0x00, 0x7C, 0x00, 0x00, 0x00,
  0x00, 0x00, 0x00, 0xFF, 0x3C, 0x00, 0x00, 0x07, 0x38, 0x00, 0x00, 0xF8,
  0x00, 0x00, 0x00, 0x00, 0x00, 0x00, 0x1F, 0xD9, 0xC0, 0x00, 0x03, 0xF0,
  0x00, 0x01, 0xF0, 0x00, 0x00, 0x00, 0x00, 0x00, 0x00, 0x07, 0xE3, 0xC0,
  0x00, 0x03, 0xF0, 0x00, 0x07, 0xE0, 0x00, 0x00, 0x00, 0x00, 0x00, 0x00,
  0x03, 0xF7, 0x00, 0x00, 0x00, 0x00, 0x00, 0x0F, 0x80, 0x00, 0x00, 0x00,
  0x00, 0x00, 0x00, 0x01, 0xFF, 0x00, 0x00, 0x00, 0x00, 0x00, 0xFF, 0x00,
  0x00, 0x00, 0x00, 0x00, 0x00, 0x00, 0x00, 0x7F, 0xC0, 0x00, 0x00, 0x00,
  0x07, 0xFC, 0x00, 0x00, 0x00, 0x00, 0x00, 0x00, 0x00, 0x00, 0x1F, 0xC0,
  0x00, 0x00, 0x00, 0x07, 0xF8, 0x00, 0x00, 0x00, 0x00, 0x00, 0x00, 0x0F,
  0xFC, 0x0F, 0xFE, 0x00, 0x00, 0x00, 0x1F, 0xC0, 0x00, 0x00, 0x00, 0x00,
  0x00, 0x00, 0x3F, 0xFF, 0x80, 0xFF, 0xFC, 0x00, 0x00, 0x01, 0xE0, 0x00,
  0x00, 0x00, 0x00, 0x00, 0x00, 0x7F, 0xFF, 0x80, 0x3F, 0xFC, 0x00, 0x00,
  0x01, 0xE0, 0x00, 0x00, 0x00, 0x00, 0x00, 0x01, 0xFC, 0x0F, 0xE0, 0x7F,
  0xFC, 0x00, 0x00, 0x00, 0xF0, 0x00, 0x00, 0x00, 0x00, 0x00, 0x03, 0xF0,
  0x03, 0xF0, 0x78, 0xF0, 0x00, 0x00, 0x00, 0x70, 0x00, 0x00, 0x00, 0x00,
  0x00, 0x03, 0xC0, 0x00, 0xF0, 0xF0, 0xE0, 0x00, 0x00, 0x00, 0x70, 0x00,
  0x00, 0x00, 0x00, 0x00, 0x0F, 0x81, 0xF8, 0x70, 0xE0, 0xF8, 0x00, 0x00,
  0x03, 0xF0, 0x00, 0x00, 0x00, 0x00, 0x00, 0x0F, 0x07, 0xFE, 0x79, 0xC0,
  0xFF, 0x00, 0x00, 0x03, 0xF0, 0x00, 0x00, 0x00, 0x00, 0x00, 0x1E, 0x0F,
  0xFE, 0x39, 0xC0, 0x3F, 0x80, 0x00, 0x01, 0xC0, 0x00, 0x00, 0x00, 0x00,
  0x00, 0x1E, 0x0F, 0x0F, 0x3B, 0xC0, 0x07, 0x80, 0x00, 0x01, 0xC0, 0x00,
  0x00, 0x00, 0x00, 0x00, 0x1C, 0x3E, 0x0F, 0x3B, 0x80, 0x07, 0xE0, 0x00,
  0x01, 0xC0, 0x00, 0x00, 0x00, 0x00, 0x00, 0x1C, 0x3C, 0xF7, 0x3F, 0x00,
  0x01, 0xF8, 0x00, 0x0F, 0xC0, 0x00, 0x00, 0x00, 0x00, 0x00, 0x3C, 0x38,
  0xFF, 0x3F, 0x00, 0x00, 0x78, 0x00, 0x0F, 0xC0, 0x00, 0x00, 0x00, 0x00,
  0x00, 0x38, 0x71, 0xFF, 0xFE, 0x00, 0x00, 0x1C, 0x00, 0x0F, 0xC0, 0x00,
  0x00, 0x00, 0x00, 0x00, 0x38, 0xE3, 0xFF, 0x7E, 0x00, 0x00, 0x1E, 0x00,
  0x1F, 0xC0, 0x00, 0x00, 0x00, 0x00, 0x00, 0x30, 0xF3, 0xBE, 0xFE, 0x00,
  0x00, 0x0F, 0x00, 0x3F, 0xC0, 0x00, 0x00, 0x00, 0x00, 0x00, 0x30, 0xF3,
  0x3D, 0xEC, 0x00, 0x00, 0x07, 0x00, 0x7B, 0xC0, 0x00, 0x00, 0x00, 0x00,
  0x00, 0x30, 0xE3, 0xB3, 0xFC, 0x00, 0x00, 0x03, 0x00, 0xF1, 0xC0, 0x00,
  0x00, 0x00, 0x00, 0x00, 0x38, 0xF3, 0xC7, 0xDC, 0x00, 0x00, 0x00, 0x03,
  0xE1, 0xC0, 0x00, 0x00, 0x00, 0x00, 0x00, 0x38, 0x7B, 0xFF, 0xBC, 0x00,
  0x00, 0x00, 0x03, 0xE1, 0xC0, 0x00, 0x00, 0x00, 0x00, 0x00, 0x3C, 0x79,
  0xFF, 0x3C, 0x00, 0x00, 0x00, 0x0F, 0x81, 0xC0, 0x00, 0x00, 0x00, 0x00,
  0x00, 0x3C, 0x3C, 0xFE, 0x78, 0x00, 0x00, 0x00, 0x1F, 0x01, 0xC0, 0x00,
  0x00, 0x00, 0x00, 0x00, 0x1C, 0x1E, 0x00, 0x78, 0x00, 0x00, 0x00, 0x1E,
  0x03, 0xC0, 0x00, 0x00, 0x00, 0x00, 0x00, 0x1E, 0x1F, 0x83, 0xF8, 0x00,
  0xC0, 0x00, 0x18, 0x03, 0x80, 0x00, 0x00, 0x00, 0x00, 0x00, 0x1E, 0x07,
  0xFF, 0xF8, 0x00, 0xC0, 0x00, 0x00, 0x03, 0x80, 0x00, 0x00, 0x00, 0x00,
  0x00, 0x0F, 0x07, 0xFF, 0xF8, 0x00, 0xC0, 0x00, 0x18, 0x03, 0x80, 0x00,
  0x00, 0x00, 0x00, 0x00, 0x0F, 0x80, 0xFE, 0x38, 0x00, 0xE0, 0x00, 0x78,
  0x07, 0x80, 0x00, 0x00, 0x00, 0x00, 0x00, 0x03, 0xC0, 0x00, 0x38, 0x00,
  0x70, 0x00, 0xF0, 0x06, 0x00, 0x00, 0x00, 0x00, 0x00, 0x00, 0x03, 0xF0,
  0x00, 0x38, 0x00, 0x78, 0x01, 0xF0, 0x0E, 0x00, 0x00, 0x00, 0x00, 0x00,
  0x00, 0x01, 0xFF, 0x01, 0xF8, 0x00, 0x70, 0x01, 0xF0, 0x0E, 0x00, 0x00,
  0x00, 0x00, 0x00, 0x00, 0x00, 0x7F, 0xFF, 0xF8, 0x00, 0x38, 0x01, 0xE0,
  0x0E, 0x00, 0x00, 0x00, 0x00, 0x00, 0x00, 0x00, 0x3F, 0xFF, 0xF8, 0x00,
  0x38, 0x01, 0xE0, 0x0C, 0x00, 0x00, 0x00, 0x00, 0x00, 0x00, 0x00, 0x07,
  0xFF, 0xFC, 0x00, 0x1C, 0x01, 0xE0, 0x1C, 0x00, 0x00, 0x00, 0x00, 0x00,
  0x00, 0x00, 0x00, 0x00, 0x1C, 0x00, 0xFE, 0x01, 0xE0, 0x3C, 0x00, 0x00,
  0x00, 0x00, 0x00, 0x00, 0x00, 0x00, 0x00, 0x1C, 0x0F, 0xFE, 0x01, 0xF0,
  0x3C, 0x00, 0x00, 0x00, 0x00, 0x00, 0x00, 0x00, 0x00, 0x00, 0x1E, 0x0F,
  0xFE, 0x01, 0xF1, 0x9E, 0x00, 0x00, 0x00, 0x00, 0x00, 0x00, 0x00, 0x00,
  0x00, 0x0F, 0x01, 0xFF, 0x00, 0xF9, 0xFE, 0x00, 0x00, 0x00, 0x00, 0x00,
  0x00, 0x00, 0x00, 0x00, 0x07, 0x81, 0xC7, 0x80, 0x7F, 0xFE, 0x00, 0x00,
  0x00, 0x00, 0x00, 0x00, 0x00, 0x00, 0x00, 0x07, 0xDB, 0xC7, 0xDB, 0xFF,
  0xFC, 0x00, 0x00, 0x00, 0x00, 0x00, 0x00, 0x00, 0x00, 0x00, 0x01, 0xFF,
  0x83, 0xFF, 0xEF, 0xF8, 0x00, 0x00, 0x00, 0x00, 0x00, 0x00, 0x00, 0x00,
  0x00, 0x00, 0xFF, 0x81, 0xFF, 0xC0, 0x00, 0x00, 0x00, 0x00, 0x00, 0x00,
  0x00, 0x00, 0x00, 0x00, 0x00, 0x7E, 0x00, 0xFF, 0x80, 0x00, 0x00, 0x00,
  0x00, 0x00, 0x00, 0x00, 0x00, 0x00, 0x00, 0x00, 0x00, 0x00, 0x00, 0x00,
  0x00, 0x00, 0x00, 0x00, 0x00, 0x00, 0x00, 0x00, 0x00, 0x00, 0x00, 0x00,
  0x00, 0x00, 0x00, 0x00, 0x00, 0x00, 0x00, 0x00, 0x00, 0x00, 0x00, 0x00,
  0x00, 0x00, 0x00, 0x00, 0x00, 0x00, 0x00, 0x00, 0x00, 0x00, 0x00, 0x00,
};

const uint8_t DOG_IDLE_WINK_BITMAP[] BITMAP_PROGMEM = {
  0x00, 0x00, 0x00, 0x00, 0x00, 0x00, 0x00, 0x00, 0x00, 0x00, 0x00, 0x00,
  0x00, 0x00, 0x00, 0x00, 0x00, 0x00, 0x00, 0x00, 0x00, 0x00, 0x00, 0x00,
  0x00, 0x00, 0x00, 0x00, 0x00, 0x00, 0x00, 0x00, 0x00, 0x00, 0x00, 0x00,
  0x00, 0x00, 0x00, 0x00, 0x00, 0x00, 0x00, 0x00, 0x00, 0x00, 0x00, 0x00,
  0x00, 0x00, 0x00, 0x00, 0x00, 0x00, 0x00, 0x00, 0x00, 0x00, 0x00, 0x00,
  0x00, 0x00, 0x00, 0x00, 0x00, 0x00, 0x00, 0x3F, 0x00, 0x00, 0x00, 0x00,
  0x00, 0x00, 0x00, 0x00, 0x00, 0x00, 0x00, 0x00, 0x00, 0x00, 0x7F, 0x3F,
  0xC0, 0x00, 0x00, 0x00, 0x00, 0x00, 0x00, 0x00, 0x00, 0x00, 0x00, 0x00,
  0x00, 0xFF, 0xFF, 0xC0, 0x00, 0x00, 0x00, 0x00, 0x00, 0x00, 0x00, 0x00,
  0x00, 0x00, 0x00, 0x01, 0xFF, 0xFF, 0xC0, 0x00, 0x00, 0x00, 0x00, 0x00,
  0x00, 0x00, 0x00, 0x1F, 0xF0, 0x00, 0x03, 0xEF, 0xE7, 0x80, 0x00, 0x00,
  0x00, 0x00, 0x00, 0x00, 0x00, 0x00, 0xFF, 0xF0, 0x00, 0x07, 0xCF, 0x0F,
  0x80, 0x00, 0x00, 0x00, 0x00, 0x00, 0x00, 0x00, 0x01, 0xFF, 0xFC, 0x00,
  0x0F, 0x8E, 0x0F, 0xF8, 0x00, 0x00, 0x00, 0x00, 0x00, 0x00, 0x00, 0x07,
  0xF0, 0x3E, 0x01, 0xFF, 0x8C, 0x1F, 0xF8, 0x00, 0x00, 0x00, 0x00, 0x00,
  0x00, 0x00, 0x1F, 0xE0, 0x1F, 0xBF, 0xFF, 0x00, 0x1F, 0xF8, 0x00, 0x00,
  0x00, 0x00, 0x00, 0x00, 0x00, 0x3F, 0x00, 0x0F, 0xFF, 0xFC, 0x00, 0x08,
  0x70, 0x00, 0x00, 0x00, 0x00, 0x00, 0x00, 0x00, 0xFC, 0x00, 0x07, 0xFE,
  0x00, 0x00, 0x00, 0xFF, 0x80, 0x3F, 0xE0, 0x00, 0x00, 0x00, 0x01, 0xFC,
  0x00, 0x03, 0xE0, 0x00, 0x00, 0x00, 0xFF, 0xE0, 0xFF, 0xF8, 0x00, 0x00,
  0x00, 0x03, 0xE0, 0x00, 0x01, 0xC0, 0x00, 0x00, 0x00, 0x07, 0xFF, 0xFF,
  0xFC, 0x00, 0x00, 0x00, 0x07, 0xC0, 0x00, 0x00, 0x00, 0x00, 0x00, 0x00,
  0x01, 0xFF, 0xF0, 0x7F, 0x00, 0x00, 0x00, 0x0F, 0x80, 0x00, 0x00, 0x00,
  0x00, 0x00, 0x00, 0x00, 0xFF, 0xE0, 0x3F, 0x80, 0x00, 0x00, 0x1F, 0x80,
  0x00, 0x78, 0x00, 0x00, 0x00, 0x00, 0x00, 0x3F, 0xC0, 0x0F, 0xC0, 0x00,
  0x00, 0x7F, 0x80, 0x00, 0xF8, 0x00, 0x00, 0x00, 0x00, 0x00, 0x1F, 0x80,
  0x07, 0xC0, 0x00, 0x03, 0xFE, 0x00, 0x00, 0xF8, 0x00, 0x00, 0x00, 0x00,
  0x00, 0x07, 0x80, 0x03, 0xE0, 0x00, 0x03, 0xF8, 0x00, 0x00, 0xF8, 0x00,
  0x00, 0x00, 0x00, 0x00, 0x03, 0xC0, 0x01, 0xE0, 0x00, 0x07, 0xF8, 0x00,
  0x00, 0xF0, 0x00, 0x00, 0x00, 0x00, 0x00, 0x01, 0xF0, 0x01, 0xF0, 0x00,
  0x1F, 0xC0, 0x00, 0x00, 0xE0, 0x00, 0x00, 0x00, 0x00, 0x00, 0x00, 0xFC,
  0x00, 0xF8, 0x00, 0x1F, 0x00, 0x00, 0x00, 0xE0, 0x00, 0x00, 0x00, 0x00,
  0x00, 0x00, 0x7C, 0x00, 0x7C, 0x00, 0x1E, 0x00, 0x00, 0x00, 0xE0, 0x00,
  0x00, 0x00, 0x00, 0x00, 0x00, 0x3C, 0x00, 0x3E, 0x00, 0x3E, 0x00, 0x00,
  0x00, 0xE0, 0x00, 0x00, 0x00, 0x00, 0x00, 0x00, 0x1E, 0x00, 0x3F, 0x00,
  0x3E, 0x00, 0x00, 0x01, 0xE0, 0x00, 0x00, 0x00, 0x00, 0x00, 0x00, 0x1E,
  0x00, 0x0F, 0xC0, 0x38, 0x00, 0x00, 0x03, 0xE0, 0x00, 0x00, 0x00, 0x00,
  0x00, 0x00, 0x0E, 0x00, 0x07, 0xE0, 0x38, 0x00, 0x00, 0x03, 0xE0, 0x00,
  0x00, 0x00, 0x00, 0x00, 0x00, 0x0F, 0x00, 0x07, 0xE0, 0x38, 0xC0, 0x00,
  0x03, 0xC0, 0x00, 0x00, 0x00, 0x00, 0x00, 0x00, 0x0F, 0x00, 0x03, 0xF8,
  0x3B, 0xC0, 0x00, 0x03, 0xC0, 0x03, 0xE0, 0x00, 0x00, 0x00, 0x00, 0x07,
  0x00, 0x00, 0xF8, 0x3B, 0xC0, 0x00, 0x03, 0xC0, 0x07, 0xF0, 0x00, 0x00,
  0x00, 0x00, 0x07, 0x00, 0x00, 0x7C, 0x3F, 0xC0, 0x00, 0x03, 0xC0, 0x07,
  0xF0, 0x00, 0x00, 0x00, 0x00, 0x07, 0x00, 0x00, 0x7C, 0x3F, 0x00, 0x00,
  0x03, 0xC0, 0x00, 0x20, 0x00, 0x00, 0x00, 0xF8, 0x07, 0xC0, 0x00, 0x1C,
  0x1F, 0x00, 0x00, 0x07, 0xC0, 0x00, 0x00, 0x00, 0x00, 0x00, 0xF8, 0x07,
  0xC0, 0x00, 0x1C, 0x1F, 0x00, 0x00, 0x07, 0x80, 0x00, 0x00, 0x00, 0x00,
  0x00, 0xFC, 0x07, 0xC0, 0x00, 0x1C, 0x1F, 0x00, 0x00, 0x07, 0x00, 0x00,
  0x00, 0x00, 0x00, 0x00, 0x0C, 0x01, 0xC0, 0x00, 0x1C, 0x1F, 0x80, 0x00,
  0x0F, 0x00, 0x00, 0x00, 0x00, 0x00, 0x00, 0x00, 0x03, 0xC0, 0x00, 0x1C,
  0x07, 0x80, 0x00, 0x1F, 0x00, 0x00, 0x00, 0x00, 0x00, 0x00, 0x00, 0x03,
  0xC0, 0x00, 0xDC, 0x07, 0x80, 0x00, 0x1E, 0x00, 0x00, 0x00, 0x00, 0x00,
  0x00, 0x00, 0x03, 0xC0, 0x01, 0xFC, 0x03, 0xC0, 0x00, 0x3E, 0x00, 0x00,
  0x00, 0x00, 0x00, 0x00, 0x00, 0x03, 0xC0, 0x00, 0xFC, 0x03, 0xE0, 0x00,
  0x3E, 0x00, 0x00, 0x00, 0x00, 0x00, 0x00, 0x00, 0x03, 0xE0, 0x01, 0xF8,
  0x01, 0xF0, 0x00, 0x7C, 0x00, 0x1F, 0xC0, 0x00, 0x00, 0x00, 0x00, 0x01,
  0xE0, 0x01, 0xF0, 0x00, 0xF8, 0x00, 0x7C, 0x00, 0x7F, 0xF0, 0x00, 0x00,
  0x00, 0x00, 0x03, 0xE0, 0x01, 0xF0, 0x00, 0x7C, 0x00, 0xF8, 0x00, 0xFF,
  0xF8, 0x00, 0x00, 0x00, 0x00, 0x01, 0xE0, 0x00, 0xF0, 0x00, 0x3F, 0x03,
  0xF0, 0x01, 0xFF, 0xFC, 0x00, 0x00, 0x00, 0x00, 0x01, 0xE0, 0x01, 0xC0,
  0x00, 0x1F, 0x87, 0xE0, 0x03, 0xFE, 0xFE, 0x00, 0x00, 0x00, 0x00, 0x01,
  0xE0, 0x03, 0xC0, 0x00, 0x1F, 0xFF, 0xC0, 0x03, 0xFC, 0x7E, 0x00, 0x00,
  0x00, 0x00, 0x01, 0xF0, 0x03, 0xC0, 0x00, 0x0F, 0xFF, 0x80, 0x07, 0xFC,
  0x3F, 0x00, 0x00, 0x00, 0xFC, 0x01, 0xF8, 0x0F, 0xC0, 0x00, 0x01, 0xFF,
  0x00, 0x07, 0xFC, 0x3F, 0x00, 0x00, 0x03, 0xFE, 0x01, 0xF8, 0x1F, 0x80,
  0x00, 0x00, 0x0F, 0x00, 0x07, 0xFC, 0x7F, 0x00, 0x00, 0x03, 0xFF, 0x80,
  0xFE, 0x3F, 0x00, 0x00, 0x00, 0x0F, 0x00, 0x06, 0xFE, 0xFF, 0x00, 0x00,
  0x07, 0xFF, 0xC0, 0x7F, 0xFE, 0x00, 0x00, 0x00, 0x0F, 0x00, 0x06, 0xFF,
  0xFF, 0x00, 0x00, 0x1F, 0xCF, 0xE0, 0x7F, 0xFC, 0x00, 0x00, 0x00, 0x0F,
  0x00, 0x06, 0xFF, 0xFF, 0x00, 0xFE, 0x1F, 0x07, 0xE0, 0x7F, 0xF0, 0x00,
  0x00, 0x00, 0x0F, 0x00, 0x06, 0xFF, 0xFF, 0x01, 0xFE, 0x1E, 0x03, 0xE0,
  0x7C, 0x00, 0x00, 0x00, 0x00, 0x0F, 0x00, 0x06, 0xFF, 0xFF, 0x03, 0xFF,
  0x0C, 0x01, 0xE0, 0x7C, 0x00, 0x00, 0x00, 0x00, 0x0E, 0x00, 0x07, 0xFF,
  0xFF, 0x03, 0xFF, 0x80, 0x00, 0xE0, 0x3C, 0x00, 0x00, 0x00, 0x00, 0x0E,
  0x00, 0x07, 0x7F, 0xFF, 0x03, 0xFF, 0x80, 0x00, 0x00, 0x3C, 0x00, 0x00,
  0x00, 0x00, 0x0F, 0xC0, 0x03, 0xBF, 0xFE, 0x01, 0xFF, 0x00, 0x00, 0x01,
  0xFC, 0x00, 0x00, 0x00, 0x00, 0x0F, 0xC0, 0x01, 0x3F, 0xFC, 0x00, 0xFF,
  0x00, 0x00, 0x03, 0xFC, 0x00, 0x00, 0x00, 0x00, 0x0F, 0xC0, 0x00, 0x1F,
  0xF8, 0x70, 0x7E, 0x70, 0x00, 0x03, 0xFC, 0x00, 0x00, 0x00, 0x00, 0x0F,
  0x00, 0x00, 0x0F, 0xF0, 0x78, 0x3C, 0xF0, 0x00, 0x0C, 0xFC, 0x00, 0x00,
  0x00, 0x00, 0x07, 0x38, 0x00, 0x00, 0x00, 0x7C, 0x7F, 0xF0, 0x00, 0x0E,
  0x78, 0x00, 0x00, 0x00, 0x00, 0x07, 0xF8, 0x00, 0x00, 0x00, 0x3F, 0xFF,
  0xF0, 0x00, 0x0F, 0xF0, 0x00, 0x00, 0x00, 0x00, 0x01, 0xF8, 0x00, 0x00,
  0x00, 0x1F, 0xFF, 0xC0, 0x00, 0x0F, 0xF0, 0x00, 0x00, 0x00, 0x00, 0x00,
  0xF0, 0x00, 0x00, 0x00, 0x07, 0xFF, 0x00, 0x00, 0x07, 0xE0, 0x00, 0x00,
  0x00, 0x00, 0x00, 0x78, 0x00, 0x00, 0x00, 0x0E, 0x7F, 0x00, 0x00, 0x07,
  0xE0, 0x00, 0x00, 0x00, 0x00, 0x00, 0x7F, 0x00, 0x00, 0x00, 0x0E, 0x3F,
  0x00, 0x00, 0x0F, 0xC0, 0x00, 0x00, 0x00, 0x00, 0x00, 0x3F, 0xE0, 0x00,
  0x00, 0x0F, 0x0F, 0x00, 0x00, 0x1F, 0x00, 0x00, 0x00, 0x00, 0x00, 0x00,
  0x0F, 0xE0, 0x00, 0x00, 0x07, 0x9E, 0x00, 0x00, 0x3E, 0x00, 0x00, 0x00,
  0x00, 0x00, 0x00, 0x03, 0xFC, 0x00, 0x00, 0x03, 0xFE, 0x00, 0x00, 0x7C,
  0x00, 0x00, 0x00, 0x00, 0x00, 0x00, 0x03, 0xFC, 0x00, 0x00, 0x03, 0xFC,
  0x00, 0x01, 0xF8, 0x00, 0x00, 0x00, 0x00, 0x00, 0x00, 0x03, 0xFF, 0xC0,
  0x00, 0x01, 0xF8, 0x00, 0x1F, 0xF0, 0x00, 0x00, 0x00, 0x00, 0x00, 0x00,
  0x03, 0xFF, 0xFC, 0x00, 0x00, 0x00, 0x00, 0xBF, 0xC0, 0x00, 0x00, 0x00,
  0x00, 0x00, 0x00, 0x0F, 0xC3, 0xFC, 0x00, 0x00, 0x00, 0x07, 0xFF, 0x00,
  0x00, 0x00, 0x00, 0x00, 0x00, 0x00, 0x3F, 0xC1, 0xF8, 0x00, 0x00, 0x00,
  0x7F, 0xFE, 0x00, 0x00, 0x00, 0x00, 0x00, 0x00, 0x00, 0x7E, 0x00, 0x00,
  0x00, 0x00, 0x00, 0xFF, 0xF0, 0x00, 0x00, 0x00, 0x00, 0x00, 0x00, 0x00,
  0xFC, 0x00, 0x00, 0x00, 0x00, 0x00, 0xFF, 0x00, 0x00, 0x00, 0x00, 0x00,
  0x00, 0x00, 0x01, 0xF0, 0x00, 0x00, 0x00, 0x00, 0x00, 0x3E, 0x00, 0x00,
  0x00, 0x00, 0x00, 0x00, 0x00, 0x07, 0xF0, 0x00, 0x00, 0x00, 0x00, 0x00,
  0x1C, 0x00, 0x00, 0x00, 0x00, 0x00, 0x00, 0x00, 0x07, 0xE0, 0x00, 0x00,
  0x00, 0x00, 0x00, 0x1C, 0x00, 0x00, 0x00, 0x00, 0x00, 0x00, 0x00, 0x0F,
  0x80, 0x00, 0x00, 0x00, 0x00, 0x00, 0x1C, 0x00, 0x00, 0x00, 0x00, 0x00,
  0x00, 0x00, 0x0F, 0x80, 0x00, 0x00, 0x00, 0x00, 0x00, 0x1C, 0x00, 0x00,
  0x00, 0x00, 0x00, 0x00, 0x00, 0x3F, 0x00, 0x00, 0x00, 0x00, 0x00, 0x00,
  0xDC, 0x00, 0x00, 0x00, 0x00, 0x00, 0x00, 0x00, 0x3E, 0x00, 0x00, 0x00,
  0x00, 0x00, 0x00, 0xFC, 0x00, 0x00, 0x00, 0x00, 0x00, 0x00, 0x00, 0x7C,
  0x00, 0x00, 0x00, 0x00, 0x00, 0x00, 0xFC, 0x00, 0x00, 0x00, 0x00, 0x00,
  0x00, 0x00, 0x78, 0x00, 0x00, 0x00, 0x00, 0x00, 0x07, 0xF8, 0x00, 0x00,
  0x00, 0x00, 0x00, 0x01, 0xF0, 0xF8, 0x03, 0xF0, 0xE0, 0x00, 0x00, 0x06,
  0xF8, 0x00, 0x00, 0x00, 0x00, 0x00, 0x03, 0xF0, 0xF8, 0x03, 0xFF, 0xE0,
  0x00, 0x00, 0x07, 0xF0, 0x00, 0x00, 0x00, 0x00, 0x00, 0x03, 0xF0, 0xE0,
  0x00, 0x7F, 0xE0, 0x00, 0x00, 0x0F, 0xF0, 0x00, 0x00, 0x00, 0x00, 0x00,
  0x07, 0xF1, 0xE0, 0x00, 0x3F, 0xE0, 0x00, 0x3C, 0x1F, 0xF0, 0x00, 0x00,
  0x00, 0x00, 0x00, 0x0F, 0xB1, 0xE0, 0x00, 0x07, 0xE0, 0x00, 0x3C, 0x1E,
  0xF0, 0x00, 0x00, 0x00, 0x00, 0x00, 0x0F, 0x79, 0xC0, 0x00, 0x01, 0xE0,
  0x00, 0x3C, 0x7E, 0xF0, 0x00, 0x00, 0x00, 0x00, 0x00, 0x0F, 0x79, 0xC0,
  0x00, 0x03, 0xE0, 0x00, 0x3C, 0x7C, 0xF0, 0x00, 0x00, 0x00, 0x00, 0x00,
  0x0F, 0x3D, 0xC0, 0x00, 0x01, 0xE0, 0x00, 0x3D, 0xF8, 0xF0, 0x00, 0x00,
  0x00, 0x00, 0x00, 0x0F, 0x1F, 0xC0, 0x00, 0x00, 0xF0, 0x00, 0x3F, 0xF0,
  0xF0, 0x00, 0x00, 0x00, 0x00, 0x00, 0x0F, 0x8F, 0xC0, 0x00, 0x00, 0xF0,
  0x00, 0x3F, 0xC0, 0xF0, 0x00, 0x00, 0x00, 0x00, 0x00, 0x07, 0x87, 0xC0,
  0x00, 0x00, 0xF0, 0x00, 0x3F, 0x80, 0xF0, 0x00, 0x00, 0x00, 0x00, 0x00,
  0x0F, 0x87, 0xC0, 0x00, 0x00, 0xF0, 0x00, 0x3E, 0x00, 0xF0, 0x00, 0x00,
  0x00, 0x00, 0x00, 0x0F, 0xC3, 0xC0, 0x00, 0x00, 0xF0, 0x00, 0x3E, 0x00,
  0xF0, 0x00, 0x00, 0x00, 0x00, 0x00, 0x0F, 0xE3, 0xC0, 0x00, 0x00, 0xF0,
  0x00, 0x3E, 0x00, 0xF0, 0x00, 0x00, 0x00, 0x00, 0x00, 0x0F, 0xF3, 0xC0,
  0x00, 0x00, 0xFC, 0x00, 0x1E, 0x00, 0xE0, 0x00, 0x00, 0x00, 0x00, 0x00,
  0x0F, 0x83, 0xE0, 0x00, 0x01, 0xFC, 0x00, 0x0E, 0x00, 0xF0, 0x00, 0x00,
  0x00, 0x00, 0x00, 0x07, 0x83, 0xE0, 0x00, 0x01, 0xFC, 0x00, 0x0E, 0x00,
  0xF8, 0x00, 0x00, 0x00, 0x00, 0x00, 0x03, 0xC0, 0xE0, 0x00, 0x3F, 0xFC,
  0x00, 0x0F, 0x80, 0x78, 0x00, 0x00, 0x00, 0x00, 0x00, 0x03, 0xE0, 0xF0,
  0x00, 0x7F, 0xFE, 0x00, 0x0F, 0x80, 0x7C, 0x00, 0x00, 0x00, 0x00, 0x00,
  0x01, 0xFC, 0xFC, 0x00, 0x7F, 0xFE, 0x00, 0x0F, 0x84, 0xFC, 0x00, 0x00,
  0x00, 0x00, 0x00, 0x00, 0xFF, 0xFC, 0x00, 0x00, 0x3E, 0x00, 0x07, 0x8E,
  0xFC, 0x00, 0x00, 0x00, 0x00, 0x00, 0x00, 0x7F, 0xFF, 0x80, 0x0C, 0xFF,
  0x83, 0xBF, 0xC7, 0xFC, 0x00, 0x00, 0x00, 0x00, 0x00, 0x00, 0x1F, 0xFF,
  0xC0, 0x0E, 0xFF, 0x83, 0xBF, 0xC7, 0xFC, 0x00, 0x00, 0x00, 0x00, 0x00,
  0x00, 0x00, 0x7F, 0xFE, 0x06, 0xFF, 0xE3, 0xBF, 0xFF, 0xFC, 0x00, 0x00,
  0x00, 0x00, 0x00, 0x00, 0x00, 0x07, 0xFF, 0xFF, 0xFF, 0xFF, 0xFF, 0xFF,
  0xF0, 0x00, 0x00, 0x00, 0x00, 0x00, 0x00, 0x00, 0x03, 0xFF, 0xFF, 0xF9,
  0xFF, 0xFF, 0xFF, 0xF0, 0x00, 0x00, 0x00, 0x00, 0x00, 0x00, 0x00, 0x00,
  0x1F, 0xFF, 0xF0, 0xFF, 0xFE, 0x3F, 0x80, 0x00, 0x00, 0x00, 0x00, 0x00,
  0x00, 0x00, 0x00, 0x00, 0x7F, 0xC0, 0x1F, 0xF0, 0x00, 0x00, 0x00, 0x00,
  0x00, 0x00, 0x00, 0x00, 0x00, 0x00, 0x00, 0x00, 0x00, 0x00, 0x00, 0x00,
  0x00, 0x00, 0x00, 0x00, 0x00, 0x00, 0x00, 0x00, 0x00, 0x00, 0x00, 0x00,
  0x00, 0x00, 0x00, 0x00, 0x00, 0x00, 0x00, 0x00, 0x00, 0x00, 0x00, 0x00,
  0x00, 0x00, 0x00, 0x00, 0x00, 0x00, 0x00, 0x00, 0x00, 0x00, 0x00, 0x00,
};

const uint8_t DOG_IDLE_SPARKLE_BITMAP[] BITMAP_PROGMEM = {
  0x00, 0x00, 0x00, 0x00, 0x00, 0x00, 0x00, 0x00, 0x00, 0x00, 0x00, 0x00,
  0x00, 0x00, 0x00, 0x00, 0x00, 0x00, 0x00, 0x00, 0x00, 0x00, 0x00, 0x00,
  0x00, 0x00, 0x00, 0x00, 0x00, 0x00, 0x00, 0x00, 0x00, 0x00, 0x00, 0x00,
  0x00, 0x00, 0x00, 0x00, 0x00, 0x00, 0x00, 0x00, 0x00, 0x00, 0x00, 0x00,
  0x00, 0x00, 0x00, 0x00, 0x00, 0x00, 0x00, 0x00, 0x00, 0x00, 0x00, 0x00,
  0x00, 0x00, 0x00, 0x00, 0x00, 0x00, 0x00, 0x00, 0x00, 0x00, 0x00, 0x00,
  0x00, 0x00, 0x00, 0x00, 0x00, 0x00, 0x00, 0x00, 0x00, 0x00, 0x00, 0x00,
  0x00, 0x00, 0x00, 0x00, 0x00, 0x00, 0x00, 0x00, 0x00, 0x00, 0x00, 0x00,
  0x00, 0x00, 0x00, 0x00, 0x00, 0x00, 0x00, 0x00, 0x00, 0x00, 0x00, 0x00,
  0x00, 0x00, 0x00, 0x00, 0x07, 0xE0, 0x00, 0x00, 0x00, 0x00, 0x00, 0x00,
  0x00, 0x00, 0x00, 0x00, 0x00, 0x00, 0x00, 0x0F, 0xFF, 0xF0, 0x00, 0x00,
  0x00, 0x00, 0x00, 0x00, 0x00, 0x00, 0x00, 0x00, 0x00, 0x00, 0x1F, 0xFF,
  0xF0, 0x00, 0x00, 0x00, 0x00, 0x00, 0x00, 0x00, 0x00, 0x00, 0xFE, 0x00,
  0x00, 0x3F, 0xFF, 0xF0, 0x00, 0x00, 0x00, 0x00, 0x00, 0x00, 0x00, 0x00,
  0x01, 0xFF, 0x00, 0x00, 0x7D, 0xF8, 0xE0, 0x00, 0x00, 0x00, 0x00, 0x00,
  0x00, 0x00, 0x00, 0x0F, 0xFF, 0xC0, 0x00, 0xF9, 0xE1, 0xFE, 0x00, 0x00,
  0x00, 0x00, 0x00, 0x00, 0x00, 0x00, 0x3F, 0xFF, 0xE0, 0x1F, 0xF1, 0x83,
  0xFE, 0x00, 0x00, 0x00, 0x00, 0x00, 0x00, 0x00, 0x00, 0xFF, 0x03, 0xF3,
  0xFF, 0xE0, 0x03, 0xFE, 0x00, 0x00, 0x00, 0x00, 0x00, 0x00, 0x00, 0x01,
  0xF8, 0x00, 0xFF, 0xFF, 0xC0, 0x00, 0x1C, 0x00, 0x00, 0x00, 0x00, 0x00,
  0x00, 0x00, 0x03, 0xE0, 0x00, 0x7F, 0xE0, 0x00, 0x00, 0x3F, 0xC0, 0x1F,
  0xF0, 0x00, 0x00, 0x00, 0x00, 0x07, 0xE0, 0x00, 0x7F, 0xC0, 0x00, 0x00,
  0x3F, 0xF8, 0x7F, 0xF8, 0x00, 0x00, 0x00, 0x00, 0x0F, 0x80, 0x00, 0x1C,
  0x00, 0x00, 0x00, 0x03, 0xFE, 0xFF, 0xFC, 0x00, 0x00, 0x00, 0x00, 0x1F,
  0x00, 0x00, 0x00, 0x00, 0x00, 0x00, 0x01, 0xFF, 0xF8, 0x3F, 0x80, 0x00,
  0x00, 0x00, 0x7E, 0x00, 0x03, 0x00, 0x00, 0x00, 0x00, 0x00, 0x1F, 0xF8,
  0x2F, 0xC0, 0x00, 0x00, 0x00, 0x7C, 0x00, 0x07, 0x00, 0x00, 0x00, 0x00,
  0x00, 0x1F, 0xE0, 0x0F, 0xC0, 0x00, 0x00, 0x00, 0xF8, 0x00, 0x07, 0x80,
  0x00, 0x00, 0x00, 0x00, 0x07, 0xC0, 0x03, 0xC0, 0x00, 0x00, 0x07, 0xF0,
  0x00, 0x0F, 0x80, 0x00, 0x00, 0x00, 0x00, 0x01, 0xE0, 0x01, 0xE0, 0x00,
  0x00, 0x0F, 0xE0, 0x00, 0x0F, 0x80, 0x00, 0x00, 0x00, 0x00, 0x00, 0xF0,
  0x01, 0xF0, 0x00, 0x00, 0x1F, 0x80, 0x00, 0x0E, 0x00, 0x00, 0x00, 0x00,
  0x00, 0x00, 0x78, 0x01, 0xF8, 0x00, 0x00, 0x3E, 0x00, 0x00, 0x0E, 0x00,
  0x00, 0x00, 0x00, 0x00, 0x00, 0x3C, 0x00, 0x7C, 0x00, 0x00, 0x7C, 0x00,
  0x00, 0x0E, 0x00, 0x00, 0x00, 0x00, 0x00, 0x00, 0x3E, 0x00, 0x7E, 0x00,
  0x00, 0x78, 0x00, 0x00, 0x0E, 0x00, 0x00, 0x00, 0x00, 0x00, 0x00, 0x1E,
  0x00, 0x3F, 0x00, 0x01, 0xF0, 0x00, 0x00, 0x1E, 0x00, 0x00, 0x00, 0x00,
  0x00, 0x00, 0x1F, 0x00, 0x1F, 0x80, 0x01, 0xF0, 0x00, 0x00, 0x3E, 0x00,
  0x00, 0x00, 0x00, 0x00, 0x00, 0x07, 0x00, 0x0F, 0xE0, 0x01, 0xE0, 0x00,
  0x00, 0x3E, 0x00, 0x00, 0x00, 0x00, 0x00, 0x00, 0x0F, 0x80, 0x07, 0xE0,
  0x01, 0xE0, 0x00, 0x00, 0x3C, 0x00, 0x1C, 0x00, 0x00, 0x00, 0x00, 0x0F,
  0x80, 0x03, 0xF8, 0x01, 0xE6, 0x00, 0x00, 0x3C, 0x00, 0x3E, 0x00, 0x00,
  0x00, 0x00, 0x07, 0x80, 0x00, 0xF8, 0x01, 0xEE, 0x00, 0x00, 0x1C, 0x00,
  0x7F, 0x00, 0x00, 0x00, 0x38, 0x03, 0x80, 0x00, 0x7C, 0x01, 0xFE, 0x00,
  0x00, 0x3C, 0x00, 0x3F, 0x00, 0x00, 0x00, 0x3C, 0x03, 0x80, 0x00, 0x7C,
  0x01, 0xFC, 0x00, 0x00, 0x3C, 0x00, 0x00, 0x00, 0x00, 0x00, 0x7E, 0x03,
  0xC0, 0x00, 0x3C, 0x00, 0xFC, 0x00, 0x00, 0x7C, 0x00, 0x00, 0x00, 0x00,
  0x00, 0x00, 0x03, 0xC0, 0x00, 0x3C, 0x00, 0x7C, 0x00, 0x00, 0x78, 0x00,
  0x00, 0x00, 0x00, 0x00, 0x00, 0x03, 0xC0, 0x00, 0x3C, 0x00, 0x7C, 0x00,
  0x00, 0x78, 0x00, 0x00, 0x00, 0x00, 0x00, 0x00, 0x01, 0xC0, 0x00, 0x3C,
  0x00, 0x7C, 0x00, 0x00, 0xF8, 0x00, 0x00, 0x00, 0x00, 0x00, 0x00, 0x01,
  0xC0, 0x00, 0x3C, 0x00, 0x3E, 0x00, 0x00, 0xF0, 0x00, 0x00, 0x00, 0x00,
  0x00, 0x00, 0x01, 0xC0, 0x00, 0xDC, 0x00, 0x3E, 0x00, 0x01, 0xE0, 0x00,
  0x00, 0x00, 0x00, 0x00, 0x00, 0x01, 0xC0, 0x00, 0xFC, 0x00, 0x0F, 0x00,
  0x01, 0xE0, 0x00, 0x00, 0x00, 0x00, 0x00, 0x00, 0x01, 0xE0, 0x00, 0xF8,
  0x00, 0x1F, 0x00, 0x01, 0xC0, 0x01, 0xFE, 0x00, 0x00, 0x00, 0x3F, 0x01,
  0xF0, 0x00, 0xF8, 0x00, 0x0F, 0xC0, 0x03, 0xC0, 0x07, 0xFF, 0x00, 0x00,
  0x00, 0x7F, 0xC1, 0xF0, 0x00, 0xF0, 0x00, 0x07, 0xE0, 0x0F, 0xC0, 0x0F,
  0xFF, 0x80, 0x00, 0x00, 0xFF, 0xE0, 0xF0, 0x00, 0xF0, 0x00, 0x03, 0xF8,
  0x3F, 0x80, 0x1F, 0xFF, 0xC0, 0x00, 0x01, 0xFF, 0xF0, 0xF0, 0x03, 0xC0,
  0x00, 0x00, 0xF8, 0x3F, 0x00, 0x3F, 0xE7, 0xC0, 0x00, 0x01, 0xCF, 0xF0,
  0xF0, 0x03, 0xE0, 0x01, 0x80, 0x7F, 0xFC, 0x00, 0x3F, 0xC3, 0xC0, 0x00,
  0x03, 0x87, 0xFC, 0xF8, 0x07, 0xE0, 0x01, 0xC0, 0x7F, 0xFC, 0x00, 0x7F,
  0xC3, 0xE0, 0x00, 0x03, 0x87, 0xFC, 0xF8, 0x07, 0xC0, 0x01, 0xC0, 0x1F,
  0xF8, 0x00, 0x7F, 0xC7, 0xE0, 0x00, 0x03, 0xCF, 0xDC, 0xFC, 0x1F, 0x80,
  0x01, 0xC0, 0x00, 0xF8, 0x00, 0x7F, 0xEF, 0xE0, 0x00, 0x03, 0xEF, 0xDC,
  0xFE, 0x3F, 0x00, 0x01, 0xC0, 0x00, 0xF8, 0x00, 0x7F, 0xFF, 0xE0, 0x00,
  0x03, 0xFF, 0xDC, 0xFF, 0xFE, 0x00, 0x03, 0xE0, 0x00, 0xF8, 0x00, 0x7F,
  0xFF, 0xE0, 0x00, 0x03, 0xFF, 0xDC, 0x7F, 0xFC, 0x00, 0x0F, 0xF0, 0x00,
  0xF8, 0x00, 0x7F, 0xFF, 0xE0, 0x3F, 0x83, 0xFF, 0xDC, 0x7F, 0xF0, 0x00,
  0x3F, 0x7E, 0x00, 0xF8, 0x00, 0x7F, 0xFF, 0xE0, 0x7F, 0xE3, 0xFF, 0xDC,
  0x3C, 0x00, 0x00, 0x3E, 0x7E, 0x00, 0xF0, 0x00, 0x7F, 0xFF, 0xE0, 0x7F,
  0xF3, 0xFB, 0xDC, 0x3C, 0x00, 0x00, 0x0F, 0xF0, 0x00, 0xE0, 0x00, 0x77,
  0xFD, 0xE0, 0x77, 0xF1, 0xFF, 0xC0, 0x3C, 0x00, 0x00, 0x07, 0xF0, 0x00,
  0xEC, 0x00, 0x37, 0xFF, 0xC0, 0x3F, 0xE1, 0xFF, 0xB0, 0x3C, 0x03, 0x00,
  0x03, 0xC0, 0x00, 0xFC, 0x00, 0x31, 0xFF, 0xC0, 0x3F, 0xE0, 0xFF, 0x31,
  0xFC, 0x03, 0x00, 0x01, 0xC0, 0x00, 0xFC, 0x00, 0x00, 0xFF, 0x86, 0x0F,
  0x8C, 0x7F, 0x01, 0xFC, 0x03, 0x00, 0x01, 0xC0, 0x00, 0xF8, 0x00, 0x00,
  0xFE, 0x07, 0x0F, 0xFC, 0x00, 0x06, 0xFC, 0x03, 0x80, 0x01, 0xC0, 0x00,
  0x31, 0x80, 0x00, 0x00, 0x07, 0x9F, 0xF8, 0x00, 0x0F, 0x38, 0x07, 0xC0,
  0x01, 0x80, 0x00, 0x3F, 0x80, 0x00, 0x00, 0x07, 0xFF, 0xF8, 0x00, 0x0F,
  0xF0, 0x1F, 0xF8, 0x00, 0x00, 0x00, 0x1F, 0x80, 0x00, 0x00, 0x03, 0xFF,
  0xE0, 0x00, 0x07, 0xF0, 0x7F, 0xF8, 0x00, 0x00, 0x00, 0x07, 0x00, 0x00,
  0x00, 0x01, 0xFF, 0xC0, 0x00, 0x03, 0xE0, 0x7D, 0xF8, 0x00, 0x00, 0x00,
  0x07, 0xC0, 0x00, 0x00, 0x01, 0xDF, 0xC0, 0x00, 0x07, 0xC0, 0x0F, 0x80,
  0x00, 0x00, 0x00, 0x03, 0xF0, 0x00, 0x00, 0x01, 0xC3, 0xC0, 0x00, 0x07,
  0xC0, 0x07, 0xE0, 0x00, 0x00, 0x00, 0x01, 0xFE, 0x00, 0x00, 0x01, 0xE1,
  0xC0, 0x00, 0x1F, 0x80, 0x07, 0xC0, 0x00, 0x00, 0x00, 0x00, 0xFE, 0x00,
  0x00, 0x00, 0xF7, 0x80, 0x00, 0x3F, 0x00, 0x01, 0x80, 0x00, 0x00, 0x00,
  0x00, 0x3F, 0xC0, 0x00, 0x00, 0xFF, 0x80, 0x00, 0xFC, 0x00, 0x01, 0x80,
  0x00, 0x00, 0x00, 0x00, 0x3F, 0xF8, 0x00, 0x00, 0x3E, 0x00, 0x0F, 0xF8,
  0x00, 0x01, 0x80, 0x00, 0x00, 0x00, 0x00, 0x3F, 0xFF, 0x00, 0x00, 0x00,
  0x00, 0x1F, 0xF8, 0x00, 0x00, 0x00, 0x00, 0x00, 0x00, 0x00, 0xFF, 0xFF,
  0x80, 0x00, 0x00, 0x01, 0xFF, 0xC0, 0x00, 0x00, 0x00, 0x00, 0x00, 0x00,
  0x03, 0xFC, 0x3F, 0x80, 0x00, 0x00, 0x1F, 0xFF, 0x00, 0x00, 0x00, 0x00,
  0x00, 0x00, 0x00, 0x07, 0xE0, 0x00, 0x00, 0x00, 0x00, 0x3F, 0xF8, 0x00,
  0x00, 0x00, 0x00, 0x00, 0x00, 0x00, 0x07, 0xC0, 0x00, 0x00, 0x00, 0x00,
  0x7F, 0xC0, 0x00, 0x00, 0x00, 0x00, 0x00, 0x00, 0x00, 0x1F, 0x80, 0x00,
  0x00, 0x00, 0x00, 0x3F, 0x80, 0x00, 0x00, 0x00, 0x00, 0x00, 0x00, 0x00,
  0x3F, 0x00, 0x00, 0x00, 0x00, 0x00, 0x0F, 0x00, 0x00, 0x00, 0x00, 0x00,
  0x00, 0x00, 0x00, 0x3C, 0x00, 0x00, 0x00, 0x00, 0x00, 0x0F, 0x00, 0x00,
  0x00, 0x00, 0x00, 0x00, 0x00, 0x00, 0x78, 0x00, 0x00, 0x00, 0x00, 0x00,
  0x0F, 0x00, 0x00, 0x00, 0x00, 0x00, 0x00, 0x00, 0x00, 0xF8, 0x00, 0x00,
  0x00, 0x00, 0x00, 0x0F, 0x00, 0x00, 0x00, 0x00, 0x00, 0x00, 0x00, 0x01,
  0xF0, 0x00, 0x00, 0x00, 0x00, 0x00, 0x3F, 0x00, 0x00, 0x00, 0x00, 0x00,
  0x00, 0x00, 0x03, 0xE0, 0x00, 0x00, 0x00, 0x00, 0x00, 0x7F, 0x00, 0x00,
  0x00, 0x00, 0x00, 0x00, 0x00, 0x03, 0xC0, 0x00, 0x00, 0x00, 0x00, 0x01,
  0xFE, 0x00, 0x00, 0x00, 0x00, 0x00, 0x00, 0x0F, 0x07, 0x80, 0x3F, 0x08,
  0x00, 0x00, 0x01, 0xFC, 0x00, 0x00, 0x00, 0x00, 0x00, 0x00, 0x1F, 0x87,
  0x80, 0x3F, 0xDC, 0x00, 0x00, 0x03, 0xFC, 0x00, 0x00, 0x00, 0x00, 0x00,
  0x00, 0x1F, 0x87, 0x80, 0x3F, 0xFC, 0x00, 0x00, 0x03, 0xF8, 0x00, 0x00,
  0x00, 0x00, 0x00, 0x00, 0x3F, 0x8F, 0x00, 0x07, 0xFC, 0x00, 0x07, 0x07,
  0xF8, 0x00, 0x00, 0x00, 0x00, 0x00, 0x00, 0x7F, 0x1F, 0x00, 0x00, 0xFC,
  0x00, 0x07, 0x07, 0xB8, 0x00, 0x00, 0x00, 0x00, 0x00, 0x00, 0x7B, 0x9E,
  0x00, 0x00, 0x3C, 0x00, 0x07, 0x07, 0x78, 0x00, 0x00, 0x00, 0x00, 0x00,
  0x00, 0x7B, 0xDE, 0x00, 0x00, 0x3C, 0x00, 0x07, 0x1F, 0x78, 0x00, 0x00,
  0x00, 0x00, 0x00, 0x00, 0x7B, 0xFE, 0x00, 0x00, 0x3C, 0x00, 0x07, 0x7E,
  0x78, 0x00, 0x00, 0x00, 0x00, 0x00, 0x00, 0x78, 0xFE, 0x00, 0x00, 0x0E,
  0x00, 0x07, 0xFC, 0x78, 0x00, 0x00, 0x00, 0x00, 0x00, 0x00, 0x78, 0x7E,
  0x00, 0x00, 0x0E, 0x00, 0x07, 0xF0, 0x78, 0x00, 0x00, 0x00, 0x00, 0x00,
  0x00, 0x3C, 0x3E, 0x00, 0x00, 0x0F, 0x00, 0x07, 0xE0, 0x78, 0x00, 0x00,
  0x00, 0x00, 0x00, 0x00, 0x7E, 0x3E, 0x00, 0x00, 0x0F, 0x00, 0x07, 0xC0,
  0x78, 0x00, 0x00, 0x00, 0x00, 0x00, 0x00, 0x7E, 0x1E, 0x00, 0x00, 0x1F,
  0x00, 0x07, 0xC0, 0x78, 0x00, 0x00, 0x00, 0x00, 0x00, 0x00, 0x7F, 0x1E,
  0x00, 0x00, 0x0F, 0x00, 0x07, 0x80, 0x78, 0x00, 0x00, 0x00, 0x00, 0x00,
  0x00, 0x7F, 0x1E, 0x00, 0x00, 0x1F, 0x80, 0x03, 0xC0, 0x78, 0x00, 0x00,
  0x00, 0x00, 0x00, 0x00, 0x7C, 0x1F, 0x00, 0x00, 0x3F, 0x80, 0x03, 0xC0,
  0x78, 0x00, 0x00, 0x00, 0x00, 0x00, 0x00, 0x3E, 0x1F, 0x00, 0x01, 0xFF,
  0x80, 0x03, 0xC0, 0x7C, 0x00, 0x00, 0x00, 0x00, 0x00, 0x00, 0x1E, 0x0F,
  0x80, 0x07, 0xFF, 0xC0, 0x03, 0xE0, 0x1E, 0x00, 0x00, 0x00, 0x00, 0x00,
  0x00, 0x0F, 0x87, 0x80, 0x07, 0xFF, 0xC0, 0x03, 0xE0, 0x0E, 0x00, 0x00,
  0x00, 0x00, 0x00, 0x00, 0x0F, 0xFF, 0xC0, 0x03, 0x07, 0xC0, 0x01, 0xE3,
  0x6E, 0x00, 0x00, 0x00, 0x00, 0x00, 0x00, 0x07, 0xFF, 0xE0, 0x00, 0xCF,
  0xF0, 0x67, 0xE3, 0xFE, 0x00, 0x00, 0x00, 0x00, 0x00, 0x00, 0x00, 0xFF,
  0xFC, 0x00, 0xFD, 0xF0, 0x67, 0xF1, 0xBE, 0x00, 0x00, 0x00, 0x00, 0x00,
  0x00, 0x00, 0x03, 0xFF, 0xE0, 0xEF, 0xFC, 0x77, 0xFF, 0xFE, 0x00, 0x00,
  0x00, 0x00, 0x00, 0x00, 0x00, 0x01, 0xFF, 0xFE, 0xFF, 0xFE, 0x7F, 0xFF,
  0xFC, 0x00, 0x00, 0x00, 0x00, 0x00, 0x00, 0x00, 0x00, 0x3F, 0xFF, 0xFF,
  0xFF, 0xFF, 0xFF, 0xF8, 0x00, 0x00, 0x00, 0x00, 0x00, 0x00, 0x00, 0x00,
  0x01, 0xFF, 0xFF, 0x1F, 0xFF, 0x8F, 0xE0, 0x00, 0x00, 0x00, 0x00, 0x00,
  0x00, 0x00, 0x00, 0x00, 0x07, 0xF8, 0x03, 0xFE, 0x00, 0x00, 0x00, 0x00,
  0x00, 0x00, 0x00, 0x00, 0x00, 0x00, 0x00, 0x00, 0x00, 0x00, 0x00, 0x00,
  0x00, 0x00, 0x00, 0x00, 0x00, 0x00, 0x00, 0x00, 0x00, 0x00, 0x00, 0x00,
  0x00, 0x00, 0x00, 0x00, 0x00, 0x00, 0x00, 0x00, 0x00, 0x00, 0x00, 0x00,
  0x00, 0x00, 0x00, 0x00, 0x00, 0x00, 0x00, 0x00, 0x00, 0x00, 0x00, 0x00,
  0x00, 0x00, 0x00, 0x00, 0x00, 0x00, 0x00, 0x00, 0x00, 0x00, 0x00, 0x00,
  0x00, 0x00, 0x00, 0x00, 0x00, 0x00, 0x00, 0x00, 0x00, 0x00, 0x00, 0x00,
  0x00, 0x00, 0x00, 0x00, 0x00, 0x00, 0x00, 0x00, 0x00, 0x00, 0x00, 0x00,
  0x00, 0x00, 0x00, 0x00, 0x00, 0x00, 0x00, 0x00, 0x00, 0x00, 0x00, 0x00,
  0x00, 0x00, 0x00, 0x00, 0x00, 0x00, 0x00, 0x00, 0x00, 0x00, 0x00, 0x00,
};

const uint8_t DOG_IDLE_PERK_BITMAP[] BITMAP_PROGMEM = {
  0x00, 0x00, 0x00, 0x00, 0x00, 0x00, 0x00, 0x00, 0x00, 0x00, 0x00, 0x00,
  0x00, 0x00, 0x00, 0x00, 0x00, 0x00, 0x00, 0x00, 0x00, 0x00, 0x00, 0x00,
  0x00, 0x00, 0x00, 0x00, 0x00, 0x00, 0x00, 0x00, 0x00, 0x00, 0x00, 0x00,
  0x00, 0x00, 0x00, 0x00, 0x00, 0x00, 0x00, 0x00, 0x00, 0x00, 0x00, 0x00,
  0x00, 0x00, 0x00, 0x00, 0x00, 0x00, 0x00, 0x00, 0x00, 0x00, 0x00, 0x00,
  0x00, 0x00, 0x00, 0x00, 0x00, 0x00, 0x00, 0x00, 0x00, 0x00, 0x00, 0x00,
  0x00, 0x00, 0x00, 0x00, 0x00, 0x00, 0x00, 0x00, 0x00, 0x00, 0x00, 0x00,
  0x00, 0x00, 0x00, 0x00, 0x00, 0x00, 0x00, 0x00, 0x00, 0x00, 0x00, 0x00,
  0x00, 0x00, 0x00, 0x00, 0x00, 0x00, 0x00, 0x00, 0x00, 0x00, 0x00, 0x00,
  0x00, 0x00, 0x00, 0x00, 0x00, 0x00, 0x00, 0x00, 0x00, 0x00, 0x00, 0x00,
  0x00, 0x00, 0x00, 0x00, 0x00, 0x00, 0x00, 0x00, 0x00, 0x00, 0x00, 0x00,
  0x00, 0x00, 0x00, 0x00, 0x00, 0x00, 0x00, 0x00, 0x00, 0x00, 0x00, 0x00,
  0x00, 0x00, 0x00, 0x00, 0x00, 0x00, 0x00, 0x00, 0x00, 0x00, 0x00, 0x00,
  0x00, 0x00, 0x00, 0x00, 0x00, 0x00, 0x00, 0x00, 0x00, 0x00, 0x00, 0x00,
  0x00, 0x00, 0x00, 0x01, 0xE3, 0xE0, 0x00, 0x00, 0x00, 0x00, 0x00, 0x00,
  0x00, 0x00, 0x00, 0x00, 0x00, 0x00, 0x07, 0xFF, 0xF0, 0x00, 0x00, 0x00,
  0x00, 0x00, 0x00, 0x00, 0x00, 0x00, 0x00, 0x00, 0x00, 0x0F, 0xFF, 0xF0,
  0x00, 0x00, 0x00, 0x00, 0x00, 0x00, 0x00, 0x00, 0x00, 0x1F, 0xE0, 0x00,
  0x1F, 0xFC, 0xF0, 0x00, 0x00, 0x00, 0x00, 0x00, 0x00, 0x00, 0x00, 0x01,
  0xFF, 0xF0, 0x00, 0x3E, 0xF0, 0xF0, 0x00, 0x00, 0x00, 0x00, 0x00, 0x00,
  0x00, 0x00, 0x01, 0xFF, 0xFC, 0x00, 0x7C, 0xC1, 0xFE, 0x00, 0x00, 0x00,
  0x00, 0x00, 0x00, 0x00, 0x00, 0x07, 0xE0, 0x7E, 0x07, 0xF8, 0x03, 0xFE,
  0x00, 0x3F, 0xE0, 0x00, 0x00, 0x00, 0x00, 0x00, 0x1F, 0xE0, 0x3F, 0xFF,
  0xF0, 0x03, 0xFE, 0x00, 0xFF, 0xF8, 0x00, 0x00, 0x00, 0x00, 0x00, 0x7F,
  0x00, 0x0F, 0xFF, 0xE0, 0x00, 0x1F, 0xE1, 0xFF, 0xFE, 0x00, 0x00, 0x00,
  0x00, 0x03, 0xFC, 0x00, 0x07, 0xF8, 0x00, 0x00, 0x3F, 0xFB, 0xF0, 0xFF,
  0xE0, 0x00, 0x00, 0x00, 0x3F, 0xF0, 0x00, 0x03, 0x80, 0x00, 0x00, 0x03,
  0xFF, 0xC0, 0x1F, 0xFF, 0x00, 0x00, 0x00, 0x3F, 0xC0, 0x00, 0x00, 0x00,
  0x00, 0x00, 0x00, 0x7F, 0x80, 0x03, 0xFF, 0x80, 0x00, 0x00, 0xFF, 0x80,
  0x00, 0x00, 0x00, 0x00, 0x00, 0x00, 0x1F, 0x80, 0x00, 0xFF, 0xE0, 0x00,
  0x03, 0xFF, 0x00, 0x00, 0xF0, 0x00, 0x00, 0x00, 0x00, 0x0F, 0xC0, 0x00,
  0x1F, 0xF0, 0x00, 0x03, 0xE0, 0x00, 0x01, 0xF0, 0x00, 0x00, 0x00, 0x00,
  0x07, 0xC0, 0x00, 0x01, 0xF0, 0x00, 0x07, 0xC0, 0x00, 0x01, 0xF0, 0x00,
  0x00, 0x00, 0x00, 0x01, 0xE0, 0x00, 0x00, 0xF8, 0x00, 0x07, 0x80, 0x00,
  0x01, 0xE0, 0x00, 0x00, 0x00, 0x00, 0x00, 0xF0, 0x00, 0x00, 0x78, 0x00,
  0x07, 0x00, 0x00, 0x03, 0xC0, 0x00, 0x00, 0x00, 0x00, 0x00, 0x78, 0x00,
  0x00, 0x38, 0x00, 0x07, 0xF0, 0x00, 0x03, 0xC0, 0x00, 0x00, 0x00, 0x00,
  0x00, 0x3C, 0x00, 0x00, 0x3C, 0x00, 0x07, 0xF0, 0x00, 0x03, 0x80, 0x00,
  0x00, 0x00, 0x00, 0x00, 0x1C, 0x00, 0x01, 0xFC, 0x00, 0x07, 0xF0, 0x00,
  0x07, 0x80, 0x00, 0x00, 0x00, 0x00, 0x00, 0x1E, 0x00, 0x01, 0xFC, 0x00,
  0x07, 0xE0, 0x00, 0x07, 0x80, 0x00, 0x00, 0x00, 0x00, 0x00, 0x1F, 0x00,
  0x01, 0xFC, 0x00, 0x07, 0xC0, 0x00, 0x0F, 0x00, 0x00, 0x00, 0x00, 0x00,
  0x00, 0x0F, 0x00, 0x00, 0xFC, 0x00, 0x07, 0xC0, 0x00, 0x0F, 0x00, 0x00,
  0x00, 0x00, 0x00, 0x00, 0x07, 0x80, 0x00, 0x7C, 0x00, 0x03, 0xC0, 0x00,
  0x1E, 0x00, 0x07, 0x00, 0x00, 0x00, 0x0C, 0x03, 0x80, 0x00, 0x70, 0x08,
  0x03, 0xC0, 0x00, 0x1E, 0x00, 0x0F, 0x80, 0x00, 0x00, 0x1E, 0x03, 0x80,
  0x00, 0x70, 0x3C, 0x23, 0xC0, 0x00, 0x3E, 0x00, 0x0F, 0xC0, 0x00, 0x00,
  0x3E, 0x03, 0x80, 0x00, 0x70, 0x7C, 0x33, 0xE0, 0x00, 0x7C, 0x00, 0x0F,
  0xC0, 0x00, 0x00, 0x3E, 0x03, 0xC0, 0x00, 0xF0, 0xF8, 0x30, 0xF0, 0x00,
  0xF8, 0x00, 0x00, 0x00, 0x00, 0x00, 0x00, 0x01, 0xE0, 0x01, 0xE1, 0xF0,
  0x00, 0xF0, 0x01, 0xF0, 0x00, 0x00, 0x00, 0x00, 0x00, 0x00, 0x01, 0xF0,
  0x03, 0xE3, 0xE0, 0x00, 0xFC, 0x0F, 0xE0, 0x00, 0x00, 0x00, 0x00, 0x00,
  0x00, 0x01, 0xFC, 0x0F, 0xC3, 0x80, 0x00, 0x7E, 0x1F, 0xE0, 0x00, 0x00,
  0x00, 0x00, 0x00, 0x00, 0x01, 0xFE, 0x1F, 0x80, 0x00, 0x20, 0x7F, 0xFF,
  0xC0, 0x00, 0x00, 0x00, 0x00, 0x00, 0x00, 0x01, 0xFF, 0xFF, 0x00, 0x00,
  0x20, 0x3F, 0xFF, 0xC0, 0x00, 0x1F, 0x80, 0x00, 0x00, 0x1F, 0x01, 0xEF,
  0xFE, 0x00, 0x7C, 0x00, 0x0F, 0xFB, 0xC0, 0x00, 0x3F, 0xC0, 0x00, 0x00,
  0x3F, 0x81, 0xE7, 0xF8, 0x01, 0xFC, 0x00, 0x00, 0x07, 0xC0, 0x00, 0xFF,
  0xE0, 0x00, 0x00, 0x7F, 0xE0, 0xE0, 0x00, 0x00, 0xE0, 0x00, 0x00, 0x07,
  0x80, 0x01, 0xFF, 0xF0, 0x00, 0x00, 0xFF, 0xF0, 0xE0, 0x00, 0x00, 0x00,
  0x00, 0x00, 0x07, 0x80, 0x03, 0xF9, 0xF0, 0x00, 0x01, 0xE7, 0xF0, 0xE0,
  0x00, 0x00, 0x00, 0x00, 0x00, 0x07, 0x80, 0x03, 0xF0, 0xF8, 0x00, 0x03,
  0xC7, 0xF8, 0xE0, 0x00, 0x00, 0x00, 0x00, 0x00, 0x07, 0x80, 0x07, 0xF0,
  0xFC, 0x00, 0x03, 0xC7, 0xF8, 0xE0, 0x00, 0x00, 0x00, 0x00, 0x00, 0x07,
  0x80, 0x0F, 0xF0, 0xFC, 0x00, 0x03, 0xC7, 0xF8, 0xE0, 0x00, 0x00, 0x00,
  0x00, 0x00, 0x07, 0x80, 0x0F, 0xF9, 0xFC, 0x00, 0x03, 0xFF, 0xD8, 0xF0,
  0x00, 0x00, 0x00, 0x00, 0x00, 0x07, 0x80, 0x0F, 0xFF, 0xFC, 0x00, 0x03,
  0xFF, 0xD8, 0x70, 0x00, 0x00, 0x00, 0x00, 0x00, 0x07, 0x80, 0x0F, 0xFF,
  0xFC, 0x0F, 0xC3, 0xFF, 0xD8, 0x78, 0x00, 0x00, 0x00, 0x00, 0x00, 0x07,
  0x80, 0x0F, 0xFF, 0xFC, 0x1F, 0xE3, 0xFF, 0xD8, 0x78, 0x00, 0x00, 0x00,
  0x00, 0x00, 0x0F, 0x00, 0x0F, 0xFF, 0xFC, 0x1F, 0xF3, 0xFF, 0xD8, 0x38,
  0x00, 0x00, 0x00, 0x00, 0x00, 0x0E, 0x00, 0x0E, 0xFF, 0xFC, 0x1D, 0xF3,
  0xFB, 0xC0, 0x38, 0x00, 0x00, 0x00, 0x00, 0x00, 0x0E, 0x00, 0x07, 0xFF,
  0xF8, 0x1F, 0xF1, 0xFF, 0xB0, 0x38, 0x00, 0x00, 0x00, 0x00, 0x00, 0x0F,
  0xC0, 0x03, 0x7F, 0xF0, 0x0F, 0xF0, 0xFF, 0xF1, 0xF8, 0x00, 0x00, 0x00,
  0x00, 0x00, 0x0F, 0xC0, 0x00, 0x3F, 0xE1, 0x87, 0xE6, 0x7F, 0xE0, 0xF8,
  0x00, 0x00, 0x00, 0x00, 0x00, 0x0F, 0x80, 0x00, 0x1F, 0xC1, 0xC7, 0xCE,
  0x1F, 0x80, 0xF8, 0x00, 0x00, 0x00, 0x00, 0x00, 0x07, 0x90, 0x00, 0x00,
  0x01, 0xFF, 0xFE, 0x00, 0x06, 0x38, 0x00, 0x00, 0x00, 0x00, 0x00, 0x03,
  0xF8, 0x00, 0x00, 0x00, 0xFF, 0xFC, 0x00, 0x0F, 0xF0, 0x00, 0x00, 0x00,
  0x00, 0x00, 0x01, 0xF8, 0x00, 0x00, 0x00, 0x7F, 0xF0, 0x00, 0x07, 0xF0,
  0x00, 0x00, 0x00, 0x00, 0x00, 0x00, 0xF0, 0x00, 0x00, 0x00, 0x7F, 0xF0,
  0x00, 0x03, 0xE0, 0x00, 0x00, 0x00, 0x00, 0x00, 0x00, 0x7C, 0x00, 0x00,
  0x00, 0x77, 0xF0, 0x00, 0x03, 0xC0, 0x00, 0x00, 0x00, 0x00, 0x00, 0x00,
  0x7F, 0x00, 0x00, 0x00, 0x61, 0xE0, 0x00, 0x0F, 0x80, 0x00, 0x00, 0x00,
  0x00, 0x00, 0x00, 0x1F, 0xC0, 0x00, 0x00, 0x70, 0xE0, 0x00, 0x1F, 0x80,
  0x00, 0x00, 0x00, 0x00, 0x00, 0x00, 0x0F, 0xE0, 0x00, 0x00, 0x39, 0xC0,
  0x00, 0x3E, 0x00, 0x00, 0x00, 0x00, 0x00, 0x00, 0x00, 0x03, 0xF8, 0x00,
  0x00, 0x3F, 0xC0, 0x00, 0xFC, 0x00, 0x00, 0x00, 0x00, 0x00, 0x00, 0x00,
  0x03, 0xFF, 0x80, 0x00, 0x1F, 0x80, 0x07, 0xF8, 0x00, 0x00, 0x00, 0x00,
  0x00, 0x00, 0x00, 0x07, 0xFF, 0xE0, 0x00, 0x00, 0x00, 0x1F, 0xF0, 0x00,
  0x00, 0x00, 0x00, 0x00, 0x00, 0x00, 0x0F, 0xFF, 0xF0, 0x00, 0x00, 0x01,
  0xFF, 0xE0, 0x00, 0x00, 0x00, 0x00, 0x00, 0x00, 0x00, 0x3F, 0x83, 0xE0,
  0x00, 0x00, 0x0F, 0xFF, 0x00, 0x00, 0x00, 0x00, 0x00, 0x00, 0x00, 0x00,
  0x7E, 0x00, 0x00, 0x00, 0x00, 0x1F, 0xF8, 0x00, 0x00, 0x00, 0x00, 0x00,
  0x00, 0x00, 0x00, 0xFC, 0x00, 0x00, 0x00, 0x00, 0x1F, 0xC0, 0x00, 0x00,
  0x00, 0x00, 0x00, 0x00, 0x00, 0x00, 0xF0, 0x00, 0x00, 0x00, 0x00, 0x07,
  0x00, 0x00, 0x00, 0x00, 0x00, 0x00, 0x00, 0x0F, 0x01, 0xE0, 0x00, 0x00,
  0x00, 0x00, 0x07, 0x00, 0x00, 0x00, 0x00, 0x00, 0x00, 0x00, 0x3F, 0x03,
  0xC0, 0x00, 0x00, 0x00, 0x00, 0x07, 0x00, 0x00, 0x00, 0x00, 0x00, 0x00,
  0x00, 0x3F, 0x07, 0x80, 0x00, 0x00, 0x00, 0x00, 0x07, 0x00, 0x00, 0x00,
  0x00, 0x00, 0x00, 0x00, 0x7F, 0x0F, 0x00, 0x00, 0x00, 0x00, 0x00, 0x17,
  0x00, 0x00, 0x00, 0x00, 0x00, 0x00, 0x00, 0xFB, 0x1E, 0x00, 0x00, 0x00,
  0x00, 0x00, 0x3F, 0x00, 0x00, 0x00, 0x00, 0x00, 0x00, 0x00, 0xF3, 0x9E,
  0x00, 0x00, 0x00, 0x00, 0x00, 0x7F, 0x00, 0x00, 0x00, 0x00, 0x00, 0x00,
  0x00, 0xE3, 0xBC, 0x03, 0xE0, 0x80, 0x00, 0x00, 0xFE, 0x00, 0x00, 0x00,
  0x00, 0x00, 0x00, 0x00, 0xE3, 0xFC, 0x03, 0xF9, 0x80, 0x00, 0x01, 0xFE,
  0x00, 0x00, 0x00, 0x00, 0x00, 0x00, 0x00, 0xE3, 0xF8, 0x03, 0xFF, 0x80,
  0x00, 0x01, 0xFC, 0x00, 0x00, 0x00, 0x00, 0x00, 0x00, 0x00, 0xE1, 0xF8,
  0x00, 0x3F, 0x80, 0x01, 0xC1, 0xFC, 0x00, 0x00, 0x00, 0x00, 0x00, 0x00,
  0x00, 0xE1, 0xF8, 0x00, 0x0F, 0x80, 0x01, 0xC3, 0xFC, 0x00, 0x00, 0x00,
  0x00, 0x00, 0x00, 0x00, 0xF0, 0xE0, 0x00, 0x07, 0x80, 0x01, 0xC7, 0xBC,
  0x00, 0x00, 0x00, 0x00, 0x00, 0x00, 0x00, 0xF8, 0xE0, 0x00, 0x03, 0x80,
  0x01, 0xCF, 0x3C, 0x00, 0x00, 0x00, 0x00, 0x00, 0x00, 0x00, 0xF8, 0xE0,
  0x00, 0x03, 0x80, 0x01, 0xFF, 0x3C, 0x00, 0x00, 0x00, 0x00, 0x00, 0x00,
  0x00, 0x78, 0xE0, 0x00, 0x01, 0xC0, 0x01, 0xFE, 0x3C, 0x00, 0x00, 0x00,
  0x00, 0x00, 0x00, 0x00, 0x70, 0xE0, 0x00, 0x01, 0xE0, 0x01, 0xF8, 0x3C,
  0x00, 0x00, 0x00, 0x00, 0x00, 0x00, 0x00, 0x78, 0xE0, 0x00, 0x01, 0xE0,
  0x01, 0xF0, 0x3C, 0x00, 0x00, 0x00, 0x00, 0x00, 0x00, 0x00, 0x7C, 0xE0,
  0x00, 0x01, 0xC0, 0x01, 0xE0, 0x3C, 0x00, 0x00, 0x00, 0x00, 0x00, 0x00,
  0x00, 0x3F, 0xE0, 0x00, 0x01, 0xE0, 0x01, 0xE0, 0x3C, 0x00, 0x00, 0x00,
  0x00, 0x00, 0x00, 0x00, 0x1F, 0xE0, 0x00, 0x01, 0xF0, 0x01, 0xE0, 0x3C,
  0x00, 0x00, 0x00, 0x00, 0x00, 0x00, 0x00, 0x0F, 0xF8, 0x00, 0x03, 0xF0,
  0x00, 0xE0, 0x3E, 0x00, 0x00, 0x00, 0x00, 0x00, 0x00, 0x00, 0x00, 0xF8,
  0x00, 0x3F, 0xF0, 0x00, 0xF0, 0x1E, 0x00, 0x00, 0x00, 0x00, 0x00, 0x00,
  0x00, 0x00, 0x78, 0x00, 0x7F, 0xF8, 0x00, 0xF0, 0x0F, 0x00, 0x00, 0x00,
  0x00, 0x00, 0x00, 0x00, 0x00, 0x7C, 0x00, 0x7F, 0xF8, 0x00, 0xF0, 0x9F,
  0x00, 0x00, 0x00, 0x00, 0x00, 0x00, 0x00, 0x00, 0x3E, 0x00, 0x00, 0x7C,
  0x00, 0x71, 0xFF, 0x00, 0x00, 0x00, 0x00, 0x00, 0x00, 0x00, 0x00, 0x1F,
  0xC0, 0x1D, 0xFC, 0x19, 0xF8, 0xFF, 0x00, 0x00, 0x00, 0x00, 0x00, 0x00,
  0x00, 0x00, 0x0F, 0xFE, 0x0F, 0xFF, 0x1D, 0xFF, 0xFF, 0x00, 0x00, 0x00,
  0x00, 0x00, 0x00, 0x00, 0x00, 0x07, 0xFF, 0x0F, 0xFF, 0x9D, 0xFF, 0xFE,
  0x00, 0x00, 0x00, 0x00, 0x00, 0x00, 0x00, 0x00, 0x03, 0xFF, 0xFF, 0xFF,
  0xFF, 0xFF, 0xFC, 0x00, 0x00, 0x00, 0x00, 0x00, 0x00, 0x00, 0x00, 0x00,
  0x1F, 0xFF, 0xC3, 0xFF, 0xE7, 0xF0, 0x00, 0x00, 0x00, 0x00, 0x00, 0x00,
  0x00, 0x00, 0x00, 0x00, 0x7F, 0x80, 0xFF, 0x00, 0x00, 0x00, 0x00, 0x00,
  0x00, 0x00, 0x00, 0x00, 0x00, 0x00, 0x00, 0x00, 0x00, 0x00, 0x00, 0x00,
  0x00, 0x00, 0x00, 0x00, 0x00, 0x00, 0x00, 0x00, 0x00, 0x00, 0x00, 0x00,
  0x00, 0x00, 0x00, 0x00, 0x00, 0x00, 0x00, 0x00, 0x00, 0x00, 0x00, 0x00,
  0x00, 0x00, 0x00, 0x00, 0x00, 0x00, 0x00, 0x00, 0x00, 0x00, 0x00, 0x00,
  0x00, 0x00, 0x00, 0x00, 0x00, 0x00, 0x00, 0x00, 0x00, 0x00, 0x00, 0x00,
  0x00, 0x00, 0x00, 0x00, 0x00, 0x00, 0x00, 0x00, 0x00, 0x00, 0x00, 0x00,
  0x00, 0x00, 0x00, 0x00, 0x00, 0x00, 0x00, 0x00, 0x00, 0x00, 0x00, 0x00,
  0x00, 0x00, 0x00, 0x00, 0x00, 0x00, 0x00, 0x00, 0x00, 0x00, 0x00, 0x00,
  0x00, 0x00, 0x00, 0x00, 0x00, 0x00, 0x00, 0x00, 0x00, 0x00, 0x00, 0x00,
  0x00, 0x00, 0x00, 0x00, 0x00, 0x00, 0x00, 0x00, 0x00, 0x00, 0x00, 0x00,
  0x00, 0x00, 0x00, 0x00, 0x00, 0x00, 0x00, 0x00, 0x00, 0x00, 0x00, 0x00,
  0x00, 0x00, 0x00, 0x00, 0x00, 0x00, 0x00, 0x00, 0x00, 0x00, 0x00, 0x00,
  0x00, 0x00, 0x00, 0x00, 0x00, 0x00, 0x00, 0x00, 0x00, 0x00, 0x00, 0x00,
  0x00, 0x00, 0x00, 0x00, 0x00, 0x00, 0x00, 0x00, 0x00, 0x00, 0x00, 0x00,
};

const uint8_t BUNNY_IDLE_WINK_BITMAP[] BITMAP_PROGMEM = {
  0x00, 0x00, 0x00, 0x00, 0x00, 0x00, 0x00, 0x00, 0x00, 0x00, 0x00, 0x00,
  0x00, 0x00, 0x00, 0x00, 0x00, 0x00, 0x00, 0x00, 0x00, 0x00, 0x00, 0x00,
  0x00, 0x00, 0x00, 0x00, 0x00, 0x00, 0x00, 0x00, 0x00, 0x00, 0x00, 0x00,
  0x00, 0x00, 0x00, 0x01, 0xFF, 0x80, 0x00, 0x00, 0x00, 0x00, 0x00, 0x00,
  0x00, 0x00, 0x00, 0x00, 0x00, 0x00, 0x07, 0xFF, 0xC0, 0x00, 0x00, 0x00,
  0x00, 0x00, 0x00, 0x00, 0x1F, 0x00, 0x00, 0x00, 0x00, 0x0F, 0xFF, 0xE0,
  0x00, 0x00, 0x00, 0x00, 0x00, 0x00, 0x01, 0xFF, 0x80, 0x00, 0x00, 0x00,
  0x1F, 0x81, 0xF0, 0x00, 0x00, 0x00, 0x00, 0x00, 0x00, 0x07, 0xFF, 0xF8,
  0x00, 0x00, 0x00, 0x3F, 0x81, 0xF0, 0x00, 0x00, 0x00, 0x00, 0x00, 0x00,
  0x0F, 0xFF, 0xFE, 0x00, 0x00, 0x00, 0x7E, 0x00, 0xF8, 0x00, 0x00, 0x00,
  0x00, 0x00, 0x00, 0x1F, 0x80, 0xFE, 0x00, 0x00, 0x00, 0xF8, 0x00, 0xF8,
  0x00, 0x00, 0x00, 0x00, 0x00, 0x00, 0x1F, 0x00, 0xFF, 0x80, 0x00, 0x00,
  0xF0, 0x00, 0x38, 0x00, 0x00, 0x00, 0x00, 0x00, 0x00, 0x3E, 0x00, 0x1F,
  0xC0, 0x00, 0x03, 0xF0, 0x00, 0x38, 0x00, 0x00, 0x00, 0x00, 0x00, 0x00,
  0x7C, 0x00, 0x0F, 0xE0, 0x00, 0x03, 0xE0, 0x00, 0x38, 0x00, 0x00, 0x00,
  0x00, 0x00, 0x00, 0x7C, 0x00, 0x03, 0xF0, 0x00, 0x03, 0x80, 0x78, 0x3C,
  0x00, 0x00, 0x00, 0x00, 0x00, 0x00, 0x78, 0x00, 0x00, 0xF8, 0x00, 0x07,
  0xC0, 0x7C, 0x1C, 0x00, 0x00, 0x00, 0x00, 0x00, 0x00, 0x78, 0x00, 0x00,
  0xFC, 0x00, 0x07, 0x81, 0xFE, 0x1C, 0x00, 0x00, 0x00, 0x00, 0x00, 0x00,
  0x78, 0x00, 0x00, 0x7C, 0x00, 0x0F, 0x03, 0xEF, 0x1C, 0x00, 0x00, 0x00,
  0x00, 0x00, 0x00, 0x78, 0x0F, 0x80, 0x3C, 0x00, 0x0F, 0x03, 0x87, 0x1C,
  0x00, 0x00, 0x00, 0x00, 0x00, 0x00, 0x78, 0x1F, 0xE0, 0x3E, 0x00, 0x0E,
  0x07, 0x07, 0x1C, 0x00, 0x00, 0x00, 0x00, 0x00, 0x00, 0x78, 0x3C, 0xF0,
  0x1E, 0x00, 0x0E, 0x07, 0x07, 0x1C, 0x00, 0x00, 0x00, 0x00, 0x00, 0x00,
  0x78, 0x38, 0xF8, 0x0E, 0x00, 0x1E, 0x0E, 0x07, 0x1C, 0x00, 0x00, 0x00,
  0x00, 0x00, 0x00, 0x7C, 0x38, 0x3E, 0x0F, 0x80, 0x1E, 0x0E, 0x07, 0x1C,
  0x00, 0x00, 0x00, 0x00, 0x00, 0x00, 0x7C, 0x38, 0x0E, 0x07, 0x80, 0x1E,
  0x0E, 0x07, 0x3C, 0x00, 0x00, 0x00, 0x00, 0x00, 0x00, 0x1C, 0x38, 0x0F,
  0x07, 0x80, 0x1C, 0x1C, 0x07, 0x3C, 0x00, 0x00, 0x00, 0x00, 0x00, 0x00,
  0x1C, 0x3C, 0x07, 0x07, 0x80, 0x1C, 0x0C, 0x0F, 0x38, 0x00, 0x00, 0x00,
  0x00, 0x00, 0x00, 0x1E, 0x1C, 0x03, 0x87, 0xC0, 0x1C, 0x1C, 0x0E, 0x38,
  0x00, 0x00, 0x00, 0x00, 0x00, 0x00, 0x1E, 0x1E, 0x03, 0xC3, 0xC0, 0x1C,
  0x3C, 0x0E, 0x78, 0x00, 0x00, 0x00, 0x00, 0x00, 0x00, 0x0F, 0x1E, 0x01,
  0xC3, 0xC0, 0x1C, 0x38, 0x0E, 0xF8, 0x00, 0x00, 0x00, 0x00, 0x00, 0x00,
  0x0F, 0x8F, 0x01, 0xC3, 0xC0, 0x1C, 0x38, 0x1C, 0xF8, 0x00, 0x00, 0x00,
  0x00, 0x00, 0x00, 0x0F, 0x87, 0x81, 0xE3, 0xC0, 0x3C, 0x38, 0x3C, 0xF0,
  0x00, 0x00, 0x00, 0x00, 0x00, 0x00, 0x07, 0xC3, 0xC0, 0xE3, 0xC1, 0xFF,
  0x38, 0x39, 0xF0, 0x00, 0x00, 0x00, 0x00, 0x00, 0x00, 0x07, 0xE3, 0xE0,
  0x61, 0xCF, 0xFF, 0x38, 0x71, 0xF0, 0x00, 0x00, 0x00, 0x00, 0x00, 0x00,
  0x01, 0xF0, 0xF0, 0x61, 0xFF, 0xE7, 0xF8, 0xF3, 0xC0, 0x00, 0x00, 0x00,
  0x00, 0x00, 0x00, 0x01, 0xF0, 0xF8, 0x71, 0xFF, 0xCF, 0xF8, 0xE3, 0xE0,
  0x00, 0x00, 0x00, 0x00, 0x00, 0x00, 0x00, 0xF8, 0x7C, 0x79, 0xFF, 0x1F,
  0xFD, 0xE7, 0xC0, 0x00, 0x00, 0x00, 0x00, 0x00, 0x00, 0x00, 0x7C, 0x1F,
  0x39, 0xFC, 0x1F, 0xFF, 0xEF, 0x80, 0x00, 0x00, 0x00, 0x00, 0x00, 0x00,
  0x00, 0x3F, 0x0F, 0xB9, 0xC0, 0x18, 0xFF, 0xDF, 0x00, 0x00, 0x00, 0x00,
  0x00, 0x00, 0x00, 0x00, 0x1F, 0x83, 0xF9, 0xC0, 0x00, 0xFF, 0xFE, 0x00,
  0x00, 0x00, 0x00, 0x00, 0x00, 0x00, 0x00, 0x0F, 0xC3, 0xF8, 0x00, 0x00,
  0x03, 0xFC, 0x00, 0x00, 0x00, 0x00, 0x00, 0x00, 0x00, 0x00, 0x03, 0xF0,
  0xF0, 0x00, 0x00, 0x00, 0x7F, 0x00, 0x00, 0x00, 0x00, 0x00, 0x00, 0x00,
  0x00, 0x01, 0xF8, 0x60, 0x00, 0x00, 0x00, 0x1F, 0x80, 0x00, 0x00, 0x00,
  0x00, 0x00, 0x00, 0x00, 0x00, 0xFE, 0x00, 0x00, 0x00, 0x00, 0x0F, 0xC0,
  0x00, 0x00, 0x00, 0x00, 0x00, 0x00, 0x00, 0x01, 0xFE, 0x00, 0x00, 0x00,
  0x00, 0x03, 0xE0, 0x00, 0x00, 0x00, 0x00, 0x00, 0x00, 0x00, 0x01, 0xE6,
  0x00, 0x00, 0x00, 0x00, 0x01, 0xF0, 0x00, 0x00, 0x00, 0x00, 0x00, 0x00,
  0x00, 0x03, 0xC0, 0x00, 0x00, 0x00, 0x00, 0x00, 0xF8, 0x00, 0x00, 0x00,
  0x00, 0x00, 0x00, 0x00, 0x07, 0xC0, 0x00, 0x00, 0x00, 0x00, 0x00, 0x7C,
  0x00, 0x00, 0x00, 0x00, 0x00, 0x00, 0x00, 0x0F, 0x80, 0x00, 0x00, 0x00,
  0x00, 0x00, 0x3C, 0x00, 0x00, 0x00, 0x00, 0x00, 0x00, 0x00, 0x1F, 0x00,
  0x00, 0x00, 0x00, 0x00, 0x00, 0x1E, 0x00, 0x00, 0x00, 0x00, 0x00, 0x00,
  0x00, 0x1F, 0x00, 0x00, 0x00, 0x00, 0x00, 0x00, 0x1F, 0x00, 0x00, 0x00,
  0x00, 0x00, 0x00, 0x00, 0x3E, 0x00, 0x00, 0x00, 0x00, 0x00, 0x00, 0x1F,
  0x00, 0x00, 0x00, 0x00, 0x00, 0x00, 0x00, 0x3C, 0x00, 0x00, 0x00, 0x00,
  0x00, 0x00, 0x0F, 0x00, 0x00, 0x00, 0x00, 0x00, 0x00, 0x00, 0x38, 0x00,
  0x00, 0xE0, 0x00, 0x00, 0x3C, 0x0F, 0x80, 0x00, 0x00, 0x00, 0x00, 0x00,
  0x00, 0x78, 0x00, 0x01, 0xE0, 0x00, 0x00, 0x3E, 0x0F, 0x80, 0x00, 0x00,
  0x00, 0x00, 0x00, 0x00, 0x78, 0x00, 0x03, 0x80, 0x00, 0x00, 0x06, 0x07,
  0x80, 0x00, 0x00, 0x00, 0x00, 0x00, 0x00, 0x70, 0x00, 0x00, 0x00, 0x00,
  0x00, 0x00, 0x07, 0x80, 0x00, 0x00, 0x00, 0x00, 0x00, 0x01, 0xF0, 0x00,
  0x00, 0x00, 0x00, 0x00, 0x00, 0x07, 0xC0, 0x00, 0x00, 0x00, 0x00, 0x00,
  0x01, 0xF0, 0x00, 0x00, 0x00, 0x00, 0x00, 0x00, 0x03, 0xC0, 0x00, 0x00,
  0x00, 0x00, 0x00, 0x01, 0xF0, 0x00, 0x00, 0x00, 0x00, 0x00, 0x00, 0x01,
  0xC0, 0x00, 0x00, 0x00, 0x00, 0x00, 0x01, 0xE0, 0x00, 0x00, 0x00, 0x00,
  0x00, 0x00, 0x01, 0xC0, 0x00, 0x00, 0x00, 0x00, 0x00, 0x01, 0xC0, 0x00,
  0x00, 0xFC, 0x00, 0x00, 0x00, 0x01, 0xC0, 0x00, 0x00, 0x00, 0x00, 0x00,
  0x01, 0xC0, 0x00, 0x01, 0xFE, 0x00, 0x00, 0x00, 0x01, 0xC0, 0x00, 0x00,
  0x00, 0x00, 0x00, 0x01, 0xC0, 0x00, 0x03, 0xFF, 0x00, 0x00, 0x00, 0x01,
  0xC0, 0x00, 0x00, 0x00, 0x00, 0x00, 0x01, 0xC0, 0x00, 0x07, 0xFF, 0x80,
  0x00, 0x00, 0x01, 0xC0, 0x00, 0x00, 0x00, 0x00, 0x00, 0x01, 0xC0, 0x00,
  0x0F, 0xE7, 0xC0, 0x00, 0x00, 0x01, 0xC0, 0x00, 0x00, 0x00, 0x00, 0x00,
  0x01, 0xC0, 0x00, 0x0F, 0xC3, 0xC0, 0x00, 0x00, 0x01, 0xC0, 0x00, 0x00,
  0x00, 0x00, 0x00, 0x01, 0xC0, 0x00, 0x1F, 0xC3, 0xC0, 0x00, 0x0F, 0xC1,
  0xC0, 0x00, 0x00, 0x00, 0x00, 0x00, 0x01, 0xC0, 0x00, 0x3F, 0xE7, 0xC0,
  0x00, 0x1F, 0xF1, 0xE0, 0x00, 0x00, 0x00, 0x00, 0x00, 0x01, 0xE0, 0x00,
  0x3F, 0xFF, 0xC0, 0x00, 0x3F, 0xFD, 0xF0, 0x00, 0x00, 0x00, 0x00, 0x00,
  0x01, 0xE0, 0x00, 0x3F, 0xFF, 0xC0, 0x00, 0x7C, 0xFC, 0xF0, 0x00, 0x00,
  0x00, 0x00, 0x00, 0x00, 0xE0, 0x00, 0x3F, 0xFF, 0xC0, 0x00, 0x70, 0x3C,
  0xF8, 0x00, 0x00, 0x00, 0x00, 0x00, 0x03, 0xE0, 0x00, 0x3F, 0xFF, 0xC0,
  0x00, 0x70, 0x1C, 0x78, 0x00, 0x00, 0x00, 0x00, 0x00, 0x03, 0xC0, 0x00,
  0x3F, 0xBF, 0xC0, 0xFC, 0x60, 0x00, 0x38, 0x00, 0x00, 0x00, 0x00, 0x00,
  0x03, 0xC0, 0x00, 0x3F, 0xFF, 0xC0, 0xFC, 0x00, 0x00, 0x18, 0x00, 0x00,
  0x00, 0x00, 0x00, 0x03, 0xC0, 0x00, 0x0D, 0xFF, 0x80, 0x7C, 0x00, 0x00,
  0x38, 0x00, 0x00, 0x00, 0x00, 0x00, 0x03, 0xF0, 0x00, 0x0F, 0xFF, 0x00,
  0x38, 0x00, 0x00, 0x78, 0x00, 0x00, 0x00, 0x00, 0x00, 0x03, 0xF0, 0x00,
  0x01, 0xFE, 0x00, 0x31, 0x80, 0x00, 0xF8, 0x00, 0x00, 0x00, 0x00, 0x00,
  0x01, 0xE0, 0x00, 0x00, 0xFC, 0x0F, 0xFF, 0x80, 0x00, 0xF8, 0x00, 0x00,
  0x00, 0x00, 0x00, 0x00, 0xF8, 0x00, 0x00, 0x00, 0x0F, 0xFF, 0x00, 0x00,
  0x70, 0x00, 0x00, 0x00, 0x00, 0x00, 0x00, 0xF8, 0x00, 0x00, 0x00, 0x07,
  0xFE, 0x00, 0x01, 0xF0, 0x00, 0x00, 0x00, 0x00, 0x00, 0x00, 0x7C, 0x00,
  0x00, 0x00, 0x07, 0xFE, 0x00, 0x01, 0xF0, 0x00, 0x00, 0x00, 0x00, 0x00,
  0x00, 0x3F, 0x00, 0x00, 0x00, 0x07, 0x1E, 0x00, 0x07, 0xC0, 0x00, 0x00,
  0x00, 0x00, 0x00, 0x00, 0x3F, 0xC0, 0x00, 0x00, 0x07, 0x0E, 0x00, 0x0F,
  0xC0, 0x00, 0x00, 0x00, 0x00, 0x00, 0x00, 0x0F, 0xF0, 0x00, 0x00, 0x07,
  0xBC, 0x00, 0x3F, 0x80, 0x00, 0x00, 0x00, 0x00, 0x00, 0x00, 0x07, 0xFC,
  0x00, 0x00, 0x07, 0xF8, 0x00, 0xFE, 0x00, 0x00, 0x00, 0x00, 0x00, 0x00,
  0x00, 0x0F, 0xFE, 0x00, 0x00, 0x03, 0xF0, 0x01, 0xFE, 0x00, 0x00, 0x00,
  0x00, 0x00, 0x00, 0x00, 0x1F, 0x7F, 0xE0, 0x00, 0x01, 0xF0, 0x1F, 0xF8,
  0x00, 0x00, 0x00, 0x00, 0x00, 0x00, 0x00, 0x3E, 0x0F, 0xFC, 0x00, 0x00,
  0x00, 0xFF, 0xE0, 0x00, 0x00, 0x00, 0x00, 0x00, 0x00, 0x00, 0x7C, 0x00,
  0xFE, 0x00, 0x00, 0x01, 0xFE, 0x00, 0x00, 0x00, 0x00, 0x00, 0x00, 0x01,
  0xFC, 0xF8, 0x00, 0x00, 0x00, 0x00, 0x01, 0xF0, 0x00, 0x00, 0x00, 0x00,
  0x00, 0x00, 0x03, 0xFF, 0xF0, 0x00, 0x00, 0x00, 0x00, 0x01, 0xF0, 0x00,
  0x00, 0x00, 0x00, 0x00, 0x00, 0x07, 0xFF, 0xE0, 0x00, 0x00, 0x00, 0x00,
  0x00, 0x70, 0x00, 0x00, 0x00, 0x00, 0x00, 0x00, 0x0F, 0x8F, 0xE0, 0x00,
  0x00, 0x00, 0x00, 0x00, 0x30, 0x00, 0x00, 0x00, 0x00, 0x00, 0x00, 0x07,
  0x07, 0xC0, 0x00, 0x00, 0x00, 0x00, 0x00, 0x30, 0x00, 0x00, 0x00, 0x00,
  0x00, 0x00, 0x0F, 0x03, 0x80, 0x00, 0x00, 0x00, 0x00, 0x00, 0xF0, 0x00,
  0x00, 0x00, 0x00, 0x00, 0x00, 0x07, 0x07, 0x80, 0x00, 0x00, 0x00, 0x00,
  0x00, 0xF0, 0x00, 0x00, 0x00, 0x00, 0x00, 0x00, 0x0F, 0x07, 0x00, 0x07,
  0x00, 0x00, 0x00, 0x00, 0x70, 0x00, 0x00, 0x00, 0x00, 0x00, 0x00, 0x1F,
  0x07, 0x00, 0x07, 0xC0, 0x00, 0x00, 0x03, 0x70, 0x00, 0x00, 0x00, 0x00,
  0x00, 0x00, 0x3E, 0x1F, 0x00, 0x01, 0xE0, 0x00, 0x00, 0x03, 0xE0, 0x00,
  0x00, 0x00, 0x00, 0x00, 0x00, 0x3C, 0x1F, 0x00, 0x00, 0xE0, 0x00, 0x00,
  0x0F, 0xE0, 0x00, 0x00, 0x00, 0x00, 0x00, 0x00, 0x38, 0x1E, 0x00, 0x00,
  0x70, 0x00, 0x00, 0x0F, 0x80, 0x00, 0x00, 0x00, 0x00, 0x00, 0x00, 0x38,
  0x1E, 0x00, 0x00, 0x78, 0x00, 0x18, 0x1F, 0x80, 0x00, 0x00, 0x00, 0x00,
  0x00, 0x00, 0x3C, 0x1E, 0x00, 0x00, 0x70, 0x00, 0x18, 0x7B, 0x80, 0x00,
  0x00, 0x00, 0x00, 0x00, 0x00, 0x3C, 0x1E, 0x00, 0x00, 0x3C, 0x00, 0x38,
  0xFB, 0x80, 0x00, 0x00, 0x00, 0x00, 0x00, 0x00, 0x1F, 0x1E, 0x00, 0x00,
  0x3C, 0x00, 0x3B, 0xE7, 0x80, 0x00, 0x00, 0x00, 0x00, 0x00, 0x00, 0x1F,
  0x1E, 0x00, 0x00, 0x3C, 0x00, 0x3F, 0xC7, 0x80, 0x00, 0x00, 0x00, 0x00,
  0x00, 0x00, 0x0F, 0x1E, 0x00, 0x00, 0x3C, 0x00, 0x3F, 0xC7, 0x80, 0x00,
  0x00, 0x00, 0x00, 0x00, 0x00, 0x07, 0x1E, 0x00, 0x00, 0x3C, 0x00, 0x3F,
  0x07, 0x80, 0x00, 0x00, 0x00, 0x00, 0x00, 0x00, 0x0F, 0x8F, 0x00, 0x00,
  0x7C, 0x00, 0x3E, 0x07, 0x80, 0x00, 0x00, 0x00, 0x00, 0x00, 0x00, 0x07,
  0xFF, 0x00, 0x00, 0x7C, 0x00, 0x3C, 0x07, 0x80, 0x00, 0x00, 0x00, 0x00,
  0x00, 0x00, 0x03, 0xFF, 0x00, 0x07, 0xFC, 0x00, 0x3C, 0x03, 0x80, 0x00,
  0x00, 0x00, 0x00, 0x00, 0x00, 0x03, 0xFF, 0x80, 0x0F, 0xFE, 0x00, 0x3C,
  0x03, 0xE0, 0x00, 0x00, 0x00, 0x00, 0x00, 0x00, 0x00, 0xFF, 0xC0, 0x07,
  0xFE, 0x00, 0x3E, 0x01, 0xE0, 0x00, 0x00, 0x00, 0x00, 0x00, 0x00, 0x00,
  0x07, 0xE0, 0x00, 0x7F, 0x00, 0x1F, 0x1E, 0xE0, 0x00, 0x00, 0x00, 0x00,
  0x00, 0x00, 0x00, 0x03, 0xF0, 0x07, 0x6F, 0x00, 0xBF, 0x1F, 0xE0, 0x00,
  0x00, 0x00, 0x00, 0x00, 0x00, 0x00, 0x03, 0xFE, 0x03, 0x7F, 0xC1, 0xBF,
  0x9F, 0xE0, 0x00, 0x00, 0x00, 0x00, 0x00, 0x00, 0x00, 0x00, 0xFF, 0x83,
  0xBF, 0xE0, 0xFF, 0xFF, 0xE0, 0x00, 0x00, 0x00, 0x00, 0x00, 0x00, 0x00,
  0x00, 0x7F, 0xFF, 0xFF, 0xFF, 0xFF, 0xFF, 0x80, 0x00, 0x00, 0x00, 0x00,
  0x00, 0x00, 0x00, 0x00, 0x1F, 0xFF, 0xF9, 0xFF, 0xFE, 0xFF, 0x00, 0x00,
  0x00, 0x00, 0x00, 0x00, 0x00, 0x00, 0x00, 0x01, 0xFF, 0xF0, 0x3F, 0xF8,
  0x00, 0x00, 0x00, 0x00, 0x00, 0x00, 0x00, 0x00, 0x00, 0x00, 0x00, 0x00,
  0x00, 0x00, 0x00, 0x00, 0x00, 0x00, 0x00, 0x00, 0x00, 0x00, 0x00, 0x00,
  0x00, 0x00, 0x00, 0x00, 0x00, 0x00, 0x00, 0x00, 0x00, 0x00, 0x00, 0x00,
};

const uint8_t BUNNY_IDLE_SPARKLE_BITMAP[] BITMAP_PROGMEM = {
  0x00, 0x00, 0x00, 0x00, 0x00, 0x00, 0x00, 0x00, 0x00, 0x00, 0x00, 0x00,
  0x00, 0x00, 0x00, 0x00, 0x00, 0x00, 0x00, 0x00, 0x00, 0x00, 0x00, 0x00,
  0x00, 0x00, 0x00, 0x00, 0x00, 0x00, 0x00, 0x00, 0x00, 0x00, 0x00, 0x00,
  0x00, 0x00, 0x00, 0x00, 0x00, 0x00, 0x00, 0x00, 0x00, 0x00, 0x00, 0x00,
  0x00, 0x00, 0x00, 0x00, 0x00, 0x00, 0x00, 0x00, 0x00, 0x00, 0x00, 0x00,
  0x00, 0x00, 0x00, 0x00, 0x00, 0x00, 0x00, 0x00, 0x00, 0x00, 0x00, 0x00,
  0x00, 0x00, 0x00, 0x00, 0x00, 0x00, 0x00, 0x00, 0x00, 0x00, 0x00, 0x00,
  0x00, 0x00, 0x00, 0x00, 0x00, 0x00, 0x00, 0x00, 0x00, 0x00, 0x00, 0x00,
  0x00, 0x00, 0x00, 0x00, 0x00, 0x00, 0x00, 0x00, 0x00, 0x00, 0x00, 0x00,
  0x00, 0x00, 0x00, 0x00, 0x00, 0x00, 0x00, 0x00, 0x00, 0x00, 0x00, 0x00,
  0x00, 0x00, 0x00, 0x00, 0x00, 0x00, 0x00, 0x00, 0x00, 0x00, 0x00, 0x00,
  0x00, 0x00, 0x00, 0x00, 0x00, 0x00, 0x00, 0x00, 0x00, 0x00, 0x00, 0x00,
  0x00, 0x00, 0x00, 0x00, 0x00, 0x00, 0x00, 0x00, 0x00, 0x00, 0x00, 0x00,
  0x00, 0x00, 0x00, 0x00, 0x00, 0x00, 0x00, 0x00, 0x00, 0x00, 0x00, 0x00,
  0x00, 0x00, 0x00, 0x00, 0x00, 0x00, 0xFF, 0x00, 0x00, 0x00, 0x00, 0x00,
  0x00, 0x00, 0x00, 0x00, 0x00, 0x00, 0x00, 0x00, 0x01, 0xFF, 0x80, 0x00,
  0x00, 0x00, 0x00, 0x00, 0x00, 0x00, 0x01, 0xFF, 0x00, 0x00, 0x00, 0x07,
  0xFF, 0xC0, 0x00, 0x00, 0x00, 0x00, 0x00, 0x00, 0x00, 0x01, 0xFF, 0xE0,
  0x00, 0x00, 0x0F, 0xC3, 0xC0, 0x00, 0x00, 0x00, 0x00, 0x00, 0x00, 0x00,
  0x03, 0xFF, 0xF8, 0x00, 0x00, 0x1F, 0x01, 0xE0, 0x00, 0x00, 0x00, 0x00,
  0x00, 0x00, 0x00, 0x07, 0xC1, 0xFC, 0x00, 0x00, 0x3E, 0x01, 0xE0, 0x00,
  0x00, 0x00, 0x00, 0x00, 0x00, 0x00, 0x0F, 0x80, 0x3E, 0x00, 0x00, 0x7C,
  0x00, 0xE0, 0x00, 0x00, 0x00, 0x00, 0x00, 0x00, 0x00, 0x1E, 0x00, 0x1F,
  0x00, 0x00, 0x78, 0x00, 0xE0, 0x00, 0x00, 0x00, 0x00, 0x00, 0x00, 0x00,
  0x1E, 0x00, 0x0F, 0x80, 0x00, 0xF0, 0x00, 0xF0, 0x00, 0x00, 0x00, 0x00,
  0x00, 0x00, 0x00, 0x1E, 0x00, 0x07, 0xC0, 0x00, 0xE0, 0x78, 0x70, 0x00,
  0x00, 0x00, 0x00, 0x00, 0x00, 0x00, 0x1C, 0x00, 0x03, 0xE0, 0x01, 0xE0,
  0xFC, 0x70, 0x00, 0x00, 0x00, 0x00, 0x00, 0x00, 0x00, 0x1C, 0x00, 0x01,
  0xE0, 0x03, 0xC1, 0xDE, 0x70, 0x00, 0x00, 0x00, 0x00, 0x00, 0x00, 0x00,
  0x1C, 0x07, 0xC0, 0xF0, 0x01, 0xC3, 0xCE, 0x70, 0x00, 0x00, 0x00, 0x00,
  0x00, 0x00, 0x00, 0x1C, 0x0F, 0xE0, 0x70, 0x03, 0x83, 0x8E, 0x70, 0x00,
  0x00, 0x00, 0x00, 0x00, 0x00, 0x00, 0x1C, 0x1C, 0xF0, 0x70, 0x03, 0x87,
  0x0E, 0x70, 0x00, 0x00, 0x00, 0x00, 0x00, 0x00, 0x00, 0x1E, 0x18, 0x78,
  0x78, 0x07, 0x87, 0x0E, 0x70, 0x00, 0x00, 0x00, 0x00, 0x00, 0x00, 0x00,
  0x1E, 0x1C, 0x38, 0x38, 0x07, 0x07, 0x0E, 0x70, 0x00, 0x00, 0x00, 0x00,
  0x00, 0x00, 0x00, 0x0E, 0x1C, 0x1C, 0x38, 0x07, 0x07, 0x0E, 0xF0, 0x00,
  0x00, 0x00, 0x00, 0x00, 0x00, 0x00, 0x0F, 0x1C, 0x0C, 0x3C, 0x07, 0x0E,
  0x0C, 0xE0, 0x00, 0x00, 0x00, 0x00, 0x00, 0x00, 0x00, 0x0F, 0x0C, 0x0E,
  0x1E, 0x07, 0x0E, 0x1C, 0xE0, 0x00, 0x00, 0x00, 0x00, 0x00, 0x00, 0x00,
  0x07, 0x0E, 0x0E, 0x1E, 0x07, 0x0E, 0x1D, 0xE0, 0x00, 0x00, 0x00, 0x00,
  0x00, 0x00, 0x00, 0x07, 0x87, 0x07, 0x1E, 0x07, 0x0C, 0x3D, 0xE0, 0x00,
  0x00, 0x00, 0x00, 0x00, 0x00, 0x00, 0x03, 0xC7, 0x07, 0x1E, 0x0F, 0x0C,
  0x3B, 0xC0, 0x00, 0x00, 0x00, 0x00, 0x00, 0x00, 0x00, 0x01, 0xE3, 0x83,
  0x0E, 0x3F, 0xCC, 0x7B, 0xC0, 0x00, 0x00, 0x00, 0x00, 0x00, 0x00, 0x00,
  0x01, 0xF1, 0xE3, 0x8E, 0xFF, 0xCC, 0x77, 0xC0, 0x00, 0x00, 0x00, 0x00,
  0x00, 0x00, 0x00, 0x00, 0xF8, 0xF3, 0x8F, 0xFB, 0xFC, 0xF7, 0x80, 0x00,
  0x00, 0x00, 0x00, 0x00, 0x00, 0x00, 0x00, 0x7C, 0x7B, 0xCF, 0xE7, 0xFE,
  0xEF, 0x00, 0x00, 0x00, 0x00, 0x00, 0x00, 0x00, 0x00, 0x00, 0x3E, 0x3D,
  0xCF, 0x87, 0xBF, 0xDF, 0x00, 0x00, 0x00, 0x00, 0x00, 0x00, 0x00, 0x00,
  0x00, 0x1F, 0x9F, 0xCE, 0x00, 0x7F, 0xFE, 0x00, 0x00, 0x00, 0x00, 0x00,
  0x00, 0x00, 0x00, 0x00, 0x0F, 0xCF, 0xC4, 0x00, 0x03, 0xFC, 0x00, 0x00,
  0x00, 0x00, 0x00, 0x00, 0x00, 0x00, 0x00, 0x07, 0xC7, 0xC0, 0x00, 0x00,
  0x7E, 0x00, 0x00, 0x00, 0x00, 0x00, 0x00, 0x00, 0x00, 0x00, 0x03, 0xF3,
  0x80, 0x00, 0x00, 0x1F, 0x00, 0x00, 0x00, 0x00, 0x00, 0x00, 0x00, 0x00,
  0x00, 0x01, 0xF8, 0x00, 0x00, 0x00, 0x0F, 0xC0, 0x00, 0x00, 0x00, 0x00,
  0x00, 0x00, 0x30, 0x00, 0x03, 0xF8, 0x00, 0x00, 0x00, 0x07, 0xE0, 0x00,
  0x00, 0x00, 0x00, 0x00, 0x00, 0x38, 0x00, 0x07, 0xD8, 0x00, 0x00, 0x00,
  0x01, 0xF0, 0x00, 0x00, 0x00, 0x00, 0x00, 0x00, 0x38, 0x00, 0x07, 0x80,
  0x00, 0x00, 0x00, 0x00, 0xF0, 0x00, 0x00, 0x00, 0x00, 0x00, 0x00, 0x38,
  0x00, 0x0F, 0x00, 0x00, 0x00, 0x00, 0x00, 0x78, 0x00, 0x00, 0x00, 0x00,
  0x00, 0x00, 0x7C, 0x00, 0x0E, 0x00, 0x00, 0x00, 0x00, 0x00, 0x38, 0x00,
  0x00, 0x00, 0x00, 0x00, 0x00, 0xFE, 0x00, 0x1E, 0x00, 0x00, 0x00, 0x00,
  0x00, 0x3C, 0x00, 0x00, 0x00, 0x00, 0x00, 0x03, 0xEF, 0x80, 0x3C, 0x00,
  0x00, 0x00, 0x00, 0x1C, 0x1C, 0x00, 0x00, 0x00, 0x00, 0x00, 0x03, 0xEF,
  0x80, 0x38, 0x00, 0x0E, 0x00, 0x00, 0x1E, 0x1E, 0x00, 0x00, 0x00, 0x00,
  0x00, 0x00, 0xFE, 0x00, 0x78, 0x00, 0x1E, 0x00, 0x00, 0x06, 0x0E, 0x00,
  0x00, 0x00, 0x00, 0x00, 0x00, 0x7C, 0x00, 0x78, 0x00, 0x18, 0x00, 0x00,
  0x00, 0x0E, 0x00, 0x00, 0x00, 0x00, 0x00, 0x00, 0x38, 0x00, 0x70, 0x00,
  0x00, 0x00, 0x00, 0x00, 0x0E, 0x00, 0x00, 0x00, 0x00, 0x00, 0x00, 0x38,
  0x00, 0xF0, 0x00, 0x00, 0x00, 0x00, 0x00, 0x0F, 0x00, 0x00, 0x00, 0x00,
  0x00, 0x00, 0x38, 0x00, 0xF0, 0x00, 0x00, 0x00, 0x00, 0x00, 0x07, 0x80,
  0x00, 0x00, 0x00, 0x00, 0x00, 0x30, 0x00, 0xE0, 0x00, 0x00, 0x00, 0x00,
  0x0F, 0x87, 0x80, 0x00, 0x00, 0x00, 0x00, 0x00, 0x00, 0x00, 0xE0, 0x00,
  0x0F, 0x80, 0x00, 0x1F, 0xC7, 0x80, 0x00, 0x00, 0x00, 0x00, 0x00, 0x00,
  0x00, 0xE0, 0x00, 0x1F, 0xC0, 0x00, 0x3F, 0xE7, 0x80, 0x00, 0x00, 0x00,
  0x00, 0x00, 0x00, 0x00, 0xE0, 0x00, 0x3F, 0xE0, 0x00, 0x7F, 0xF7, 0x80,
  0x00, 0x00, 0x00, 0x00, 0x00, 0x00, 0x00, 0xE0, 0x00, 0x7F, 0xF0, 0x00,
  0xFB, 0xF7, 0x80, 0x00, 0x00, 0x00, 0x00, 0x00, 0x00, 0x00, 0xE0, 0x00,
  0xFC, 0xF0, 0x00, 0xF1, 0xFF, 0x80, 0x18, 0x00, 0x00, 0x00, 0x00, 0x00,
  0x00, 0xE0, 0x01, 0xFC, 0x70, 0x00, 0xFB, 0xFF, 0x00, 0x18, 0x00, 0x00,
  0x00, 0x00, 0x00, 0x00, 0xE0, 0x01, 0xFC, 0xF0, 0x00, 0xFF, 0xFF, 0x80,
  0x18, 0x00, 0x00, 0x00, 0x00, 0x00, 0x00, 0xE0, 0x01, 0xFF, 0xF0, 0x00,
  0xFF, 0xFB, 0xC0, 0x3C, 0x00, 0x00, 0x00, 0x00, 0x00, 0x00, 0xF0, 0x01,
  0xFF, 0xF0, 0x00, 0xFF, 0xFB, 0xC0, 0x7E, 0x00, 0x00, 0x00, 0x00, 0x00,
  0x01, 0xF0, 0x01, 0xFF, 0xF0, 0x18, 0x7F, 0xF1, 0xE0, 0xF7, 0x80, 0x00,
  0x00, 0x00, 0x00, 0x01, 0xE0, 0x01, 0xFF, 0xF0, 0x7C, 0x7F, 0xF0, 0xE1,
  0xE7, 0x80, 0x00, 0x00, 0x00, 0x00, 0x01, 0xC0, 0x01, 0xFF, 0xF0, 0x7E,
  0x3F, 0xE0, 0xE0, 0x7F, 0x00, 0x00, 0x00, 0x00, 0x00, 0x01, 0xC0, 0x00,
  0xDF, 0xE0, 0x3C, 0x1F, 0xC0, 0xE0, 0x3E, 0x00, 0x00, 0x00, 0x00, 0x00,
  0x01, 0xF0, 0x00, 0x1F, 0xC0, 0x18, 0x0F, 0x81, 0xE0, 0x1C, 0x00, 0x00,
  0x00, 0x00, 0x00, 0x01, 0xF0, 0x00, 0x0F, 0x83, 0x3D, 0x80, 0x03, 0xE0,
  0x18, 0x00, 0x00, 0x00, 0x00, 0x00, 0x00, 0xE0, 0x00, 0x07, 0x03, 0xFF,
  0x80, 0x01, 0xC0, 0x1C, 0x00, 0x00, 0x00, 0x00, 0x00, 0x00, 0xF8, 0x00,
  0x00, 0x01, 0xFF, 0x00, 0x07, 0xC0, 0x18, 0x00, 0x00, 0x00, 0x00, 0x00,
  0x00, 0x7C, 0x00, 0x00, 0x01, 0x8F, 0x00, 0x07, 0xC0, 0x00, 0x00, 0x00,
  0x00, 0x00, 0x00, 0x00, 0x3E, 0x00, 0x00, 0x01, 0x8F, 0x00, 0x0F, 0x00,
  0x00, 0x00, 0x00, 0x00, 0x00, 0x00, 0x00, 0x3F, 0x80, 0x00, 0x01, 0x8E,
  0x00, 0x1F, 0x00, 0x00, 0x00, 0x00, 0x00, 0x00, 0x00, 0x00, 0x0F, 0xE0,
  0x00, 0x03, 0xDC, 0x00, 0x7E, 0x00, 0x00, 0x00, 0x00, 0x00, 0x00, 0x00,
  0x00, 0x0F, 0xF8, 0x00, 0x01, 0xFC, 0x01, 0xFC, 0x00, 0x00, 0x00, 0x00,
  0x00, 0x00, 0x00, 0x00, 0x1F, 0xFF, 0x00, 0x00, 0xF8, 0x1F, 0xF0, 0x00,
  0x00, 0x00, 0x00, 0x00, 0x00, 0x00, 0x00, 0x3E, 0x3F, 0xE0, 0x00, 0x00,
  0xFF, 0xC0, 0x00, 0x00, 0x00, 0x00, 0x00, 0x00, 0x00, 0x7C, 0x3C, 0x07,
  0xF0, 0x00, 0x00, 0xFE, 0x00, 0x00, 0x00, 0x00, 0x00, 0x00, 0x00, 0x00,
  0xFF, 0x78, 0x00, 0x00, 0x00, 0x00, 0xE0, 0x00, 0x00, 0x00, 0x00, 0x00,
  0x00, 0x00, 0x01, 0xFF, 0xF0, 0x00, 0x00, 0x00, 0x00, 0x70, 0x00, 0x00,
  0x00, 0x00, 0x00, 0x00, 0x00, 0x03, 0xFF, 0xE0, 0x00, 0x00, 0x00, 0x00,
  0x70, 0x00, 0x00, 0x00, 0x00, 0x00, 0x00, 0x00, 0x03, 0xC3, 0xE0, 0x00,
  0x00, 0x00, 0x00, 0x30, 0x00, 0x00, 0x00, 0x00, 0x00, 0x00, 0x00, 0x03,
  0x81, 0xC0, 0x00, 0x00, 0x00, 0x00, 0x70, 0x00, 0x00, 0x00, 0x00, 0x00,
  0x00, 0x00, 0x03, 0x83, 0xC0, 0x1C, 0x00, 0x00, 0x00, 0x70, 0x00, 0x00,
  0x00, 0x00, 0x00, 0x00, 0x00, 0x07, 0x83, 0x80, 0x1E, 0x00, 0x00, 0x01,
  0x70, 0x00, 0x00, 0x00, 0x00, 0x00, 0x00, 0x00, 0x0F, 0x87, 0x00, 0x0F,
  0x00, 0x00, 0x01, 0xE0, 0x00, 0x00, 0x00, 0x00, 0x00, 0x00, 0x00, 0x0F,
  0x07, 0x00, 0x03, 0x80, 0x00, 0x03, 0xE0, 0x00, 0x00, 0x00, 0x00, 0x00,
  0x00, 0x00, 0x0E, 0x07, 0x00, 0x01, 0xC0, 0x00, 0x07, 0xC0, 0x00, 0x00,
  0x00, 0x00, 0x00, 0x00, 0x00, 0x0E, 0x0E, 0x00, 0x01, 0xC0, 0x06, 0x0F,
  0xC0, 0x00, 0x00, 0x00, 0x00, 0x00, 0x00, 0x00, 0x0F, 0x0E, 0x00, 0x01,
  0xC0, 0x06, 0x3F, 0xC0, 0x00, 0x00, 0x00, 0x00, 0x00, 0x00, 0x00, 0x07,
  0x8E, 0x00, 0x00, 0xE0, 0x0E, 0xFB, 0xC0, 0x00, 0x00, 0x00, 0x00, 0x00,
  0x00, 0x00, 0x07, 0xC6, 0x00, 0x00, 0xE0, 0x0F, 0xFB, 0xC0, 0x00, 0x00,
  0x00, 0x00, 0x00, 0x00, 0x00, 0x03, 0x8E, 0x00, 0x00, 0xE0, 0x0F, 0xE3,
  0xC0, 0x00, 0x00, 0x00, 0x00, 0x00, 0x00, 0x00, 0x03, 0xCE, 0x00, 0x00,
  0xE0, 0x0F, 0xC3, 0xC0, 0x00, 0x00, 0x00, 0x00, 0x00, 0x00, 0x00, 0x03,
  0xE7, 0x00, 0x01, 0xE0, 0x0F, 0x03, 0xC0, 0x00, 0x00, 0x00, 0x00, 0x00,
  0x00, 0x00, 0x03, 0xFF, 0x00, 0x03, 0xE0, 0x0F, 0x03, 0xC0, 0x00, 0x00,
  0x00, 0x00, 0x00, 0x00, 0x00, 0x00, 0xFF, 0x80, 0x1F, 0xF0, 0x0F, 0x03,
  0xC0, 0x00, 0x00, 0x00, 0x00, 0x00, 0x00, 0x00, 0x00, 0x7F, 0xC0, 0x1F,
  0xF0, 0x07, 0x81, 0xE0, 0x00, 0x00, 0x00, 0x00, 0x00, 0x00, 0x00, 0x00,
  0x03, 0xE0, 0x01, 0xF0, 0x07, 0x8F, 0xE0, 0x00, 0x00, 0x00, 0x00, 0x00,
  0x00, 0x00, 0x00, 0x01, 0xF0, 0x0F, 0xF8, 0x3D, 0xCF, 0xE0, 0x00, 0x00,
  0x00, 0x00, 0x00, 0x00, 0x00, 0x00, 0x01, 0xFF, 0x0D, 0xFE, 0x37, 0xFF,
  0xE0, 0x00, 0x00, 0x00, 0x00, 0x00, 0x00, 0x00, 0x00, 0x00, 0xFF, 0xFF,
  0xFF, 0x3F, 0xFF, 0xC0, 0x00, 0x00, 0x00, 0x00, 0x00, 0x00, 0x00, 0x00,
  0x00, 0x1F, 0xFF, 0xEF, 0xFF, 0xFF, 0x80, 0x00, 0x00, 0x00, 0x00, 0x00,
  0x00, 0x00, 0x00, 0x00, 0x03, 0xFF, 0x87, 0xFF, 0x00, 0x00, 0x00, 0x00,
  0x00, 0x00, 0x00, 0x00, 0x00, 0x00, 0x00, 0x00, 0x00, 0x00, 0x00, 0x00,
  0x00, 0x00, 0x00, 0x00, 0x00, 0x00, 0x00, 0x00, 0x00, 0x00, 0x00, 0x00,
  0x00, 0x00, 0x00, 0x00, 0x00, 0x00, 0x00, 0x00, 0x00, 0x00, 0x00, 0x00,
  0x00, 0x00, 0x00, 0x00, 0x00, 0x00, 0x00, 0x00, 0x00, 0x00, 0x00, 0x00,
  0x00, 0x00, 0x00, 0x00, 0x00, 0x00, 0x00, 0x00, 0x00, 0x00, 0x00, 0x00,
  0x00, 0x00, 0x00, 0x00, 0x00, 0x00, 0x00, 0x00, 0x00, 0x00, 0x00, 0x00,
  0x00, 0x00, 0x00, 0x00, 0x00, 0x00, 0x00, 0x00, 0x00, 0x00, 0x00, 0x00,
  0x00, 0x00, 0x00, 0x00, 0x00, 0x00, 0x00, 0x00, 0x00, 0x00, 0x00, 0x00,
  0x00, 0x00, 0x00, 0x00, 0x00, 0x00, 0x00, 0x00, 0x00, 0x00, 0x00, 0x00,
  0x00, 0x00, 0x00, 0x00, 0x00, 0x00, 0x00, 0x00, 0x00, 0x00, 0x00, 0x00,
  0x00, 0x00, 0x00, 0x00, 0x00, 0x00, 0x00, 0x00, 0x00, 0x00, 0x00, 0x00,
  0x00, 0x00, 0x00, 0x00, 0x00, 0x00, 0x00, 0x00, 0x00, 0x00, 0x00, 0x00,
  0x00, 0x00, 0x00, 0x00, 0x00, 0x00, 0x00, 0x00, 0x00, 0x00, 0x00, 0x00,
  0x00, 0x00, 0x00, 0x00, 0x00, 0x00, 0x00, 0x00, 0x00, 0x00, 0x00, 0x00,
};

const uint8_t BUNNY_IDLE_PERK_BITMAP[] BITMAP_PROGMEM = {
  0x00, 0x00, 0x00, 0x00, 0x00, 0x00, 0x00, 0x00, 0x00, 0x00, 0x00, 0x00,
  0x00, 0x00, 0x00, 0x00, 0x00, 0x00, 0x00, 0x00, 0x00, 0x00, 0x00, 0x00,
  0x00, 0x00, 0x00, 0x00, 0x00, 0x00, 0x00, 0x00, 0x00, 0x01, 0xFC, 0x00,
  0x00, 0x00, 0x00, 0x00, 0x00, 0x00, 0x00, 0x00, 0x00, 0x00, 0x00, 0x00,
  0x0F, 0xFF, 0x80, 0x00, 0x00, 0x00, 0x00, 0x00, 0x00, 0x00, 0x00, 0x00,
  0x00, 0x00, 0x00, 0x0F, 0xFF, 0xC0, 0x00, 0x00, 0x00, 0x1F, 0xF0, 0x00,
  0x00, 0x00, 0x00, 0x00, 0x00, 0x00, 0x1F, 0xFF, 0xE0, 0x00, 0x00, 0x00,
  0xFF, 0xF8, 0x00, 0x00, 0x00, 0x00, 0x00, 0x00, 0x00, 0x3F, 0x07, 0xF8,
  0x00, 0x00, 0x00, 0xFF, 0xFC, 0x00, 0x00, 0x00, 0x00, 0x00, 0x00, 0x00,
  0x3C, 0x00, 0xFC, 0x00, 0x00, 0x01, 0xF8, 0x7C, 0x00, 0x00, 0x00, 0x00,
  0x00, 0x00, 0x00, 0x78, 0x00, 0x7C, 0x00, 0x00, 0x07, 0xF8, 0x3E, 0x00,
  0x00, 0x00, 0x00, 0x00, 0x00, 0x00, 0x78, 0x00, 0x3E, 0x00, 0x00, 0x0F,
  0xC0, 0x1F, 0x00, 0x00, 0x00, 0x00, 0x00, 0x00, 0x00, 0x78, 0x00, 0x0F,
  0x00, 0x00, 0x0F, 0x80, 0x0F, 0x00, 0x00, 0x00, 0x00, 0x00, 0x00, 0x00,
  0x70, 0x00, 0x0F, 0x80, 0x00, 0x1F, 0x00, 0x0F, 0x00, 0x00, 0x00, 0x00,
  0x00, 0x00, 0x00, 0x70, 0x00, 0x07, 0xC0, 0x00, 0x3E, 0x00, 0x0F, 0x00,
  0x00, 0x00, 0x00, 0x00, 0x00, 0x00, 0x70, 0x1E, 0x03, 0xC0, 0x00, 0x3C,
  0x00, 0x0F, 0x80, 0x00, 0x00, 0x00, 0x00, 0x00, 0x00, 0x70, 0x3F, 0x01,
  0xC0, 0x00, 0x7C, 0x07, 0x03, 0x80, 0x00, 0x00, 0x00, 0x00, 0x00, 0x00,
  0x70, 0x7F, 0x81, 0xE0, 0x00, 0xF8, 0x0F, 0x87, 0x80, 0x00, 0x00, 0x00,
  0x00, 0x00, 0x00, 0x70, 0x73, 0xC0, 0xE0, 0x00, 0xF0, 0x1F, 0x87, 0x80,
  0x00, 0x00, 0x00, 0x00, 0x00, 0x00, 0x70, 0x71, 0xE0, 0xF0, 0x01, 0xE0,
  0x7D, 0xC7, 0x80, 0x00, 0x00, 0x00, 0x00, 0x00, 0x00, 0x70, 0x70, 0xE0,
  0xF8, 0x01, 0xE0, 0x70, 0xE7, 0x80, 0x00, 0x00, 0x00, 0x00, 0x00, 0x00,
  0x78, 0x70, 0x70, 0x70, 0x01, 0xE0, 0xE1, 0xE3, 0x80, 0x00, 0x00, 0x00,
  0x00, 0x00, 0x00, 0x38, 0x70, 0x78, 0x78, 0x01, 0xC0, 0xC0, 0xE7, 0x80,
  0x00, 0x00, 0x00, 0x00, 0x00, 0x00, 0x38, 0x70, 0x38, 0x7C, 0x03, 0xC1,
  0xC0, 0xE3, 0x80, 0x00, 0x00, 0x00, 0x00, 0x00, 0x00, 0x38, 0x78, 0x38,
  0x7C, 0x03, 0xC3, 0xC1, 0xEF, 0x80, 0x00, 0x00, 0x00, 0x00, 0x00, 0x00,
  0x3C, 0x38, 0x1C, 0x1C, 0x03, 0xC3, 0xC0, 0xEF, 0x80, 0x00, 0x00, 0x00,
  0x00, 0x00, 0x00, 0x1C, 0x38, 0x0C, 0x1C, 0x03, 0x83, 0x81, 0xEF, 0x00,
  0x00, 0x00, 0x00, 0x00, 0x00, 0x00, 0x1C, 0x1C, 0x0E, 0x1C, 0x03, 0x83,
  0x83, 0xCF, 0x00, 0x00, 0x00, 0x00, 0x00, 0x00, 0x00, 0x1E, 0x1C, 0x07,
  0x1E, 0x03, 0x87, 0x83, 0xCF, 0x00, 0x00, 0x00, 0x00, 0x00, 0x00, 0x00,
  0x0E, 0x1C, 0x07, 0x1E, 0x03, 0x87, 0x07, 0xDF, 0x00, 0x00, 0x00, 0x00,
  0x00, 0x00, 0x00, 0x0F, 0x0E, 0x07, 0x0E, 0x03, 0x87, 0x07, 0x9E, 0x00,
  0x00, 0x00, 0x00, 0x00, 0x00, 0x00, 0x0F, 0x8F, 0x07, 0x0E, 0x03, 0x87,
  0x0F, 0xBC, 0x00, 0x00, 0x00, 0x00, 0x00, 0x00, 0x00, 0x07, 0x87, 0x07,
  0x0E, 0x0F, 0xC7, 0x0E, 0x3C, 0x00, 0x00, 0x00, 0x00, 0x00, 0x00, 0x00,
  0x03, 0xC3, 0x87, 0x0E, 0x1F, 0xE7, 0x0E, 0x3C, 0x00, 0x00, 0x00, 0x00,
  0x00, 0x00, 0x00, 0x03, 0xC1, 0xC7, 0x8E, 0x7F, 0xE6, 0x1E, 0x78, 0x00,
  0x00, 0x00, 0x00, 0x00, 0x00, 0x00, 0x03, 0xF1, 0xE3, 0x8F, 0xFD, 0xFE,
  0x1C, 0xF8, 0x00, 0x00, 0x00, 0x00, 0x00, 0x00, 0x00, 0x00, 0xF8, 0xF3,
  0x8F, 0xF3, 0xFE, 0x3C, 0xF0, 0x00, 0x00, 0x00, 0x00, 0x00, 0x00, 0x00,
  0x00, 0x7C, 0x7B, 0x8F, 0xC7, 0xFF, 0xF9, 0xF0, 0x00, 0x00, 0x00, 0x00,
  0x00, 0x00, 0x00, 0x00, 0x3C, 0x3B, 0x8E, 0x07, 0x8F, 0xF3, 0xE0, 0x00,
  0x00, 0x00, 0x00, 0x00, 0x00, 0x00, 0x00, 0x3F, 0x1F, 0x8E, 0x02, 0x3F,
  0xFF, 0xC0, 0x00, 0x00, 0x00, 0x00, 0x00, 0x00, 0x00, 0x00, 0x1F, 0x8F,
  0x80, 0x00, 0x1F, 0xFF, 0x80, 0x00, 0x00, 0x00, 0x00, 0x00, 0x00, 0x00,
  0x00, 0x07, 0xC6, 0x00, 0x00, 0x00, 0x7F, 0x80, 0x00, 0x00, 0x00, 0x00,
  0x00, 0x00, 0x00, 0x00, 0x03, 0xE0, 0x00, 0x00, 0x00, 0x0F, 0x80, 0x00,
  0x00, 0x00, 0x00, 0x00, 0x00, 0x00, 0x00, 0x07, 0xF0, 0x00, 0x00, 0x00,
  0x0F, 0xC0, 0x00, 0x00, 0x00, 0x00, 0x00, 0x00, 0xE0, 0x00, 0x0F, 0xF0,
  0x00, 0x00, 0x00, 0x03, 0xF0, 0x00, 0x00, 0x00, 0x00, 0x00, 0x00, 0xE0,
  0x00, 0x0F, 0x00, 0x00, 0x00, 0x00, 0x01, 0xF0, 0x00, 0x00, 0x00, 0x00,
  0x00, 0x00, 0x70, 0x00, 0x1E, 0x00, 0x00, 0x00, 0x00, 0x00, 0xF8, 0x00,
  0x00, 0x00, 0x00, 0x00, 0x00, 0x78, 0x00, 0x7E, 0x00, 0x00, 0x00, 0x00,
  0x00, 0x7C, 0x00, 0x30, 0x00, 0x00, 0x00, 0x00, 0x3E, 0x00, 0xFC, 0x00,
  0x00, 0x00, 0x00, 0x00, 0x3E, 0x00, 0x70, 0x00, 0x00, 0x00, 0x00, 0x1E,
  0x00, 0xF8, 0x00, 0x00, 0x00, 0x00, 0x00, 0x1F, 0x00, 0x70, 0x00, 0x00,
  0x00, 0x00, 0x00, 0x00, 0xE0, 0x00, 0x00, 0x00, 0x00, 0x00, 0x0F, 0x80,
  0xE0, 0x00, 0x00, 0x00, 0x00, 0x00, 0x01, 0xE0, 0x00, 0x00, 0x00, 0x00,
  0x00, 0x0F, 0x81, 0xE0, 0x00, 0x00, 0x00, 0x03, 0xE0, 0x03, 0xE0, 0x00,
  0x00, 0x00, 0x00, 0x07, 0x03, 0x81, 0xC0, 0x00, 0x00, 0x00, 0x03, 0xE0,
  0x03, 0xC0, 0x00, 0x1C, 0x00, 0x00, 0x0F, 0x07, 0x80, 0x00, 0x00, 0x00,
  0x00, 0x03, 0xFC, 0x07, 0xC0, 0x00, 0x7C, 0x00, 0x00, 0x07, 0x83, 0xC0,
  0x07, 0x80, 0x00, 0x00, 0x00, 0x78, 0x07, 0x80, 0x00, 0x70, 0x00, 0x00,
  0x01, 0x81, 0xC0, 0x3F, 0x80, 0x00, 0x00, 0x00, 0x00, 0x07, 0x00, 0x00,
  0x00, 0x00, 0x00, 0x00, 0x01, 0xC0, 0x3E, 0x00, 0x00, 0x00, 0x00, 0x00,
  0x07, 0x00, 0x00, 0x00, 0x00, 0x00, 0x00, 0x01, 0xC0, 0x00, 0x00, 0x00,
  0x00, 0x00, 0x00, 0x0F, 0x00, 0x00, 0x00, 0x00, 0x00, 0x00, 0x01, 0xE0,
  0x00, 0x00, 0x00, 0x00, 0x00, 0x00, 0x0F, 0x00, 0x00, 0x00, 0x00, 0x00,
  0x00, 0x00, 0xF0, 0x00, 0x00, 0x00, 0x00, 0x00, 0x00, 0x0F, 0x00, 0x00,
  0x00, 0x00, 0x00, 0x03, 0xC0, 0xE0, 0x00, 0x00, 0x00, 0x00, 0x00, 0x00,
  0x0E, 0x00, 0x00, 0x1E, 0x00, 0x00, 0x07, 0xE0, 0xE0, 0x00, 0x00, 0x00,
  0x00, 0x00, 0x00, 0x0E, 0x00, 0x00, 0x3F, 0x00, 0x00, 0x0F, 0xF8, 0xE0,
  0x00, 0x00, 0x00, 0x00, 0x00, 0x00, 0x0E, 0x00, 0x00, 0x7F, 0xC0, 0x00,
  0x1F, 0xFC, 0xE0, 0x00, 0x00, 0x00, 0x00, 0x00, 0x00, 0x0E, 0x00, 0x01,
  0xFF, 0xE0, 0x00, 0x3F, 0xFC, 0xE0, 0x00, 0x00, 0x00, 0x00, 0x00, 0x00,
  0x0E, 0x00, 0x01, 0xFD, 0xE0, 0x00, 0x3C, 0xFE, 0xE0, 0x00, 0x00, 0x00,
  0x00, 0x00, 0x00, 0x0E, 0x00, 0x01, 0xF8, 0xF0, 0x00, 0x38, 0x7E, 0xE0,
  0x00, 0x00, 0x00, 0x00, 0x00, 0x00, 0x0E, 0x00, 0x07, 0xF0, 0x70, 0x00,
  0x3C, 0xFE, 0xF0, 0x00, 0x00, 0x00, 0x00, 0x00, 0x00, 0x0E, 0x00, 0x07,
  0xF8, 0xF0, 0x00, 0x3F, 0xFE, 0xF0, 0x00, 0x00, 0x00, 0x00, 0x00, 0x00,
  0x0F, 0x00, 0x07, 0xFD, 0xF0, 0x00, 0x3F, 0xFE, 0xF8, 0x00, 0x00, 0x00,
  0x00, 0x00, 0x00, 0x0F, 0x00, 0x07, 0xFF, 0xF0, 0x00, 0x3F, 0xFE, 0x78,
  0x00, 0x00, 0x00, 0x00, 0x00, 0x00, 0x1F, 0x00, 0x07, 0xFF, 0xF0, 0x00,
  0x3F, 0xFA, 0x7C, 0x00, 0x00, 0x00, 0x00, 0x00, 0x00, 0x1E, 0x00, 0x07,
  0xFF, 0xF0, 0x1C, 0x3F, 0xFC, 0x3C, 0x00, 0x00, 0x00, 0x00, 0x00, 0x00,
  0x1E, 0x00, 0x07, 0xFF, 0xF0, 0x7E, 0x1F, 0xFC, 0x3C, 0x00, 0x00, 0x00,
  0x00, 0x00, 0x00, 0x1C, 0x00, 0x07, 0x7F, 0xF0, 0x7F, 0x1F, 0xF8, 0x1C,
  0x00, 0x00, 0x00, 0x00, 0x00, 0x00, 0x1C, 0x00, 0x03, 0xFF, 0xE0, 0x3E,
  0x0F, 0xF0, 0x1C, 0x00, 0x00, 0x00, 0x00, 0x00, 0x00, 0x1F, 0x00, 0x01,
  0x7F, 0xC0, 0x1E, 0x07, 0xE0, 0x3C, 0x00, 0x00, 0x00, 0x00, 0x00, 0x00,
  0x1F, 0x00, 0x00, 0x3F, 0x82, 0x1C, 0xC3, 0xC0, 0x7C, 0x00, 0x00, 0x00,
  0x00, 0x00, 0x00, 0x0E, 0x00, 0x00, 0x1F, 0x03, 0xFF, 0xC0, 0x00, 0x7C,
  0x00, 0x00, 0x00, 0x00, 0x00, 0x00, 0x0F, 0x80, 0x00, 0x00, 0x03, 0xFF,
  0xC0, 0x00, 0x78, 0x00, 0x00, 0x00, 0x00, 0x00, 0x00, 0x07, 0x80, 0x00,
  0x00, 0x01, 0xFF, 0x80, 0x00, 0xF8, 0x00, 0x00, 0x00, 0x00, 0x00, 0x00,
  0x07, 0xC0, 0x00, 0x00, 0x01, 0xFF, 0x80, 0x00, 0xF8, 0x00, 0x00, 0x00,
  0x00, 0x00, 0x00, 0x03, 0xF8, 0x00, 0x00, 0x01, 0x8F, 0x80, 0x01, 0xF0,
  0x00, 0x00, 0x00, 0x00, 0x00, 0x00, 0x01, 0xFC, 0x00, 0x00, 0x01, 0x87,
  0x00, 0x03, 0xE0, 0x00, 0x00, 0x00, 0x00, 0x00, 0x00, 0x00, 0x7F, 0x00,
  0x00, 0x01, 0xCE, 0x00, 0x1F, 0xC0, 0x00, 0x00, 0x00, 0x00, 0x00, 0x00,
  0x00, 0x7F, 0xC0, 0x00, 0x01, 0xFE, 0x00, 0x7F, 0x80, 0x00, 0x00, 0x00,
  0x00, 0x00, 0x00, 0x00, 0xFF, 0xE0, 0x00, 0x00, 0xFC, 0x00, 0xFE, 0x00,
  0x00, 0x00, 0x00, 0x00, 0x00, 0x00, 0x01, 0xF1, 0xFC, 0x00, 0x00, 0x78,
  0x07, 0xFC, 0x00, 0x00, 0x00, 0x00, 0x00, 0x00, 0x00, 0x03, 0xC0, 0xFF,
  0xC0, 0x00, 0x00, 0x7F, 0xF0, 0x00, 0x00, 0x00, 0x00, 0x00, 0x00, 0x0F,
  0x8F, 0x80, 0x1F, 0xC0, 0x00, 0x00, 0x7F, 0x80, 0x00, 0x00, 0x00, 0x00,
  0x00, 0x00, 0x1F, 0xEF, 0x00, 0x00, 0x00, 0x00, 0x00, 0x78, 0x00, 0x00,
  0x00, 0x00, 0x00, 0x00, 0x00, 0x3F, 0xFF, 0x00, 0x00, 0x00, 0x00, 0x00,
  0x1C, 0x00, 0x00, 0x00, 0x00, 0x00, 0x00, 0x00, 0x7F, 0xFE, 0x00, 0x00,
  0x00, 0x00, 0x00, 0x1C, 0x00, 0x00, 0x00, 0x00, 0x00, 0x00, 0x00, 0x78,
  0x7C, 0x00, 0x00, 0x00, 0x00, 0x00, 0x1C, 0x00, 0x00, 0x00, 0x00, 0x00,
  0x00, 0x00, 0x70, 0x38, 0x00, 0x00, 0x00, 0x00, 0x00, 0x1C, 0x00, 0x00,
  0x00, 0x00, 0x00, 0x00, 0x00, 0x70, 0x38, 0x00, 0x00, 0x00, 0x00, 0x00,
  0x3C, 0x00, 0x00, 0x00, 0x00, 0x00, 0x00, 0x00, 0x70, 0x78, 0x00, 0xE0,
  0x00, 0x00, 0x00, 0x3C, 0x00, 0x00, 0x00, 0x00, 0x00, 0x00, 0x00, 0xF0,
  0x70, 0x00, 0xF8, 0x00, 0x00, 0x00, 0x5C, 0x00, 0x00, 0x00, 0x00, 0x00,
  0x00, 0x01, 0xF0, 0xF0, 0x00, 0x38, 0x00, 0x00, 0x00, 0xF8, 0x00, 0x00,
  0x00, 0x00, 0x00, 0x00, 0x03, 0xE1, 0xF0, 0x00, 0x1C, 0x00, 0x00, 0x00,
  0xF8, 0x00, 0x00, 0x00, 0x00, 0x00, 0x00, 0x03, 0xC1, 0xF0, 0x00, 0x0E,
  0x00, 0x00, 0x03, 0xF8, 0x00, 0x00, 0x00, 0x00, 0x00, 0x00, 0x03, 0xC1,
  0xE0, 0x00, 0x07, 0x00, 0x02, 0x07, 0xE0, 0x00, 0x00, 0x00, 0x00, 0x00,
  0x00, 0x03, 0xC1, 0xE0, 0x00, 0x07, 0x00, 0x03, 0x07, 0xF0, 0x00, 0x00,
  0x00, 0x00, 0x00, 0x00, 0x03, 0xE1, 0xE0, 0x00, 0x03, 0x80, 0x07, 0x1E,
  0xF0, 0x00, 0x00, 0x00, 0x00, 0x00, 0x00, 0x01, 0xF1, 0xE0, 0x00, 0x03,
  0x80, 0x0F, 0x7E, 0xF0, 0x00, 0x00, 0x00, 0x00, 0x00, 0x00, 0x00, 0xF1,
  0xE0, 0x00, 0x03, 0x80, 0x0F, 0xFC, 0xF0, 0x00, 0x00, 0x00, 0x00, 0x00,
  0x00, 0x00, 0xF1, 0xE0, 0x00, 0x03, 0x80, 0x0F, 0xF0, 0xF0, 0x00, 0x00,
  0x00, 0x00, 0x00, 0x00, 0x00, 0x71, 0xE0, 0x00, 0x03, 0x80, 0x0F, 0xE0,
  0xF0, 0x00, 0x00, 0x00, 0x00, 0x00, 0x00, 0x00, 0x78, 0xE0, 0x00, 0x07,
  0x80, 0x0F, 0xC0, 0xF0, 0x00, 0x00, 0x00, 0x00, 0x00, 0x00, 0x00, 0x7C,
  0xF0, 0x00, 0x0F, 0x80, 0x0F, 0x80, 0xF0, 0x00, 0x00, 0x00, 0x00, 0x00,
  0x00, 0x00, 0x3F, 0xF0, 0x00, 0x0F, 0x80, 0x0F, 0x80, 0xE0, 0x00, 0x00,
  0x00, 0x00, 0x00, 0x00, 0x00, 0x1F, 0xF8, 0x00, 0xFF, 0xC0, 0x0F, 0x80,
  0xF8, 0x00, 0x00, 0x00, 0x00, 0x00, 0x00, 0x00, 0x0F, 0xFC, 0x00, 0xFF,
  0xC0, 0x0F, 0xC0, 0x78, 0x00, 0x00, 0x00, 0x00, 0x00, 0x00, 0x00, 0x00,
  0x7C, 0x00, 0x07, 0xE0, 0x03, 0xC7, 0xB8, 0x00, 0x00, 0x00, 0x00, 0x00,
  0x00, 0x00, 0x00, 0x3F, 0x00, 0x6D, 0xE0, 0x0F, 0xC7, 0xF8, 0x00, 0x00,
  0x00, 0x00, 0x00, 0x00, 0x00, 0x00, 0x3F, 0xC0, 0x67, 0xF0, 0x37, 0xE7,
  0xF8, 0x00, 0x00, 0x00, 0x00, 0x00, 0x00, 0x00, 0x00, 0x0F, 0xF8, 0x77,
  0xFC, 0x3F, 0xFF, 0xF8, 0x00, 0x00, 0x00, 0x00, 0x00, 0x00, 0x00, 0x00,
  0x07, 0xFF, 0xFF, 0xFF, 0xFF, 0xFF, 0xF0, 0x00, 0x00, 0x00, 0x00, 0x00,
  0x00, 0x00, 0x00, 0x01, 0xFF, 0xFF, 0xBF, 0xFF, 0xBF, 0xC0, 0x00, 0x00,
  0x00, 0x00, 0x00, 0x00, 0x00, 0x00, 0x00, 0x1F, 0xFE, 0x07, 0xFF, 0x00,
  0x00, 0x00, 0x00, 0x00, 0x00, 0x00, 0x00, 0x00, 0x00, 0x00, 0x00, 0x00,
  0x00, 0x00, 0x00, 0x00, 0x00, 0x00, 0x00, 0x00, 0x00, 0x00, 0x00, 0x00,
  0x00, 0x00, 0x00, 0x00, 0x00, 0x00, 0x00, 0x00, 0x00, 0x00, 0x00, 0x00,
};

const uint8_t PANDA_IDLE_WINK_BITMAP[] BITMAP_PROGMEM = {
  0x00, 0x00, 0x00, 0x00, 0x00, 0x00, 0x00, 0x00, 0x00, 0x00, 0x00, 0x00,
  0x00, 0x00, 0x00, 0x00, 0x00, 0x00, 0x00, 0x00, 0x00, 0x00, 0x00, 0x00,
  0x00, 0x00, 0x00, 0x00, 0x00, 0x00, 0x00, 0x00, 0x00, 0x00, 0x00, 0x00,
  0x00, 0xFE, 0x00, 0x00, 0x00, 0x00, 0x00, 0x00, 0x00, 0x00, 0x00, 0x00,
  0x7F, 0xE0, 0x00, 0x03, 0xFE, 0x00, 0x00, 0x00, 0x00, 0x00, 0x00, 0x00,
  0x00, 0x00, 0x00, 0xFF, 0xE0, 0x00, 0x03, 0xFE, 0x30, 0x00, 0x00, 0x00,
  0x00, 0x00, 0x00, 0x00, 0x00, 0x0F, 0xFF, 0xFE, 0x00, 0x07, 0xC7, 0xF8,
  0x00, 0x00, 0x3E, 0x00, 0x00, 0x00, 0x00, 0x00, 0x0F, 0xFF, 0xFF, 0x00,
  0x0F, 0x87, 0xFE, 0x00, 0x00, 0x7E, 0x00, 0x00, 0x00, 0x00, 0x00, 0x3F,
  0xFF, 0xFF, 0xC0, 0x1F, 0x07, 0xFE, 0x00, 0x03, 0xFF, 0xC0, 0x00, 0x00,
  0x00, 0x00, 0x7F, 0xFF, 0xFF, 0xC0, 0x1E, 0x0F, 0x8E, 0x00, 0x1F, 0xFF,
  0xFC, 0x00, 0x00, 0x00, 0x00, 0x7F, 0xFF, 0xFF, 0xC7, 0xFE, 0x1E, 0x0F,
  0x00, 0x1F, 0xFF, 0xFE, 0x00, 0x00, 0x00, 0x00, 0xFF, 0xFF, 0xFF, 0xFF,
  0xFE, 0x0E, 0x0F, 0xF0, 0x3F, 0xFF, 0xFE, 0x00, 0x00, 0x00, 0x01, 0xFF,
  0xFF, 0xFF, 0xFF, 0xFC, 0x00, 0x0F, 0xF8, 0x3F, 0xFF, 0xFF, 0x00, 0x00,
  0x00, 0x01, 0xFF, 0xFF, 0xFF, 0xFF, 0xFC, 0x00, 0x0F, 0xFF, 0xFF, 0xFF,
  0xFF, 0x00, 0x00, 0x00, 0x00, 0xFF, 0xFF, 0xFF, 0xFC, 0x00, 0x00, 0x00,
  0x7F, 0xFF, 0xFF, 0xFF, 0xC0, 0x00, 0x00, 0x03, 0xFF, 0xFF, 0xFF, 0x80,
  0x00, 0x00, 0x00, 0x07, 0xFF, 0xFF, 0xFF, 0xC0, 0x00, 0x00, 0x03, 0xFF,
  0xF0, 0x7F, 0x00, 0x00, 0x00, 0x00, 0x03, 0xFF, 0xFF, 0xFF, 0xC0, 0x00,
  0x00, 0x03, 0xFF, 0xE0, 0xFC, 0x00, 0x00, 0x00, 0x00, 0x01, 0xFF, 0xFF,
  0xFF, 0xE0, 0x00, 0x00, 0x03, 0xFF, 0xC0, 0xF8, 0x00, 0x00, 0x00, 0x00,
  0x00, 0x3F, 0xC3, 0xFF, 0xE0, 0x00, 0x00, 0x03, 0xFF, 0x81, 0xE0, 0x00,
  0x00, 0x00, 0x00, 0x00, 0x1F, 0x81, 0xFF, 0xE0, 0x00, 0x00, 0x03, 0xFF,
  0x87, 0xE0, 0x00, 0x00, 0x00, 0x00, 0x00, 0x0F, 0xC0, 0xFF, 0xE0, 0x00,
  0x00, 0x03, 0xFF, 0x87, 0x80, 0x00, 0x00, 0x00, 0x00, 0x00, 0x03, 0xC0,
  0x7F, 0xE0, 0x00, 0x00, 0x03, 0xFF, 0x9F, 0x00, 0x00, 0x00, 0x00, 0x00,
  0x00, 0x03, 0xF0, 0x7F, 0xE0, 0x00, 0x00, 0x03, 0xFF, 0xFE, 0x00, 0x00,
  0x00, 0x00, 0x00, 0x00, 0x01, 0xF0, 0x7F, 0xE0, 0x00, 0x00, 0x03, 0xFF,
  0xFC, 0x00, 0x00, 0x00, 0x00, 0x00, 0x00, 0x00, 0x78, 0x7F, 0xE0, 0x00,
  0x00, 0x01, 0xFF, 0xFC, 0x00, 0x00, 0x00, 0x00, 0x00, 0x00, 0x00, 0x7E,
  0xFF, 0xE0, 0x00, 0x00, 0x01, 0xFF, 0xF0, 0x00, 0x00, 0x00, 0x00, 0x00,
  0x00, 0x00, 0x1E, 0xFF, 0xE0, 0x00, 0x00, 0x01, 0xFF, 0xE0, 0x00, 0x00,
  0x00, 0x00, 0x00, 0x00, 0x00, 0x1F, 0xFF, 0xE0, 0x00, 0x00, 0x01, 0xFF,
  0xE0, 0x00, 0x00, 0x00, 0x00, 0x00, 0x00, 0x00, 0x1F, 0xFF, 0xE0, 0x00,
  0x00, 0x00, 0x7F, 0xC0, 0x00, 0x00, 0x00, 0x00, 0x00, 0x00, 0x00, 0x07,
  0xFF, 0xE0, 0x00, 0x00, 0x00, 0x7F, 0xC0, 0x03, 0xC0, 0x00, 0x00, 0x00,
  0x00, 0x00, 0x07, 0xFF, 0x80, 0x00, 0x00, 0x00, 0x1F, 0x80, 0x07, 0xE0,
  0x00, 0x00, 0x00, 0x00, 0x00, 0x03, 0xFF, 0xC0, 0x00, 0x00, 0x00, 0x1F,
  0x00, 0x0F, 0xE0, 0x00, 0x00, 0x00, 0x78, 0x00, 0x03, 0xFF, 0x80, 0x00,
  0x00, 0x00, 0x0E, 0x00, 0x0F, 0xE0, 0x00, 0x00, 0x00, 0x7C, 0x00, 0x03,
  0xFF, 0x00, 0x00, 0x00, 0x00, 0x1E, 0x00, 0x00, 0x00, 0x00, 0x00, 0x00,
  0x7E, 0x00, 0x01, 0xFC, 0x00, 0x00, 0x00, 0x00, 0x1E, 0x00, 0x00, 0x00,
  0x00, 0x00, 0x00, 0x7E, 0x00, 0x00, 0xFC, 0x00, 0x00, 0x00, 0x00, 0x3C,
  0x00, 0x3F, 0x80, 0x00, 0x00, 0x00, 0x00, 0x00, 0x01, 0xF0, 0x00, 0x00,
  0x00, 0x00, 0x3C, 0x00, 0x3F, 0xC0, 0x00, 0x00, 0x00, 0x00, 0x00, 0x01,
  0xF0, 0x00, 0x00, 0x00, 0x00, 0x3C, 0x00, 0xFF, 0xF0, 0x00, 0x00, 0x00,
  0x00, 0x00, 0x00, 0x70, 0x00, 0x00, 0x00, 0x00, 0x38, 0x01, 0xFF, 0xF8,
  0x00, 0x00, 0x00, 0x00, 0x00, 0x00, 0x70, 0x00, 0x00, 0x00, 0x00, 0x78,
  0x07, 0xFF, 0xFC, 0x00, 0x00, 0x00, 0x00, 0x00, 0x00, 0x70, 0x00, 0x00,
  0x00, 0x00, 0x78, 0x07, 0xFF, 0xFC, 0x00, 0x00, 0x00, 0x00, 0x00, 0x00,
  0x70, 0x00, 0x00, 0x00, 0x00, 0x78, 0x1F, 0xFF, 0xFF, 0x00, 0x00, 0x00,
  0x00, 0x00, 0x00, 0x70, 0x00, 0x00, 0x00, 0x00, 0x78, 0x1F, 0xFF, 0xFF,
  0x00, 0x00, 0x00, 0x00, 0x00, 0x00, 0x7C, 0x00, 0x00, 0x00, 0x00, 0x70,
  0x1F, 0xFF, 0xFF, 0x00, 0x00, 0x00, 0x00, 0x00, 0x00, 0x7C, 0x00, 0x00,
  0x00, 0x00, 0xE0, 0x3F, 0xFE, 0xFF, 0x00, 0x00, 0x00, 0x00, 0x00, 0x00,
  0x7C, 0x00, 0x00, 0x00, 0x01, 0xE0, 0x3F, 0xFC, 0x7F, 0x00, 0x00, 0x00,
  0x00, 0x00, 0x00, 0x1C, 0x00, 0x00, 0x00, 0x01, 0xE0, 0x3F, 0xFC, 0x7F,
  0x00, 0x00, 0x00, 0x00, 0x00, 0x00, 0x1C, 0x00, 0x00, 0x00, 0x01, 0xE0,
  0x7F, 0xFC, 0x7F, 0x00, 0x00, 0x00, 0x7F, 0x80, 0x00, 0x1C, 0x00, 0x00,
  0x00, 0x01, 0xE0, 0xFF, 0xFC, 0xFF, 0x00, 0x00, 0x03, 0xFF, 0xF0, 0x00,
  0x1C, 0x00, 0x00, 0x00, 0x00, 0xE0, 0xFF, 0xFF, 0xFF, 0x00, 0x00, 0x07,
  0xFF, 0xF8, 0x00, 0x1C, 0x00, 0x00, 0x00, 0x01, 0xE0, 0xFF, 0xBF, 0xFF,
  0x00, 0x00, 0x0F, 0xC0, 0x3E, 0x00, 0x1C, 0x00, 0x00, 0x00, 0x03, 0xE0,
  0xFF, 0xBF, 0xFF, 0x00, 0x00, 0x3F, 0xC0, 0x3F, 0x00, 0x1E, 0x00, 0x00,
  0x00, 0x03, 0xE0, 0xFF, 0xBF, 0xFE, 0x1F, 0x80, 0x3E, 0x00, 0x07, 0x00,
  0x1E, 0x00, 0x00, 0x00, 0x03, 0xE0, 0xFF, 0xDF, 0xFC, 0x3F, 0xC0, 0x38,
  0x00, 0x00, 0x00, 0x7E, 0x00, 0x00, 0x00, 0x03, 0xE0, 0xFF, 0xFF, 0xFC,
  0x3F, 0xC0, 0x30, 0x00, 0x00, 0x00, 0x7E, 0x00, 0x00, 0x00, 0x03, 0xE0,
  0xFF, 0xFF, 0xF8, 0x3F, 0xC0, 0x00, 0x00, 0x00, 0x00, 0x1E, 0x00, 0x00,
  0x00, 0x03, 0xE0, 0xFF, 0xFF, 0xF0, 0x3F, 0xC0, 0x00, 0x00, 0x00, 0x00,
  0x1E, 0x00, 0x00, 0x00, 0x03, 0xE0, 0xFF, 0xFF, 0xF0, 0x1F, 0x80, 0x00,
  0x00, 0x00, 0x00, 0x1E, 0x00, 0x00, 0x00, 0x03, 0xE0, 0x1F, 0xFF, 0xE0,
  0x0E, 0x00, 0x00, 0x00, 0x00, 0x00, 0x1E, 0x00, 0x00, 0x00, 0x03, 0xE0,
  0x1F, 0xFF, 0x83, 0x0F, 0x1C, 0x00, 0x00, 0x00, 0x00, 0x1E, 0x00, 0x00,
  0x00, 0x00, 0xE0, 0x03, 0xFE, 0x03, 0x9F, 0x9C, 0x00, 0x00, 0x00, 0x00,
  0x1C, 0x00, 0x00, 0x00, 0x00, 0xF8, 0x03, 0xFC, 0x01, 0xFF, 0xFC, 0x00,
  0x00, 0x00, 0x00, 0x7C, 0x00, 0x00, 0x00, 0x00, 0xF8, 0x00, 0x00, 0x00,
  0xFF, 0xF8, 0x00, 0x00, 0x00, 0x00, 0x7C, 0x00, 0x00, 0x00, 0x00, 0x78,
  0x00, 0x00, 0x00, 0xFF, 0xF0, 0x00, 0x00, 0x00, 0x00, 0x7C, 0x00, 0x00,
  0x00, 0x00, 0x38, 0x00, 0x00, 0x00, 0x78, 0x70, 0x00, 0x00, 0x00, 0x00,
  0xF8, 0x00, 0x00, 0x00, 0x00, 0x3C, 0x00, 0x00, 0x00, 0x70, 0x70, 0x00,
  0x00, 0x00, 0x00, 0xF0, 0x00, 0x00, 0x00, 0x00, 0x3E, 0x00, 0x00, 0x00,
  0x78, 0xF0, 0x00, 0x00, 0x00, 0x03, 0xF0, 0x00, 0x00, 0x00, 0x00, 0x1E,
  0x00, 0x00, 0x00, 0x3F, 0xC0, 0x00, 0x00, 0x00, 0x03, 0xE0, 0x00, 0x00,
  0x00, 0x00, 0x0F, 0xC0, 0x00, 0x00, 0x1F, 0xC0, 0x00, 0x00, 0x00, 0x0F,
  0xC0, 0x00, 0x00, 0x00, 0x00, 0x07, 0xC0, 0x00, 0x00, 0x0F, 0x80, 0x00,
  0x00, 0x00, 0x0F, 0x80, 0x00, 0x00, 0x00, 0x00, 0x03, 0xE0, 0x3F, 0x80,
  0x00, 0x00, 0x00, 0x00, 0x00, 0x3E, 0x00, 0x00, 0x00, 0x00, 0x00, 0x01,
  0xFC, 0x7F, 0xF0, 0x00, 0x00, 0x00, 0x00, 0x00, 0xFE, 0x00, 0x00, 0x00,
  0x00, 0x00, 0x00, 0x7F, 0xFF, 0xF8, 0x00, 0x00, 0x00, 0x00, 0x03, 0xF8,
  0x00, 0x00, 0x00, 0x00, 0x00, 0x00, 0x7F, 0xFF, 0xFC, 0x00, 0x00, 0x00,
  0x00, 0x7F, 0xF0, 0x00, 0x00, 0x00, 0x00, 0x00, 0x00, 0x1F, 0xE0, 0x7C,
  0x00, 0x00, 0x00, 0x00, 0x7F, 0xC0, 0x00, 0x00, 0x00, 0x00, 0x00, 0x00,
  0x1F, 0x80, 0x1F, 0x00, 0x00, 0x00, 0x0F, 0xFF, 0xC0, 0x00, 0x00, 0x00,
  0x00, 0x00, 0x00, 0x1E, 0x00, 0x0F, 0x80, 0x00, 0x00, 0xFF, 0xFF, 0x00,
  0x00, 0x00, 0x00, 0x00, 0x00, 0x00, 0x7E, 0x00, 0x0F, 0xFF, 0xF8, 0x01,
  0xFF, 0x8F, 0x80, 0x00, 0x00, 0x00, 0x00, 0x00, 0x00, 0x7C, 0x00, 0x07,
  0xFF, 0xF8, 0x01, 0xFF, 0x0F, 0x80, 0x00, 0x00, 0x00, 0x00, 0x00, 0x00,
  0x78, 0x00, 0x07, 0xBF, 0xC0, 0x00, 0xF0, 0x03, 0xC0, 0x00, 0x00, 0x00,
  0x00, 0x00, 0x00, 0x78, 0x00, 0x07, 0xBF, 0xC0, 0x00, 0xF0, 0x03, 0xF0,
  0x00, 0x00, 0x00, 0x00, 0x00, 0x00, 0xF0, 0x00, 0x07, 0x80, 0x00, 0x00,
  0xC0, 0x01, 0xF0, 0x00, 0x00, 0x00, 0x00, 0x00, 0x00, 0xF0, 0x00, 0x07,
  0x80, 0x00, 0x03, 0xC0, 0x01, 0xF0, 0x00, 0x00, 0x00, 0x00, 0x00, 0x00,
  0xF0, 0x00, 0x0F, 0x00, 0x00, 0x03, 0xC0, 0x00, 0xF0, 0x00, 0x00, 0x00,
  0x00, 0x00, 0x00, 0xF0, 0x00, 0x0F, 0x00, 0x00, 0x0F, 0xC0, 0x00, 0x78,
  0x00, 0x00, 0x00, 0x00, 0x00, 0x00, 0xF0, 0x00, 0x0F, 0x00, 0x00, 0x1F,
  0x80, 0x00, 0x3C, 0x00, 0x00, 0x00, 0x00, 0x00, 0x00, 0xF0, 0x00, 0x0F,
  0x00, 0x00, 0xFE, 0x00, 0x00, 0x3E, 0x00, 0x00, 0x00, 0x00, 0x00, 0x00,
  0xF0, 0x00, 0x1F, 0xE0, 0x3F, 0xFE, 0x00, 0xC0, 0x3E, 0x00, 0x00, 0x00,
  0x00, 0x00, 0x00, 0xF0, 0x00, 0x3F, 0xF0, 0x3F, 0xF8, 0x00, 0xC0, 0x1E,
  0x00, 0x00, 0x00, 0x00, 0x00, 0x00, 0xF8, 0x00, 0x7F, 0xFF, 0xFF, 0xF0,
  0x01, 0xC0, 0x1E, 0x00, 0x00, 0x00, 0x00, 0x00, 0x00, 0x7C, 0x00, 0x79,
  0xFF, 0xFF, 0x80, 0x03, 0xC0, 0x1E, 0x00, 0x00, 0x00, 0x00, 0x00, 0x00,
  0x3E, 0x01, 0xF0, 0x7F, 0xF0, 0x00, 0x03, 0xC0, 0x1F, 0x00, 0x00, 0x00,
  0x00, 0x00, 0x00, 0xFF, 0xFF, 0xF0, 0x3F, 0xE0, 0x00, 0x03, 0x80, 0x07,
  0x80, 0x00, 0x00, 0x00, 0x00, 0x00, 0xFF, 0xFF, 0xC0, 0x00, 0x00, 0x00,
  0x07, 0x80, 0x07, 0x80, 0x00, 0x00, 0x00, 0x00, 0x03, 0xFF, 0xFF, 0xC0,
  0x00, 0x00, 0x00, 0x07, 0xFF, 0x07, 0x80, 0x00, 0x00, 0x00, 0x00, 0x07,
  0xFF, 0xFF, 0x00, 0x00, 0x00, 0x00, 0x07, 0xFF, 0x07, 0x80, 0x00, 0x00,
  0x00, 0x00, 0x1F, 0xC1, 0xFF, 0xC0, 0x00, 0xC0, 0x00, 0x1F, 0xFF, 0xC7,
  0x80, 0x00, 0x00, 0x00, 0x00, 0x1F, 0x8E, 0x3D, 0xC0, 0x00, 0xC0, 0x00,
  0x1F, 0xFF, 0xE7, 0x80, 0x00, 0x00, 0x00, 0x00, 0x1E, 0x0E, 0x1E, 0xE0,
  0x03, 0xC0, 0x00, 0x3E, 0x01, 0xF7, 0x80, 0x00, 0x00, 0x00, 0x00, 0x3E,
  0x6F, 0xCE, 0xF0, 0x03, 0xC0, 0x00, 0x7E, 0x18, 0xFF, 0x80, 0x00, 0x00,
  0x00, 0x00, 0x3E, 0xF3, 0xE6, 0x30, 0x03, 0xC0, 0x00, 0x7B, 0x18, 0x3F,
  0x80, 0x00, 0x00, 0x00, 0x00, 0x3C, 0xF3, 0xE6, 0x38, 0x07, 0x80, 0x00,
  0xF7, 0xBC, 0x3F, 0x80, 0x00, 0x00, 0x00, 0x00, 0x3F, 0x71, 0xE0, 0x38,
  0x07, 0x80, 0x01, 0xF7, 0xBE, 0x1F, 0x80, 0x00, 0x00, 0x00, 0x00, 0x3F,
  0xB0, 0xC0, 0x3C, 0x07, 0x80, 0x00, 0xF7, 0xBD, 0xDF, 0x00, 0x00, 0x00,
  0x00, 0x00, 0x3F, 0x80, 0x00, 0x3C, 0x07, 0x80, 0x03, 0xF3, 0x3F, 0xDE,
  0x00, 0x00, 0x00, 0x00, 0x00, 0x1F, 0x8F, 0xC0, 0x3E, 0x07, 0x80, 0x03,
  0xC0, 0x03, 0xDE, 0x00, 0x00, 0x00, 0x00, 0x00, 0x1F, 0x9F, 0xE0, 0x3F,
  0x0F, 0x80, 0x03, 0xC1, 0xE3, 0xFE, 0x00, 0x00, 0x00, 0x00, 0x00, 0x1E,
  0x3F, 0xE0, 0x3F, 0x8F, 0x00, 0x03, 0xC1, 0xF3, 0xBE, 0x00, 0x00, 0x00,
  0x00, 0x00, 0x1E, 0x3F, 0xE0, 0xFF, 0xEF, 0x00, 0x03, 0xC7, 0xF8, 0x3C,
  0x00, 0x00, 0x00, 0x00, 0x00, 0x07, 0x3F, 0xE0, 0xFF, 0xFF, 0x00, 0x03,
  0xC7, 0xFC, 0x78, 0x00, 0x00, 0x00, 0x00, 0x00, 0x07, 0x3F, 0xE0, 0xFF,
  0xFF, 0x00, 0x03, 0xC7, 0xFC, 0xF8, 0x00, 0x00, 0x00, 0x00, 0x00, 0x07,
  0xFF, 0xE1, 0xFF, 0xFF, 0x73, 0x03, 0xC3, 0xFD, 0xF0, 0x00, 0x00, 0x00,
  0x00, 0x00, 0x03, 0xCF, 0xC1, 0xFF, 0xFF, 0xF3, 0x83, 0xC1, 0xF9, 0xF0,
  0x00, 0x00, 0x00, 0x00, 0x00, 0x01, 0xF0, 0x0F, 0xE0, 0x07, 0xFF, 0x8F,
  0xF0, 0xF7, 0xC0, 0x00, 0x00, 0x00, 0x00, 0x00, 0x00, 0xFF, 0xFF, 0xE0,
  0x07, 0xFF, 0xFF, 0xFF, 0xFF, 0xC0, 0x00, 0x00, 0x00, 0x00, 0x00, 0x00,
  0x7F, 0xFF, 0x00, 0x01, 0xFF, 0xFE, 0x7F, 0xFF, 0x00, 0x00, 0x00, 0x00,
  0x00, 0x00, 0x00, 0x3F, 0xFE, 0x00, 0x01, 0xFF, 0xFC, 0x3F, 0xFF, 0x00,
  0x00, 0x00, 0x00, 0x00, 0x00, 0x00, 0x1F, 0xF8, 0x00, 0x00, 0x1F, 0xF8,
  0x1F, 0xFC, 0x00, 0x00, 0x00, 0x00, 0x00, 0x00, 0x00, 0x00, 0x00, 0x00,
  0x00, 0x00, 0x00, 0x00, 0x00, 0x00, 0x00, 0x00, 0x00, 0x00, 0x00, 0x00,
  0x00, 0x00, 0x00, 0x00, 0x00, 0x00, 0x00, 0x00, 0x00, 0x00, 0x00, 0x00,
};

const uint8_t PANDA_IDLE_SPARKLE_BITMAP[] BITMAP_PROGMEM = {
  0x00, 0x00, 0x00, 0x00, 0x00, 0x00, 0x00, 0x00, 0x00, 0x00, 0x00, 0x00,
  0x00, 0x00, 0x00, 0x00, 0x00, 0x00, 0x00, 0x00, 0x00, 0x00, 0x00, 0x00,
  0x00, 0x00, 0x00, 0x00, 0x00, 0x00, 0x00, 0x00, 0x00, 0x00, 0x00, 0x00,
  0x00, 0x00, 0x00, 0x00, 0x00, 0x00, 0x00, 0x00, 0x00, 0x00, 0x00, 0x00,
  0x00, 0x00, 0x00, 0x00, 0x00, 0x00, 0x00, 0x00, 0x00, 0x00, 0x00, 0x00,
  0x00, 0x00, 0x00, 0x00, 0x00, 0x00, 0x00, 0x00, 0x00, 0x00, 0x00, 0x00,
  0x00, 0x00, 0x00, 0x00, 0x00, 0x00, 0x00, 0x00, 0x00, 0x00, 0x00, 0x00,
  0x00, 0x00, 0x00, 0x00, 0x00, 0x00, 0x00, 0x00, 0x00, 0x00, 0x00, 0x00,
  0x00, 0x00, 0x00, 0x00, 0x00, 0x00, 0x00, 0x00, 0x00, 0x00, 0x00, 0x00,
  0x00, 0x00, 0x00, 0x00, 0x00, 0x00, 0x00, 0x00, 0x00, 0x00, 0x00, 0x00,
  0x00, 0x00, 0x00, 0x00, 0x00, 0x00, 0x00, 0x00, 0x00, 0x00, 0x00, 0x00,
  0x00, 0x00, 0x00, 0x00, 0x00, 0x00, 0x00, 0x00, 0x00, 0x00, 0x00, 0x00,
  0x00, 0x00, 0x00, 0x00, 0x00, 0x00, 0x00, 0x00, 0x00, 0x00, 0x00, 0x00,
  0x00, 0x00, 0x00, 0x00, 0x00, 0x00, 0x00, 0x00, 0x00, 0x00, 0x00, 0x00,
  0x00, 0x00, 0x00, 0x00, 0x00, 0x00, 0x00, 0x00, 0x00, 0x00, 0x00, 0x00,
  0x00, 0x00, 0x00, 0x00, 0x00, 0x00, 0x00, 0x1F, 0x00, 0x00, 0x00, 0x00,
  0x00, 0x00, 0x00, 0x00, 0x00, 0x00, 0x00, 0xFF, 0x00, 0x00, 0xFF, 0x00,
  0x00, 0x00, 0x00, 0x00, 0x00, 0x00, 0x00, 0x00, 0x00, 0x07, 0xFF, 0xE0,
  0x01, 0xFF, 0x70, 0x00, 0x00, 0x00, 0x00, 0x00, 0x00, 0x00, 0x00, 0x00,
  0x0F, 0xFF, 0xF0, 0x01, 0xE3, 0xFC, 0x00, 0x03, 0xC0, 0x00, 0x00, 0x00,
  0x00, 0x00, 0x00, 0x3F, 0xFF, 0xFC, 0x03, 0xC3, 0xFC, 0x00, 0x1F, 0xF0,
  0x00, 0x00, 0x00, 0x00, 0x00, 0x00, 0x7F, 0xFF, 0xFC, 0x07, 0x87, 0x9C,
  0x00, 0xFF, 0xFF, 0x00, 0x00, 0x00, 0x00, 0x00, 0x00, 0x7F, 0xFF, 0xFC,
  0x7F, 0x87, 0x1E, 0x00, 0xFF, 0xFF, 0x00, 0x00, 0x00, 0x00, 0x00, 0x00,
  0xFF, 0xFF, 0xFF, 0xFF, 0x80, 0x1F, 0xE1, 0xFF, 0xFF, 0x80, 0x00, 0x00,
  0x00, 0x00, 0x00, 0xFF, 0xFF, 0xFF, 0xFF, 0x00, 0x1F, 0xFD, 0xFF, 0xFF,
  0xC0, 0x00, 0x00, 0x00, 0x00, 0x00, 0xFF, 0xFF, 0xFF, 0xC0, 0x00, 0x00,
  0xFF, 0xFF, 0xFF, 0xE0, 0x00, 0x00, 0x00, 0x00, 0x01, 0xFF, 0xFF, 0xF8,
  0x00, 0x00, 0x00, 0x1F, 0xFF, 0xFF, 0xE0, 0x00, 0x00, 0x00, 0x00, 0x03,
  0xFF, 0xE3, 0xF8, 0x00, 0x00, 0x00, 0x0F, 0xFF, 0xFF, 0xE0, 0x00, 0x00,
  0x00, 0x00, 0x03, 0xFF, 0x87, 0xC0, 0x00, 0x00, 0x00, 0x01, 0xFE, 0x7F,
  0xF0, 0x00, 0x00, 0x00, 0x00, 0x03, 0xFF, 0x8F, 0x80, 0x00, 0x00, 0x00,
  0x01, 0xFC, 0x7F, 0xF0, 0x00, 0x00, 0x00, 0x00, 0x03, 0xFF, 0x1F, 0x00,
  0x00, 0x00, 0x00, 0x00, 0x7C, 0x1F, 0xF0, 0x00, 0x00, 0x00, 0x00, 0x03,
  0xFF, 0x1E, 0x00, 0x00, 0x00, 0x00, 0x00, 0x1E, 0x0F, 0xF0, 0x00, 0x00,
  0x00, 0x00, 0x03, 0xFF, 0x38, 0x00, 0x00, 0x00, 0x00, 0x00, 0x0F, 0x0F,
  0xF0, 0x00, 0x00, 0x00, 0x00, 0x01, 0xFF, 0xF8, 0x00, 0x00, 0x00, 0x00,
  0x00, 0x0F, 0x8F, 0xF0, 0x00, 0x00, 0x00, 0x00, 0x00, 0xFF, 0xF0, 0x00,
  0x00, 0x00, 0x00, 0x00, 0x07, 0x8F, 0xF0, 0x00, 0x00, 0x00, 0x00, 0x00,
  0xFF, 0xE0, 0x00, 0x00, 0x00, 0x00, 0x00, 0x03, 0xDF, 0xF0, 0x00, 0x00,
  0x00, 0x00, 0x00, 0xFF, 0xC0, 0x00, 0x00, 0x00, 0x00, 0x00, 0x01, 0xFF,
  0xF0, 0x00, 0x00, 0x00, 0x00, 0x00, 0xFF, 0x80, 0x00, 0x00, 0x00, 0x00,
  0x00, 0x01, 0xFF, 0xF0, 0x00, 0x00, 0x00, 0x00, 0x00, 0x7F, 0x80, 0x00,
  0x00, 0x00, 0x00, 0x00, 0x00, 0xFF, 0xE0, 0x00, 0x00, 0x00, 0x00, 0x00,
  0x3F, 0x00, 0x3C, 0x00, 0x00, 0x07, 0xC0, 0x00, 0xFF, 0xE0, 0x00, 0x00,
  0x00, 0x00, 0x00, 0x1E, 0x00, 0x7C, 0x00, 0x00, 0x07, 0xE0, 0x00, 0x7F,
  0xE0, 0x00, 0x00, 0x00, 0x00, 0x00, 0x0E, 0x00, 0x7C, 0x00, 0x00, 0x07,
  0xE0, 0x00, 0x7F, 0xC0, 0x00, 0x00, 0x00, 0x00, 0x00, 0x1C, 0x00, 0x00,
  0x00, 0x00, 0x00, 0x00, 0x00, 0x3F, 0x00, 0x00, 0x00, 0x00, 0x00, 0x00,
  0x3C, 0x00, 0x00, 0x00, 0x00, 0x00, 0x00, 0x00, 0x3F, 0x00, 0x00, 0x00,
  0x00, 0x00, 0x00, 0x3C, 0x01, 0xFC, 0x00, 0x00, 0x03, 0xF0, 0x00, 0x3C,
  0x00, 0x00, 0x00, 0x00, 0x00, 0x00, 0x38, 0x07, 0xFF, 0x00, 0x00, 0x07,
  0xF8, 0x00, 0x1C, 0x00, 0x00, 0x00, 0x00, 0x00, 0x00, 0x38, 0x0F, 0xFF,
  0x00, 0x00, 0x1F, 0xFE, 0x00, 0x0C, 0x00, 0x00, 0x00, 0x00, 0x00, 0x00,
  0x70, 0x1F, 0xFF, 0x80, 0x00, 0x3F, 0xFF, 0x00, 0x0C, 0x00, 0x00, 0x00,
  0x00, 0x00, 0x00, 0x70, 0x3F, 0xFF, 0xC0, 0x00, 0x7F, 0xFF, 0x80, 0x0C,
  0x00, 0x00, 0x00, 0x00, 0x00, 0x00, 0x70, 0x7F, 0xFF, 0xE0, 0x00, 0x7F,
  0xFF, 0xC0, 0x0E, 0x00, 0x00, 0x00, 0x00, 0x00, 0x00, 0x70, 0x7F, 0xFF,
  0xE0, 0x00, 0x7F, 0xFF, 0xE0, 0x0F, 0x00, 0x00, 0x00, 0x00, 0x00, 0x00,
  0xF0, 0xFF, 0xFF, 0xE0, 0x00, 0xFF, 0xFF, 0xE0, 0x0F, 0x00, 0x00, 0x00,
  0x00, 0x00, 0x00, 0xF0, 0xFF, 0xE7, 0xE0, 0x01, 0xFC, 0xFF, 0xF0, 0x07,
  0x00, 0x00, 0x00, 0x00, 0x00, 0x00, 0xF0, 0xFF, 0xC7, 0xE0, 0x01, 0xF8,
  0xFF, 0xF0, 0x07, 0x00, 0x00, 0x00, 0x00, 0x01, 0x80, 0xF1, 0xFF, 0xC7,
  0xE0, 0x01, 0xF8, 0xFF, 0xF8, 0x07, 0x00, 0x00, 0x00, 0x00, 0x01, 0x80,
  0xE1, 0xFF, 0xFF, 0xE0, 0x01, 0xF8, 0xFF, 0xF8, 0x07, 0x00, 0x00, 0x00,
  0x00, 0x01, 0x80, 0xC1, 0xFD, 0xFF, 0xE0, 0x01, 0xFF, 0xFF, 0xF8, 0x07,
  0x00, 0x00, 0x00, 0x00, 0x07, 0xC1, 0xC1, 0xFD, 0xFF, 0xC0, 0x01, 0xFF,
  0xFF, 0xF8, 0x07, 0x80, 0x00, 0x00, 0x00, 0x1F, 0xF9, 0xE1, 0xFF, 0xFF,
  0xCF, 0xE1, 0xFF, 0xEF, 0xF8, 0x0F, 0x80, 0x00, 0x00, 0x00, 0x1E, 0x79,
  0xE1, 0xFE, 0x7F, 0xCF, 0xF1, 0xFF, 0xEF, 0xF8, 0x0F, 0x80, 0x00, 0x00,
  0x00, 0x1F, 0xF1, 0xE1, 0xFF, 0xFF, 0x8F, 0xF0, 0xFF, 0xFF, 0xF8, 0x0F,
  0x80, 0x00, 0x00, 0x00, 0x07, 0xC1, 0xE1, 0xFF, 0xFF, 0x0F, 0xE0, 0x7F,
  0xFF, 0xF8, 0x07, 0x80, 0x00, 0x00, 0x00, 0x01, 0x81, 0xF1, 0xFF, 0xFE,
  0x03, 0xC0, 0x7F, 0xFF, 0xF8, 0x07, 0x80, 0x00, 0x00, 0x00, 0x01, 0x81,
  0xF0, 0x7F, 0xFC, 0x03, 0x80, 0x3F, 0xFF, 0xF0, 0x07, 0x81, 0x80, 0x00,
  0x00, 0x01, 0x80, 0xF0, 0x3F, 0xF8, 0x63, 0xCC, 0x3F, 0xFF, 0xE0, 0x07,
  0x03, 0x80, 0x00, 0x00, 0x00, 0x00, 0x78, 0x0F, 0xE0, 0x7F, 0xFC, 0x0F,
  0xFF, 0xE0, 0x0F, 0x01, 0x80, 0x00, 0x00, 0x00, 0x00, 0xF8, 0x00, 0x00,
  0x3F, 0xFC, 0x07, 0xFF, 0x80, 0x0F, 0x03, 0x80, 0x00, 0x00, 0x00, 0x00,
  0x78, 0x00, 0x00, 0x1F, 0xF8, 0x01, 0xFF, 0x00, 0x0F, 0x07, 0xC0, 0x00,
  0x00, 0x00, 0x00, 0x3C, 0x00, 0x00, 0x0E, 0x38, 0x00, 0x00, 0x00, 0x1E,
  0x3E, 0xF8, 0x00, 0x00, 0x00, 0x00, 0x3C, 0x00, 0x00, 0x0C, 0x38, 0x00,
  0x00, 0x00, 0x3C, 0x3E, 0x78, 0x00, 0x00, 0x00, 0x00, 0x1E, 0x00, 0x00,
  0x06, 0x70, 0x00, 0x00, 0x00, 0x7C, 0x07, 0xE0, 0x00, 0x00, 0x00, 0x00,
  0x1F, 0x00, 0x00, 0x07, 0xE0, 0x00, 0x00, 0x00, 0xF8, 0x07, 0xC0, 0x00,
  0x00, 0x00, 0x00, 0x07, 0x80, 0x00, 0x03, 0xC0, 0x00, 0x00, 0x01, 0xE0,
  0x01, 0x80, 0x00, 0x00, 0x00, 0x00, 0x03, 0xC0, 0xFC, 0x00, 0x00, 0x00,
  0x00, 0x03, 0xC0, 0x03, 0x80, 0x00, 0x00, 0x00, 0x00, 0x01, 0xF3, 0xFF,
  0x00, 0x00, 0x00, 0x00, 0x1F, 0x80, 0x01, 0x00, 0x00, 0x00, 0x00, 0x00,
  0x00, 0xFF, 0xFF, 0x80, 0x00, 0x00, 0x01, 0xFF, 0x00, 0x00, 0x00, 0x00,
  0x00, 0x00, 0x00, 0x00, 0x7F, 0x07, 0xC0, 0x00, 0x00, 0x03, 0xFE, 0x00,
  0x00, 0x00, 0x00, 0x00, 0x00, 0x00, 0x00, 0x7C, 0x03, 0xE0, 0x00, 0x00,
  0x3F, 0xFC, 0x00, 0x00, 0x00, 0x00, 0x00, 0x00, 0x00, 0x00, 0xF8, 0x00,
  0xF8, 0x00, 0x03, 0xFF, 0xF0, 0x00, 0x00, 0x00, 0x00, 0x00, 0x00, 0x00,
  0x00, 0xF0, 0x00, 0x7F, 0xFC, 0x03, 0xFC, 0x78, 0x00, 0x00, 0x00, 0x00,
  0x00, 0x00, 0x00, 0x00, 0xF0, 0x00, 0x7F, 0xF8, 0x03, 0xE0, 0x7C, 0x00,
  0x00, 0x00, 0x00, 0x00, 0x00, 0x00, 0x00, 0xE0, 0x00, 0x7F, 0xE0, 0x01,
  0xC0, 0x1E, 0x00, 0x00, 0x00, 0x00, 0x00, 0x00, 0x00, 0x01, 0xC0, 0x00,
  0x70, 0x00, 0x03, 0x80, 0x0F, 0x00, 0x00, 0x00, 0x00, 0x00, 0x00, 0x00,
  0x01, 0xE0, 0x00, 0xF0, 0x00, 0x07, 0x80, 0x0F, 0x00, 0x00, 0x00, 0x00,
  0x00, 0x00, 0x00, 0x01, 0xE0, 0x01, 0xE0, 0x00, 0x0F, 0x80, 0x07, 0x80,
  0x40, 0x00, 0x00, 0x00, 0x00, 0x00, 0x01, 0xE0, 0x01, 0xE0, 0x00, 0x1F,
  0x00, 0x03, 0x80, 0xC0, 0x00, 0x00, 0x00, 0x00, 0x00, 0x01, 0xE0, 0x00,
  0xE0, 0x00, 0x7E, 0x00, 0x03, 0xC0, 0xE0, 0x00, 0x00, 0x00, 0x00, 0x00,
  0x01, 0xE0, 0x01, 0xFC, 0x0F, 0xFC, 0x06, 0x03, 0xC3, 0xB8, 0x00, 0x00,
  0x00, 0x00, 0x00, 0x01, 0xF0, 0x03, 0xFC, 0x1F, 0xF0, 0x06, 0x01, 0xC3,
  0xF0, 0x00, 0x00, 0x00, 0x00, 0x00, 0x00, 0xF0, 0x07, 0xFF, 0xFF, 0xC0,
  0x0E, 0x01, 0xC1, 0xE0, 0x00, 0x00, 0x00, 0x00, 0x00, 0x00, 0xF8, 0x1F,
  0x3F, 0xFF, 0x80, 0x0E, 0x01, 0xC0, 0xC0, 0x00, 0x00, 0x00, 0x00, 0x00,
  0x00, 0x7F, 0xFF, 0x0F, 0xF8, 0x00, 0x0E, 0x00, 0xE0, 0x00, 0x00, 0x00,
  0x00, 0x00, 0x00, 0x03, 0xFF, 0xFC, 0x00, 0x00, 0x00, 0x1C, 0x00, 0xE0,
  0x00, 0x00, 0x00, 0x00, 0x00, 0x00, 0x07, 0xFF, 0xF8, 0x00, 0x00, 0x00,
  0x1F, 0xF8, 0xE0, 0x00, 0x00, 0x00, 0x00, 0x00, 0x00, 0x0F, 0xFF, 0xF8,
  0x00, 0x20, 0x00, 0x3F, 0xFC, 0xE0, 0x00, 0x00, 0x00, 0x00, 0x00, 0x00,
  0x1E, 0x01, 0xFC, 0x00, 0x30, 0x00, 0x7F, 0xFE, 0xE0, 0x00, 0x00, 0x00,
  0x00, 0x00, 0x00, 0x1E, 0x38, 0xFE, 0x00, 0xF0, 0x00, 0xFC, 0x3E, 0xE0,
  0x00, 0x00, 0x00, 0x00, 0x00, 0x00, 0x3D, 0xDE, 0xF7, 0x00, 0xF0, 0x00,
  0xF8, 0x8F, 0xE0, 0x00, 0x00, 0x00, 0x00, 0x00, 0x00, 0x3D, 0xEF, 0x33,
  0x00, 0xF0, 0x01, 0xEC, 0xC3, 0xE0, 0x00, 0x00, 0x00, 0x00, 0x00, 0x00,
  0x39, 0xE7, 0x23, 0x01, 0xC0, 0x03, 0xDD, 0xE1, 0xE0, 0x00, 0x00, 0x00,
  0x00, 0x00, 0x00, 0x3F, 0xE7, 0x03, 0x81, 0xC0, 0x03, 0xDD, 0xE9, 0xE0,
  0x00, 0x00, 0x00, 0x00, 0x00, 0x00, 0x3F, 0x00, 0x03, 0xC1, 0xC0, 0x03,
  0xDD, 0xFD, 0xC0, 0x00, 0x00, 0x00, 0x00, 0x00, 0x00, 0x1F, 0x1E, 0x03,
  0xC1, 0xC0, 0x07, 0x80, 0x3D, 0xC0, 0x00, 0x00, 0x00, 0x00, 0x00, 0x00,
  0x1F, 0x7F, 0x03, 0xE3, 0xC0, 0x07, 0x87, 0x3F, 0xC0, 0x00, 0x00, 0x00,
  0x00, 0x00, 0x00, 0x1C, 0x7F, 0x87, 0xFB, 0x80, 0x07, 0x8F, 0x9B, 0xC0,
  0x00, 0x00, 0x00, 0x00, 0x00, 0x00, 0x0E, 0x7F, 0x87, 0xFB, 0x80, 0x07,
  0x9F, 0xE7, 0x80, 0x00, 0x00, 0x00, 0x00, 0x00, 0x00, 0x0E, 0x7F, 0x87,
  0xFF, 0x80, 0x07, 0x9F, 0xEF, 0x80, 0x00, 0x00, 0x00, 0x00, 0x00, 0x00,
  0x07, 0xFF, 0x0F, 0xFF, 0xDB, 0x07, 0x8F, 0xEF, 0x00, 0x00, 0x00, 0x00,
  0x00, 0x00, 0x00, 0x07, 0xDE, 0x3F, 0xFF, 0xFB, 0x0F, 0xC7, 0xFE, 0x00,
  0x00, 0x00, 0x00, 0x00, 0x00, 0x00, 0x03, 0xE0, 0x7E, 0x00, 0xFF, 0x8F,
  0xC0, 0xBC, 0x00, 0x00, 0x00, 0x00, 0x00, 0x00, 0x00, 0x01, 0xFF, 0xF0,
  0x00, 0xFF, 0xFF, 0xFF, 0xFC, 0x00, 0x00, 0x00, 0x00, 0x00, 0x00, 0x00,
  0x00, 0xFF, 0xF0, 0x00, 0x7F, 0xFC, 0xFF, 0xF0, 0x00, 0x00, 0x00, 0x00,
  0x00, 0x00, 0x00, 0x00, 0x3F, 0xC0, 0x00, 0x0F, 0xF0, 0x3F, 0xE0, 0x00,
  0x00, 0x00, 0x00, 0x00, 0x00, 0x00, 0x00, 0x00, 0x00, 0x00, 0x00, 0x00,
  0x00, 0x00, 0x00, 0x00, 0x00, 0x00, 0x00, 0x00, 0x00, 0x00, 0x00, 0x00,
  0x00, 0x00, 0x00, 0x00, 0x00, 0x00, 0x00, 0x00, 0x00, 0x00, 0x00, 0x00,
  0x00, 0x00, 0x00, 0x00, 0x00, 0x00, 0x00, 0x00, 0x00, 0x00, 0x00, 0x00,
  0x00, 0x00, 0x00, 0x00, 0x00, 0x00, 0x00, 0x00, 0x00, 0x00, 0x00, 0x00,
  0x00, 0x00, 0x00, 0x00, 0x00, 0x00, 0x00, 0x00, 0x00, 0x00, 0x00, 0x00,
  0x00, 0x00, 0x00, 0x00, 0x00, 0x00, 0x00, 0x00, 0x00, 0x00, 0x00, 0x00,
  0x00, 0x00, 0x00, 0x00, 0x00, 0x00, 0x00, 0x00, 0x00, 0x00, 0x00, 0x00,
  0x00, 0x00, 0x00, 0x00, 0x00, 0x00, 0x00, 0x00, 0x00, 0x00, 0x00, 0x00,
  0x00, 0x00, 0x00, 0x00, 0x00, 0x00, 0x00, 0x00, 0x00, 0x00, 0x00, 0x00,
  0x00, 0x00, 0x00, 0x00, 0x00, 0x00, 0x00, 0x00, 0x00, 0x00, 0x00, 0x00,
  0x00, 0x00, 0x00, 0x00, 0x00, 0x00, 0x00, 0x00, 0x00, 0x00, 0x00, 0x00,
  0x00, 0x00, 0x00, 0x00, 0x00, 0x00, 0x00, 0x00, 0x00, 0x00, 0x00, 0x00,
  0x00, 0x00, 0x00, 0x00, 0x00, 0x00, 0x00, 0x00, 0x00, 0x00, 0x00, 0x00,
};

const uint8_t PANDA_IDLE_PERK_BITMAP[] BITMAP_PROGMEM = {
  0x00, 0x00, 0x00, 0x00, 0x00, 0x00, 0x00, 0x00, 0x00, 0x00, 0x00, 0x00,
  0x00, 0x00, 0x00, 0x00, 0x00, 0x00, 0x00, 0x00, 0x00, 0x00, 0x00, 0x00,
  0x00, 0x00, 0x00, 0x00, 0x00, 0x00, 0x00, 0x00, 0x00, 0x00, 0x00, 0x00,
  0x00, 0x00, 0x00, 0x00, 0x00, 0x00, 0x00, 0x00, 0x00, 0x00, 0x00, 0x00,
  0x00, 0x00, 0x00, 0x00, 0x00, 0x00, 0x00, 0x00, 0x00, 0x00, 0x00, 0x00,
  0x00, 0x00, 0x00, 0x00, 0x00, 0x00, 0x00, 0x00, 0x00, 0x00, 0x00, 0x00,
  0x00, 0x00, 0x00, 0x00, 0x00, 0x07, 0xFE, 0x00, 0x00, 0x07, 0xE0, 0x00,
  0x00, 0x00, 0x00, 0x00, 0x00, 0x00, 0x00, 0x00, 0x3F, 0xFF, 0xE0, 0x00,
  0x1F, 0xE0, 0x00, 0x00, 0x0F, 0x00, 0x00, 0x00, 0x00, 0x00, 0x00, 0x7F,
  0xFF, 0xF0, 0x00, 0x3F, 0xEF, 0x00, 0x00, 0x1F, 0x00, 0x00, 0x00, 0x00,
  0x00, 0x01, 0xFF, 0xFF, 0xF8, 0x00, 0xFC, 0x7F, 0x80, 0x01, 0xFF, 0xF0,
  0x00, 0x00, 0x00, 0x00, 0x01, 0xFF, 0xFF, 0xFC, 0x00, 0xF8, 0x7F, 0x80,
  0x03, 0xFF, 0xFF, 0x00, 0x00, 0x00, 0x00, 0x03, 0xFF, 0xFF, 0xFC, 0x00,
  0xF0, 0x71, 0x80, 0x07, 0xFF, 0xFF, 0x00, 0x00, 0x00, 0x00, 0x03, 0xFF,
  0xFF, 0xFC, 0x3F, 0xF0, 0xE1, 0xE0, 0x0F, 0xFF, 0xFF, 0x80, 0x00, 0x00,
  0x00, 0x0F, 0xFF, 0xFF, 0xFF, 0xFF, 0xE0, 0xC1, 0xFE, 0x1F, 0xFF, 0xFF,
  0x80, 0x00, 0x00, 0x00, 0x0F, 0xFF, 0xFF, 0xFF, 0xFF, 0xC0, 0x01, 0xFF,
  0xDF, 0xFF, 0xFF, 0xE0, 0x00, 0x00, 0x00, 0x0F, 0xFF, 0xFF, 0xFF, 0xE0,
  0x00, 0x00, 0x1F, 0xFF, 0xFF, 0xFF, 0xE0, 0x00, 0x00, 0x00, 0x0F, 0xFF,
  0xFF, 0xFF, 0xC0, 0x00, 0x00, 0x0F, 0xFF, 0xFF, 0xFF, 0xE0, 0x00, 0x00,
  0x00, 0x1F, 0xFF, 0x87, 0xF8, 0x00, 0x00, 0x00, 0x00, 0xFF, 0xFF, 0xFF,
  0xF8, 0x00, 0x00, 0x00, 0x1F, 0xFF, 0x0F, 0xF0, 0x00, 0x00, 0x00, 0x00,
  0x1F, 0xF1, 0xFF, 0xF8, 0x00, 0x00, 0x00, 0x1F, 0xFE, 0x0F, 0xC0, 0x00,
  0x00, 0x00, 0x00, 0x0F, 0xF0, 0xFF, 0xF8, 0x00, 0x00, 0x00, 0x1F, 0xFC,
  0x1F, 0x00, 0x00, 0x00, 0x00, 0x00, 0x03, 0xE0, 0x3F, 0xF8, 0x00, 0x00,
  0x00, 0x1F, 0xFC, 0x3E, 0x00, 0x00, 0x00, 0x00, 0x00, 0x01, 0xF8, 0x3F,
  0xF8, 0x00, 0x00, 0x00, 0x1F, 0xFC, 0x7C, 0x00, 0x00, 0x00, 0x00, 0x00,
  0x00, 0x78, 0x1F, 0xF8, 0x00, 0x00, 0x00, 0x1F, 0xFC, 0xF8, 0x00, 0x00,
  0x00, 0x00, 0x00, 0x00, 0x3C, 0x1F, 0xF8, 0x00, 0x00, 0x00, 0x1F, 0xFD,
  0xF0, 0x00, 0x00, 0x00, 0x00, 0x00, 0x00, 0x1F, 0x1F, 0xF8, 0x00, 0x00,
  0x00, 0x1F, 0xFF, 0xE0, 0x00, 0x00, 0x00, 0x00, 0x00, 0x00, 0x0F, 0x1F,
  0xF8, 0x00, 0x00, 0x00, 0x0F, 0xFF, 0xC0, 0x00, 0x00, 0x00, 0x00, 0x00,
  0x00, 0x0F, 0xBF, 0xF8, 0x00, 0x00, 0x00, 0x0F, 0xFF, 0x80, 0x00, 0x00,
  0x00, 0x00, 0x00, 0x00, 0x07, 0xFF, 0xF8, 0x00, 0x00, 0x00, 0x0F, 0xFF,
  0x00, 0x00, 0x00, 0x00, 0x00, 0x00, 0x00, 0x03, 0xFF, 0xF8, 0x00, 0x00,
  0x00, 0x0F, 0xFF, 0x00, 0x00, 0x00, 0x00, 0x00, 0x00, 0x00, 0x03, 0xFF,
  0xE0, 0x00, 0x00, 0x00, 0x03, 0xFE, 0x00, 0x00, 0x00, 0x00, 0x00, 0x00,
  0x00, 0x01, 0xFF, 0xE0, 0x00, 0x00, 0x00, 0x03, 0xFC, 0x00, 0x3E, 0x00,
  0x00, 0x00, 0x1E, 0x00, 0x01, 0xFF, 0xE0, 0x00, 0x00, 0x00, 0x00, 0xFC,
  0x00, 0x3E, 0x00, 0x00, 0x00, 0x1F, 0x00, 0x00, 0x7F, 0x80, 0x00, 0x00,
  0x00, 0x00, 0x78, 0x00, 0x7E, 0x00, 0x00, 0x00, 0x1F, 0x80, 0x00, 0x7F,
  0x00, 0x00, 0x00, 0x00, 0x00, 0x70, 0x00, 0x7C, 0x00, 0x00, 0x00, 0x1F,
  0x80, 0x00, 0x7F, 0x00, 0x00, 0x00, 0x00, 0x00, 0xF0, 0x00, 0x00, 0x00,
  0x00, 0x00, 0x00, 0x00, 0x00, 0x3C, 0x00, 0x78, 0x00, 0x00, 0x01, 0xE0,
  0x00, 0x00, 0x00, 0x00, 0x00, 0x00, 0x00, 0x00, 0x3C, 0x00, 0xF8, 0x00,
  0x00, 0x00, 0xE0, 0x01, 0xFC, 0x00, 0x00, 0x00, 0x0F, 0xC0, 0x00, 0x3C,
  0x01, 0xF8, 0x00, 0x00, 0x01, 0xE0, 0x07, 0xFF, 0x80, 0x00, 0x00, 0x3F,
  0xC0, 0x00, 0x1C, 0x03, 0xE0, 0x00, 0x00, 0x01, 0xE0, 0x1F, 0xFF, 0x80,
  0x00, 0x00, 0xFF, 0xF8, 0x00, 0x0C, 0x07, 0xC0, 0x00, 0x00, 0x03, 0xC0,
  0x1F, 0xFF, 0xC0, 0x00, 0x01, 0xFF, 0xFE, 0x00, 0x0C, 0x07, 0x00, 0x00,
  0x00, 0x03, 0xC0, 0x3F, 0xFF, 0xE0, 0x00, 0x03, 0xFF, 0xFF, 0x00, 0x0C,
  0x07, 0x00, 0x00, 0x00, 0x03, 0xC0, 0xFF, 0xFF, 0xF0, 0x00, 0x07, 0xFF,
  0xFF, 0x80, 0x0C, 0x00, 0x00, 0x00, 0x00, 0x03, 0xC0, 0xFF, 0xFF, 0xF0,
  0x00, 0x07, 0xFF, 0xFF, 0x80, 0x0F, 0x00, 0x00, 0x00, 0x00, 0x03, 0x80,
  0xFF, 0xFF, 0xF0, 0x00, 0x07, 0xFF, 0xFF, 0xC0, 0x0F, 0x00, 0xC0, 0x00,
  0x00, 0x03, 0x81, 0xFF, 0xEF, 0xF0, 0x00, 0x07, 0xFF, 0xFF, 0xC0, 0x0F,
  0x01, 0xF8, 0x00, 0x00, 0x07, 0x83, 0xFF, 0xE3, 0xF0, 0x00, 0x1F, 0xE3,
  0xFF, 0xE0, 0x07, 0x01, 0xF8, 0x00, 0x00, 0x07, 0x81, 0xFF, 0xC3, 0xF0,
  0x00, 0x1F, 0xE3, 0xFF, 0xE0, 0x07, 0x01, 0xF8, 0x00, 0x00, 0x07, 0x83,
  0xFF, 0xC3, 0xF0, 0x00, 0x1F, 0xC3, 0xFF, 0xE0, 0x07, 0x00, 0x00, 0x00,
  0x00, 0x07, 0x87, 0xFF, 0xE7, 0xF0, 0x00, 0x1F, 0xC3, 0xFF, 0xF8, 0x07,
  0x00, 0x00, 0x00, 0x00, 0x06, 0x07, 0xFF, 0xFF, 0xF0, 0x00, 0x1F, 0xF7,
  0xFF, 0xF8, 0x07, 0x00, 0x00, 0x00, 0x00, 0x06, 0x07, 0xFD, 0xFF, 0xF0,
  0x00, 0x1F, 0xFF, 0xBF, 0xF8, 0x07, 0x00, 0x00, 0x00, 0x00, 0x0E, 0x07,
  0xFD, 0xFF, 0xF0, 0x00, 0x1F, 0xFF, 0xBF, 0xF8, 0x07, 0x80, 0x00, 0x00,
  0x00, 0x0E, 0x07, 0xFD, 0xFF, 0xE0, 0xF8, 0x1F, 0xFF, 0xBF, 0xF8, 0x07,
  0xC0, 0x00, 0x00, 0x00, 0x0E, 0x07, 0xFF, 0xFF, 0xE3, 0xFE, 0x0F, 0xFF,
  0xBF, 0xF8, 0x0F, 0x80, 0x00, 0x00, 0x00, 0x0E, 0x07, 0xFF, 0xFF, 0xC3,
  0xFE, 0x07, 0xFF, 0xFF, 0xF8, 0x0F, 0x80, 0x00, 0x00, 0x00, 0x0E, 0x07,
  0xFF, 0xFF, 0x83, 0xFE, 0x07, 0xFE, 0xFF, 0xF8, 0x03, 0x80, 0x00, 0x00,
  0x00, 0x0F, 0x07, 0xFF, 0xFF, 0x81, 0xFC, 0x07, 0xFF, 0xFF, 0xF8, 0x03,
  0x80, 0x00, 0x00, 0x00, 0x0F, 0x87, 0xFF, 0xFE, 0x00, 0xF8, 0x03, 0xFF,
  0xFF, 0xF8, 0x03, 0x80, 0x00, 0x00, 0x00, 0x0F, 0x80, 0xFF, 0xFC, 0x00,
  0x70, 0x01, 0xFF, 0xFF, 0xF0, 0x03, 0xC0, 0x00, 0x00, 0x00, 0x0F, 0x80,
  0xFF, 0xF8, 0x18, 0x78, 0xC0, 0xFF, 0xFF, 0xE0, 0x03, 0x80, 0x00, 0x00,
  0x00, 0x03, 0x80, 0x1F, 0xE0, 0x1F, 0xF9, 0xC0, 0x7F, 0xFF, 0xC0, 0x03,
  0x00, 0x00, 0x00, 0x00, 0x07, 0xC0, 0x00, 0x00, 0x1F, 0xFF, 0xC0, 0x3F,
  0xFF, 0x80, 0x0F, 0x00, 0x00, 0x00, 0x00, 0x07, 0xC0, 0x00, 0x00, 0x07,
  0xFF, 0x80, 0x07, 0xFE, 0x00, 0x0F, 0x00, 0x00, 0x00, 0x00, 0x03, 0xC0,
  0x00, 0x00, 0x03, 0xC7, 0x00, 0x00, 0x00, 0x00, 0x0F, 0x00, 0x00, 0x00,
  0x00, 0x01, 0xE0, 0x00, 0x00, 0x03, 0xC7, 0x00, 0x00, 0x00, 0x00, 0x3E,
  0x00, 0x00, 0x00, 0x00, 0x01, 0xE0, 0x00, 0x00, 0x03, 0x87, 0x00, 0x00,
  0x00, 0x00, 0x3E, 0x00, 0x00, 0x00, 0x00, 0x01, 0xF0, 0x00, 0x00, 0x01,
  0xCF, 0x00, 0x00, 0x00, 0x00, 0x7C, 0x00, 0x00, 0x00, 0x00, 0x00, 0x78,
  0x00, 0x00, 0x00, 0xFE, 0x00, 0x00, 0x00, 0x00, 0x78, 0x00, 0x00, 0x00,
  0x00, 0x00, 0x7C, 0x00, 0x00, 0x00, 0x78, 0x00, 0x00, 0x00, 0x01, 0xE0,
  0x00, 0x00, 0x00, 0x00, 0x00, 0x3F, 0x03, 0xF8, 0x00, 0x38, 0x0F, 0xC0,
  0x00, 0x07, 0xE0, 0x00, 0x00, 0x00, 0x00, 0x00, 0x0F, 0x07, 0xF8, 0x00,
  0x00, 0x0F, 0xE0, 0x00, 0x0F, 0xC0, 0x00, 0x00, 0x00, 0x00, 0x00, 0x07,
  0xDF, 0xFF, 0x00, 0x00, 0x3F, 0xF8, 0x00, 0x7F, 0x80, 0x00, 0x00, 0x00,
  0x00, 0x00, 0x03, 0xFF, 0xFF, 0x80, 0x00, 0xFF, 0xFE, 0x00, 0xFE, 0x00,
  0x00, 0x00, 0x00, 0x00, 0x00, 0x01, 0xFC, 0x07, 0xC0, 0x01, 0xF0, 0x7F,
  0x07, 0xF8, 0x00, 0x00, 0x00, 0x00, 0x00, 0x00, 0x01, 0xF0, 0x07, 0xE0,
  0x03, 0xE0, 0x1F, 0xFF, 0xF8, 0x00, 0x00, 0x00, 0x00, 0x00, 0x00, 0x01,
  0xE0, 0x01, 0xF8, 0x03, 0xC0, 0x07, 0xFF, 0xF0, 0x00, 0x00, 0x00, 0x00,
  0x00, 0x00, 0x03, 0xE0, 0x01, 0xFF, 0xFF, 0x80, 0x03, 0xFC, 0x78, 0x00,
  0x00, 0x00, 0x00, 0x00, 0x00, 0x03, 0xC0, 0x00, 0xFF, 0xFF, 0x00, 0x01,
  0xF0, 0x7C, 0x00, 0x00, 0x00, 0x00, 0x00, 0x00, 0x03, 0xC0, 0x00, 0xFF,
  0xFF, 0x00, 0x00, 0xF0, 0x3E, 0x00, 0x00, 0x00, 0x00, 0x00, 0x00, 0x03,
  0xC0, 0x00, 0xF3, 0xFF, 0x00, 0x00, 0xE0, 0x3E, 0x00, 0x00, 0x00, 0x00,
  0x00, 0x00, 0x07, 0x00, 0x00, 0xF0, 0x07, 0x00, 0x00, 0x00, 0x1E, 0x00,
  0x00, 0x00, 0x00, 0x00, 0x00, 0x07, 0x00, 0x00, 0xF0, 0x07, 0x00, 0x00,
  0x00, 0x0F, 0x00, 0x00, 0x00, 0x00, 0x00, 0x00, 0x07, 0x00, 0x03, 0xF0,
  0x07, 0x80, 0x00, 0x00, 0x0F, 0x80, 0x00, 0x00, 0x00, 0x00, 0x00, 0x07,
  0x00, 0x03, 0xE0, 0x07, 0xC0, 0x00, 0x00, 0x0F, 0x00, 0x00, 0x00, 0x00,
  0x00, 0x00, 0x07, 0x00, 0x03, 0xC0, 0x03, 0xC0, 0x00, 0x00, 0x07, 0xC0,
  0x00, 0x00, 0x00, 0x00, 0x00, 0x07, 0x00, 0x03, 0xC0, 0x03, 0xE0, 0x00,
  0x00, 0x03, 0xC0, 0x00, 0x00, 0x00, 0x00, 0x00, 0x07, 0x00, 0x07, 0xC0,
  0x01, 0xF0, 0x00, 0x03, 0x03, 0xC0, 0x00, 0x00, 0x00, 0x00, 0x00, 0x07,
  0x80, 0x07, 0x80, 0x00, 0xF0, 0x00, 0x07, 0x03, 0xC0, 0x00, 0x00, 0x00,
  0x00, 0x00, 0x07, 0xC0, 0x07, 0x80, 0x00, 0xFC, 0x00, 0x0F, 0x03, 0xC0,
  0x00, 0x00, 0x00, 0x00, 0x00, 0x03, 0xC0, 0x0F, 0x80, 0x00, 0x7C, 0x00,
  0x1F, 0x03, 0xC0, 0x00, 0x00, 0x00, 0x00, 0x00, 0x01, 0xF0, 0x3E, 0x00,
  0x00, 0x1F, 0x80, 0x7C, 0x01, 0xE0, 0x00, 0x00, 0x00, 0x00, 0x00, 0x07,
  0xFF, 0xFE, 0x00, 0x00, 0x0F, 0xFF, 0xFC, 0x00, 0xE0, 0x00, 0x00, 0x00,
  0x00, 0x00, 0x07, 0xFF, 0xF8, 0x00, 0x00, 0x07, 0xFF, 0xF8, 0x00, 0xE0,
  0x00, 0x00, 0x00, 0x00, 0x00, 0x1F, 0xFF, 0xF8, 0x00, 0x00, 0x00, 0xFF,
  0xFF, 0xE0, 0xE0, 0x00, 0x00, 0x00, 0x00, 0x00, 0x3F, 0xFF, 0xFC, 0x00,
  0x00, 0x00, 0x7F, 0xFF, 0xF0, 0xE0, 0x00, 0x00, 0x00, 0x00, 0x00, 0x7C,
  0x03, 0xDE, 0x00, 0x0C, 0x00, 0x00, 0xFF, 0xFC, 0xE0, 0x00, 0x00, 0x00,
  0x00, 0x00, 0x78, 0x71, 0xFF, 0x00, 0x1C, 0x00, 0x03, 0xF8, 0x7E, 0xE0,
  0x00, 0x00, 0x00, 0x00, 0x00, 0x70, 0x70, 0xF7, 0x00, 0x1C, 0x00, 0x03,
  0xC0, 0x1E, 0xE0, 0x00, 0x00, 0x00, 0x00, 0x01, 0xF7, 0x3E, 0x77, 0x80,
  0x1C, 0x00, 0x07, 0xE3, 0x1F, 0xE0, 0x00, 0x00, 0x00, 0x00, 0x01, 0xF7,
  0x9E, 0x73, 0x80, 0x3C, 0x00, 0x0F, 0xF3, 0x87, 0xE0, 0x00, 0x00, 0x00,
  0x00, 0x01, 0xEF, 0x8E, 0x03, 0x80, 0x78, 0x00, 0x1E, 0xF7, 0xC3, 0xE0,
  0x00, 0x00, 0x00, 0x00, 0x01, 0xFF, 0x8E, 0x03, 0xC0, 0x78, 0x00, 0x1E,
  0x77, 0xC3, 0xE0, 0x00, 0x00, 0x00, 0x00, 0x01, 0xFE, 0x00, 0x03, 0xC0,
  0x78, 0x00, 0x1E, 0x77, 0xBB, 0xC0, 0x00, 0x00, 0x00, 0x00, 0x00, 0xFE,
  0x7C, 0x03, 0xF0, 0x78, 0x00, 0x7C, 0x00, 0x7B, 0xC0, 0x00, 0x00, 0x00,
  0x00, 0x00, 0x7E, 0xFE, 0x03, 0xF0, 0xF8, 0x00, 0x7C, 0x1C, 0x7F, 0xC0,
  0x00, 0x00, 0x00, 0x00, 0x00, 0x70, 0xFF, 0x03, 0xF8, 0xF0, 0x00, 0x7C,
  0x3E, 0x77, 0xC0, 0x00, 0x00, 0x00, 0x00, 0x00, 0x71, 0xFF, 0x07, 0xFE,
  0xF0, 0x00, 0x7C, 0x7F, 0x07, 0x80, 0x00, 0x00, 0x00, 0x00, 0x00, 0x31,
  0xFF, 0x0F, 0xFF, 0xF0, 0x00, 0x7C, 0x7F, 0xCF, 0x00, 0x00, 0x00, 0x00,
  0x00, 0x00, 0x3D, 0xFF, 0x07, 0xFF, 0xF0, 0x00, 0x7C, 0x7F, 0xCF, 0x00,
  0x00, 0x00, 0x00, 0x00, 0x00, 0x3F, 0xFE, 0x0F, 0xFF, 0xFB, 0x30, 0x7C,
  0x7F, 0xDE, 0x00, 0x00, 0x00, 0x00, 0x00, 0x00, 0x1E, 0x7C, 0x1F, 0xFF,
  0xFB, 0x30, 0x7C, 0x3F, 0xBE, 0x00, 0x00, 0x00, 0x00, 0x00, 0x00, 0x0F,
  0x80, 0x7F, 0xFE, 0x7F, 0xF0, 0xFE, 0x0E, 0x78, 0x00, 0x00, 0x00, 0x00,
  0x00, 0x00, 0x07, 0xFF, 0xFE, 0x00, 0x7F, 0xFF, 0xFF, 0xFF, 0xF8, 0x00,
  0x00, 0x00, 0x00, 0x00, 0x00, 0x03, 0xFF, 0xF0, 0x00, 0x1F, 0xFF, 0xE7,
  0xFF, 0xE0, 0x00, 0x00, 0x00, 0x00, 0x00, 0x00, 0x01, 0xFF, 0xF0, 0x00,
  0x0F, 0xFF, 0xC7, 0xFF, 0xE0, 0x00, 0x00, 0x00, 0x00, 0x00, 0x00, 0x00,
  0x7F, 0xC0, 0x00, 0x01, 0xFF, 0x01, 0xFF, 0x80, 0x00, 0x00, 0x00, 0x00,
  0x00, 0x00, 0x00, 0x00, 0x00, 0x00, 0x00, 0x00, 0x00, 0x00, 0x00, 0x00,
  0x00, 0x00, 0x00, 0x00, 0x00, 0x00, 0x00, 0x00, 0x00, 0x00, 0x00, 0x00,
  0x00, 0x00, 0x00, 0x00, 0x00, 0x00, 0x00, 0x00, 0x00, 0x00, 0x00, 0x00,
  0x00, 0x00, 0x00, 0x00, 0x00, 0x00, 0x00, 0x00, 0x00, 0x00, 0x00, 0x00,
  0x00, 0x00, 0x00, 0x00, 0x00, 0x00, 0x00, 0x00, 0x00, 0x00, 0x00, 0x00,
};

const uint8_t DRAGON_IDLE_WINK_BITMAP[] BITMAP_PROGMEM = {
  0x00, 0x00, 0x00, 0x00, 0x00, 0x00, 0x00, 0x00, 0x00, 0x00, 0x00, 0x00,
  0x00, 0x00, 0x00, 0x00, 0x00, 0x00, 0x00, 0x00, 0x00, 0x00, 0x00, 0x00,
  0x00, 0x00, 0x00, 0x00, 0x00, 0x00, 0x00, 0x00, 0x00, 0x00, 0x03, 0xE0,
  0x00, 0x00, 0x00, 0x00, 0x00, 0x00, 0x00, 0x00, 0x00, 0x00, 0x00, 0x00,
  0x00, 0x07, 0xF8, 0x00, 0x00, 0x00, 0x00, 0x00, 0x00, 0x00, 0x00, 0x00,
  0x00, 0x00, 0x00, 0x00, 0x0F, 0xF8, 0x00, 0x00, 0x00, 0x00, 0x00, 0x00,
  0x00, 0x00, 0x00, 0x00, 0x00, 0x00, 0x00, 0x1F, 0x38, 0x00, 0x03, 0xE0,
  0x00, 0x00, 0x00, 0x00, 0x00, 0x00, 0x00, 0x00, 0x00, 0x00, 0x3C, 0x38,
  0x00, 0x07, 0xE0, 0x00, 0x00, 0x00, 0x00, 0x00, 0x00, 0x00, 0x00, 0x00,
  0x00, 0x7C, 0x78, 0x00, 0x1F, 0xF0, 0x00, 0x00, 0x00, 0x00, 0x00, 0x00,
  0x00, 0x00, 0x00, 0x00, 0x78, 0xF8, 0x00, 0x3F, 0xF0, 0x00, 0x00, 0x00,
  0x00, 0x00, 0x00, 0x00, 0x00, 0x00, 0x00, 0xF0, 0xE0, 0x00, 0x3C, 0x70,
  0x00, 0x00, 0x00, 0x00, 0x00, 0x00, 0x00, 0x00, 0x00, 0x00, 0xF0, 0xE0,
  0x00, 0xF8, 0x70, 0x00, 0x1F, 0x80, 0x00, 0x00, 0x00, 0x00, 0x00, 0x00,
  0x00, 0xE0, 0x60, 0x01, 0xF0, 0x78, 0x00, 0x3F, 0xC0, 0x00, 0x00, 0x00,
  0x00, 0x00, 0x00, 0x03, 0xDF, 0xE0, 0x03, 0xE0, 0x78, 0x00, 0x7F, 0xC0,
  0x00, 0x00, 0x00, 0x00, 0x00, 0x00, 0x03, 0xDF, 0xE0, 0x07, 0xC0, 0x38,
  0x00, 0x79, 0xC0, 0x00, 0x00, 0x00, 0x00, 0x00, 0x00, 0x01, 0xF6, 0xE0,
  0x0F, 0x80, 0x3F, 0xC0, 0xE1, 0xC0, 0x00, 0x00, 0x00, 0x00, 0x00, 0x00,
  0x07, 0xE0, 0x70, 0x1F, 0x00, 0x3F, 0xE1, 0xE1, 0xC0, 0x00, 0x00, 0x00,
  0x00, 0x00, 0x00, 0x07, 0x80, 0x77, 0xFE, 0x00, 0x3F, 0xE3, 0xC1, 0xC0,
  0x00, 0x00, 0x00, 0x00, 0x00, 0x00, 0x07, 0x80, 0x7F, 0xFE, 0x00, 0x7F,
  0xEF, 0xC1, 0xC0, 0x00, 0x00, 0x00, 0x00, 0x00, 0x0F, 0x07, 0x03, 0xFE,
  0x3C, 0x07, 0xF0, 0xFF, 0x81, 0xC0, 0x00, 0x00, 0x00, 0x00, 0x00, 0x0F,
  0x87, 0x07, 0xE0, 0x78, 0x3F, 0xFF, 0xFC, 0x01, 0xC0, 0x00, 0x00, 0x00,
  0x00, 0x00, 0x1F, 0xC7, 0x1F, 0xC0, 0x73, 0xFF, 0xFF, 0xFE, 0x03, 0xC0,
  0x00, 0x00, 0x00, 0x00, 0x00, 0x1F, 0xE7, 0x7E, 0x00, 0xF3, 0xF9, 0xFF,
  0xC6, 0x03, 0xC0, 0x00, 0x00, 0x00, 0x00, 0x00, 0x3D, 0xF7, 0xF8, 0x01,
  0xEF, 0xC0, 0x0F, 0x87, 0x07, 0x80, 0x00, 0x00, 0x00, 0x00, 0x00, 0x38,
  0xF7, 0xE0, 0x01, 0xEE, 0x00, 0x0E, 0x03, 0x87, 0x00, 0x00, 0x00, 0x00,
  0x00, 0x00, 0x38, 0x7F, 0xC0, 0x01, 0xFC, 0x00, 0x0E, 0x01, 0xCF, 0x00,
  0x00, 0x00, 0x00, 0x00, 0x00, 0x38, 0x7F, 0x80, 0x01, 0xF0, 0x00, 0x0E,
  0x00, 0xDF, 0x00, 0x00, 0x00, 0x00, 0x00, 0x00, 0x38, 0x3E, 0x00, 0x01,
  0xC0, 0x00, 0x0E, 0x00, 0x1E, 0x00, 0x00, 0x00, 0x00, 0x00, 0x00, 0x38,
  0x1C, 0x00, 0x01, 0xC0, 0x00, 0x07, 0x00, 0x3C, 0x00, 0x00, 0x00, 0x00,
  0x00, 0x00, 0x38, 0x7C, 0x00, 0x00, 0x00, 0x00, 0x07, 0xC0, 0x78, 0x00,
  0x00, 0x00, 0x00, 0x00, 0x00, 0x3C, 0x78, 0x00, 0x00, 0x00, 0x00, 0x01,
  0xC0, 0xF0, 0x00, 0x00, 0x00, 0x00, 0x00, 0x00, 0x3C, 0xF0, 0x00, 0x00,
  0x00, 0x00, 0x01, 0xFF, 0xF0, 0x1F, 0x80, 0x00, 0x00, 0x00, 0x00, 0x1C,
  0xE0, 0x00, 0x00, 0x00, 0x00, 0x00, 0x7F, 0xE0, 0x7F, 0xC0, 0x00, 0x00,
  0x00, 0x00, 0xFF, 0xC0, 0x00, 0x00, 0x00, 0x00, 0x00, 0x3F, 0xE3, 0xFF,
  0xC0, 0x00, 0x00, 0x00, 0x00, 0xFF, 0xC0, 0x00, 0x00, 0x00, 0x00, 0x00,
  0x00, 0xFF, 0xF1, 0xC0, 0x00, 0x00, 0x00, 0x00, 0xFF, 0x80, 0x00, 0x00,
  0x00, 0x00, 0x00, 0x00, 0x7F, 0x81, 0xC0, 0x00, 0x00, 0x00, 0x00, 0xE7,
  0x80, 0x00, 0x00, 0x00, 0x00, 0x00, 0x00, 0xFE, 0x01, 0xC0, 0x00, 0x00,
  0x00, 0x00, 0xE7, 0x00, 0x00, 0x00, 0x00, 0x00, 0x00, 0x00, 0xF8, 0x03,
  0xC0, 0x00, 0x00, 0x00, 0x00, 0xF7, 0x01, 0xE0, 0x00, 0x00, 0x00, 0x00,
  0x01, 0xF0, 0x07, 0x80, 0x00, 0x00, 0x00, 0x00, 0xFF, 0x01, 0xF0, 0x00,
  0x00, 0x00, 0x00, 0x01, 0xC0, 0x07, 0x80, 0x00, 0x00, 0x00, 0x00, 0x7E,
  0x00, 0x70, 0x00, 0x00, 0x00, 0x00, 0x00, 0x00, 0x0F, 0x00, 0x00, 0x00,
  0x00, 0x00, 0x3C, 0x00, 0x30, 0x00, 0x00, 0x00, 0x00, 0x00, 0x00, 0x1E,
  0x00, 0x00, 0x00, 0x00, 0x00, 0x1C, 0x00, 0x00, 0x00, 0x00, 0x00, 0x00,
  0x00, 0x00, 0x3C, 0x00, 0x00, 0x00, 0x00, 0x00, 0x3C, 0x00, 0x00, 0x00,
  0x00, 0x1F, 0x00, 0x00, 0x00, 0xFC, 0x00, 0x00, 0x00, 0x00, 0x00, 0x3C,
  0x0F, 0x80, 0x00, 0x00, 0x1F, 0x00, 0x00, 0x01, 0xFF, 0x00, 0x00, 0x00,
  0x00, 0x00, 0x3C, 0x1F, 0xC0, 0x00, 0x00, 0x00, 0x00, 0x00, 0x01, 0xFF,
  0x00, 0x00, 0x00, 0x00, 0x00, 0x3C, 0x3F, 0xF0, 0x00, 0x00, 0x00, 0x00,
  0x00, 0x00, 0x1F, 0x00, 0x00, 0x00, 0x00, 0x00, 0x38, 0x7F, 0xF0, 0x00,
  0x00, 0x00, 0x00, 0x00, 0x00, 0x07, 0x00, 0x00, 0x00, 0x00, 0x00, 0x38,
  0xFF, 0xF8, 0x00, 0x00, 0x00, 0x00, 0x00, 0x00, 0x0F, 0x00, 0x00, 0x00,
  0x00, 0x00, 0xF8, 0xFF, 0x78, 0x00, 0x00, 0x00, 0x00, 0x00, 0x00, 0x3E,
  0x00, 0x00, 0x00, 0x00, 0x01, 0xF8, 0xFC, 0x18, 0x00, 0x00, 0x00, 0x00,
  0x00, 0x00, 0xFC, 0x00, 0x00, 0x00, 0x00, 0x03, 0xC1, 0xFE, 0x18, 0x00,
  0x00, 0x00, 0x00, 0x00, 0x1F, 0xF8, 0x00, 0x00, 0x00, 0x00, 0x03, 0x81,
  0xFE, 0x38, 0x00, 0x00, 0x00, 0x00, 0x00, 0x1F, 0xC0, 0x00, 0x00, 0x00,
  0x00, 0x03, 0xC1, 0xFF, 0xF8, 0x00, 0x00, 0x1F, 0xC0, 0x00, 0x1F, 0xC0,
  0x00, 0x00, 0x00, 0x00, 0x03, 0xC1, 0xFF, 0xF8, 0x00, 0x00, 0x7F, 0xE0,
  0x00, 0x0E, 0x00, 0x00, 0x00, 0x00, 0x00, 0x01, 0xF1, 0xFF, 0xF8, 0x00,
  0x00, 0xFF, 0xF0, 0x00, 0x0E, 0x00, 0x00, 0x00, 0x00, 0x00, 0x01, 0xF9,
  0xFF, 0xF8, 0x00, 0x03, 0xFF, 0xF8, 0x00, 0x0E, 0x00, 0x00, 0x00, 0x00,
  0x00, 0x00, 0x78, 0xFE, 0xF1, 0xF8, 0x03, 0xE0, 0xFC, 0x00, 0x0E, 0x1F,
  0xE0, 0x00, 0x00, 0x00, 0x00, 0x78, 0xFF, 0xF1, 0xFC, 0x07, 0xC0, 0xFC,
  0x00, 0x0F, 0x3F, 0xFE, 0x00, 0x00, 0x00, 0x01, 0xF0, 0x3F, 0xC7, 0x1C,
  0x07, 0x00, 0x3C, 0x00, 0x07, 0x3F, 0xFF, 0x80, 0x00, 0x00, 0x07, 0xF0,
  0x1F, 0x87, 0x0C, 0x00, 0x00, 0x1C, 0x00, 0x03, 0x78, 0x3F, 0xE0, 0x00,
  0x00, 0x1F, 0xF0, 0x00, 0x03, 0x0C, 0x00, 0x00, 0x00, 0x00, 0x03, 0xF0,
  0x03, 0xF0, 0x00, 0x00, 0x1F, 0x70, 0x00, 0x00, 0x00, 0x00, 0x00, 0x00,
  0x00, 0x07, 0xF7, 0xE0, 0xF8, 0x00, 0x00, 0xFC, 0x78, 0x00, 0x18, 0x60,
  0xE0, 0x00, 0x00, 0x06, 0x1F, 0xEF, 0xC0, 0x7C, 0x00, 0x00, 0xF8, 0x78,
  0x00, 0x1F, 0xFF, 0xE0, 0x00, 0x00, 0x07, 0xFF, 0xCF, 0x00, 0x1F, 0x00,
  0x01, 0xF0, 0x3C, 0x00, 0x1F, 0xFF, 0xE0, 0x00, 0x00, 0x07, 0xFF, 0xDF,
  0x80, 0x0F, 0x00, 0x01, 0xE0, 0x3E, 0x00, 0x0F, 0xFF, 0xE0, 0x00, 0x00,
  0x07, 0xFF, 0xBB, 0x80, 0x07, 0xC0, 0x03, 0x80, 0x0F, 0x00, 0x07, 0xC3,
  0xC0, 0x00, 0x00, 0x03, 0x8F, 0x31, 0xC0, 0x01, 0xE0, 0x07, 0x80, 0x0F,
  0x80, 0x07, 0x83, 0x80, 0x00, 0x00, 0x03, 0x9E, 0x71, 0xC0, 0x01, 0xE0,
  0x07, 0xF0, 0x07, 0xC0, 0x03, 0x83, 0x80, 0x00, 0x00, 0x07, 0xBE, 0xE0,
  0xC0, 0x0F, 0xE0, 0x07, 0xFE, 0x03, 0xF0, 0x03, 0xC7, 0x80, 0x00, 0x00,
  0x1F, 0xFD, 0xC0, 0xE0, 0x7F, 0xE0, 0x07, 0xFE, 0x00, 0xFC, 0x01, 0xEF,
  0x00, 0x00, 0x00, 0xFF, 0xF9, 0x80, 0x60, 0x7F, 0xE0, 0x07, 0x0F, 0x00,
  0x3F, 0x00, 0xFE, 0x00, 0x00, 0x0F, 0xFF, 0xE7, 0x00, 0x31, 0xEF, 0xE0,
  0x00, 0x07, 0x80, 0x1F, 0xF0, 0xFC, 0x00, 0x00, 0xFF, 0xFF, 0xF6, 0x00,
  0x23, 0xE0, 0x00, 0x00, 0x03, 0x80, 0x03, 0xF8, 0x00, 0x00, 0x07, 0xFF,
  0xFF, 0x30, 0x00, 0x03, 0xC0, 0x00, 0x00, 0x03, 0xBF, 0x01, 0xFF, 0x00,
  0x00, 0x03, 0xFF, 0xFE, 0xF0, 0x00, 0x07, 0x80, 0x00, 0x00, 0x01, 0xFF,
  0x8C, 0x7F, 0xFC, 0x00, 0x00, 0x07, 0xE0, 0xC0, 0x07, 0xF7, 0x00, 0x00,
  0x00, 0x01, 0xFF, 0xFE, 0xF7, 0xFE, 0x00, 0x00, 0x03, 0xDE, 0x00, 0x1F,
  0xFF, 0x00, 0x00, 0x00, 0x00, 0xE1, 0xFF, 0xFF, 0xFE, 0x00, 0x00, 0x03,
  0xFC, 0x00, 0x7F, 0xFF, 0x1E, 0x00, 0x00, 0x00, 0x00, 0xF3, 0xCC, 0x38,
  0x00, 0x00, 0x01, 0xF2, 0x00, 0xFC, 0x00, 0x3F, 0x00, 0x00, 0x00, 0x00,
  0x67, 0xDC, 0x10, 0x00, 0xC0, 0x00, 0xFF, 0xE1, 0xF0, 0x00, 0x3F, 0x00,
  0x00, 0x00, 0x00, 0x07, 0x9C, 0x00, 0x03, 0xC0, 0x00, 0x7F, 0xF9, 0xC0,
  0x00, 0xF7, 0x00, 0x00, 0x00, 0x00, 0x1E, 0x18, 0x00, 0x03, 0x80, 0x00,
  0x7F, 0xBB, 0x80, 0x01, 0xE7, 0x80, 0x00, 0x00, 0x00, 0x3E, 0x38, 0x00,
  0x0F, 0x80, 0x00, 0x3F, 0x9F, 0x80, 0x07, 0xE7, 0xE0, 0x00, 0x00, 0x00,
  0x3C, 0x18, 0x00, 0x0E, 0x00, 0x00, 0x1E, 0xCF, 0x00, 0x07, 0xC7, 0xE0,
  0x00, 0x00, 0x00, 0xF8, 0x3C, 0x00, 0x3E, 0x00, 0x00, 0x0F, 0xC7, 0x00,
  0x0F, 0x87, 0xE0, 0x00, 0x00, 0x00, 0xF0, 0x3E, 0x00, 0x3C, 0x00, 0x00,
  0x07, 0xC8, 0x00, 0x0E, 0x00, 0x60, 0x00, 0x00, 0x00, 0xE0, 0x7B, 0xC0,
  0xF8, 0x00, 0x38, 0x03, 0xFE, 0x00, 0x0E, 0x00, 0x60, 0x00, 0x00, 0x01,
  0xE0, 0x71, 0xFC, 0xF0, 0x00, 0x78, 0x01, 0xEF, 0xE0, 0x0E, 0x39, 0xE0,
  0x00, 0x00, 0x03, 0xC0, 0x70, 0x3D, 0xC0, 0x00, 0x70, 0x00, 0xF7, 0xE0,
  0x0F, 0xFD, 0xE0, 0x00, 0x00, 0x03, 0xC0, 0x70, 0x03, 0xC0, 0x01, 0xF0,
  0x00, 0x7F, 0xF0, 0x0F, 0xFF, 0xE0, 0x00, 0x00, 0x03, 0xC0, 0x70, 0x03,
  0xB0, 0x01, 0xE0, 0x00, 0x3F, 0x70, 0x07, 0xFF, 0xC0, 0x00, 0x00, 0x01,
  0xF6, 0x70, 0x03, 0xF0, 0x07, 0xC0, 0x00, 0x3E, 0x70, 0x07, 0xDF, 0xC0,
  0x00, 0x00, 0x00, 0xF6, 0x70, 0x03, 0xFC, 0x0F, 0x8C, 0x00, 0x1F, 0x3E,
  0x7B, 0xDC, 0x00, 0x00, 0x00, 0x00, 0xFE, 0xF0, 0x03, 0xEE, 0x1E, 0x1F,
  0x80, 0x07, 0xBE, 0xFF, 0x1C, 0x00, 0x00, 0x00, 0x00, 0xFF, 0xFC, 0x01,
  0xFE, 0x3E, 0x7F, 0x80, 0x07, 0xFB, 0xDF, 0x1C, 0x00, 0x00, 0x00, 0x00,
  0x7F, 0xFC, 0x01, 0xFC, 0xF8, 0xFC, 0x00, 0x01, 0xFF, 0xFC, 0x3C, 0x00,
  0x00, 0x00, 0x00, 0xFF, 0xDF, 0xC0, 0xFF, 0xFB, 0xF0, 0x00, 0x01, 0xFF,
  0xFC, 0x38, 0x00, 0x00, 0x00, 0x00, 0xE2, 0x1D, 0xFC, 0x3F, 0xE7, 0xC0,
  0x00, 0x00, 0x3F, 0xF0, 0x30, 0x00, 0x00, 0x00, 0x00, 0xE0, 0x0C, 0x3C,
  0x1F, 0x87, 0x80, 0x00, 0x00, 0x07, 0xC0, 0x78, 0x00, 0x00, 0x00, 0x00,
  0xE0, 0x0E, 0x00, 0x00, 0x0F, 0x00, 0x00, 0x00, 0x00, 0x00, 0xF0, 0x00,
  0x00, 0x00, 0x00, 0xE0, 0x06, 0x00, 0x00, 0x0E, 0x00, 0x00, 0x00, 0x00,
  0x00, 0xF0, 0x00, 0x00, 0x00, 0x00, 0xF0, 0x07, 0x00, 0x00, 0x1E, 0x00,
  0x00, 0x00, 0x00, 0x00, 0xE0, 0x00, 0x00, 0x00, 0x00, 0xF0, 0x07, 0x80,
  0x00, 0x1C, 0x00, 0x00, 0x18, 0x00, 0x01, 0xE0, 0x00, 0x00, 0x00, 0x00,
  0x38, 0x03, 0xC0, 0x00, 0x1C, 0x00, 0x00, 0x38, 0x00, 0x01, 0xC0, 0x00,
  0x00, 0x00, 0x00, 0x7C, 0x03, 0xE0, 0x00, 0x1C, 0x00, 0x00, 0x38, 0x00,
  0x07, 0xC0, 0x00, 0x00, 0x00, 0x00, 0xFE, 0x00, 0xF0, 0x00, 0x1C, 0x00,
  0x00, 0x38, 0x00, 0x07, 0x80, 0x00, 0x00, 0x00, 0x03, 0xFF, 0xC0, 0xFC,
  0x00, 0x1E, 0x00, 0x00, 0x3E, 0x00, 0x3F, 0x80, 0x00, 0x00, 0x00, 0x03,
  0xFF, 0xC0, 0x7E, 0x00, 0x1E, 0x00, 0x00, 0x7F, 0xC0, 0xFE, 0x00, 0x00,
  0x00, 0x00, 0x03, 0xB9, 0x80, 0x1F, 0xC0, 0x0F, 0x00, 0x00, 0x71, 0xC3,
  0xFC, 0x00, 0x00, 0x00, 0x00, 0x03, 0xFF, 0x00, 0x3F, 0xF8, 0x3F, 0x80,
  0x01, 0xF7, 0xFF, 0xF0, 0x00, 0x00, 0x00, 0x00, 0x03, 0xE7, 0x01, 0xFF,
  0xFF, 0xFF, 0x80, 0x01, 0xFF, 0xFF, 0xC0, 0x00, 0x00, 0x00, 0x00, 0x01,
  0xFE, 0x7F, 0xFC, 0xFF, 0xFF, 0x00, 0x03, 0xFF, 0xFE, 0x00, 0x00, 0x00,
  0x00, 0x00, 0x00, 0xFF, 0xFF, 0xE0, 0x00, 0xF3, 0x00, 0x0F, 0xFF, 0x80,
  0x00, 0x00, 0x00, 0x00, 0x00, 0x00, 0x7F, 0xFF, 0x00, 0x00, 0xEF, 0x38,
  0x1F, 0xFF, 0x80, 0x00, 0x00, 0x00, 0x00, 0x00, 0x00, 0x1F, 0xFE, 0x00,
  0x00, 0xFF, 0xFF, 0xFF, 0x00, 0x00, 0x00, 0x00, 0x00, 0x00, 0x00, 0x00,
  0x00, 0x00, 0x00, 0x00, 0xFF, 0xFF, 0xF8, 0x00, 0x00, 0x00, 0x00, 0x00,
  0x00, 0x00, 0x00, 0x00, 0x00, 0x00, 0x00, 0x7F, 0xFF, 0xF8, 0x00, 0x00,
  0x00, 0x00, 0x00, 0x00, 0x00, 0x00, 0x00, 0x00, 0x00, 0x00, 0x07, 0xFF,
  0x80, 0x00, 0x00, 0x00, 0x00, 0x00, 0x00, 0x00, 0x00, 0x00, 0x00, 0x00,
  0x00, 0x00, 0x00, 0x00, 0x00, 0x00, 0x00, 0x00, 0x00, 0x00, 0x00, 0x00,
  0x00, 0x00, 0x00, 0x00, 0x00, 0x00, 0x00, 0x00, 0x00, 0x00, 0x00, 0x00,
};

const uint8_t DRAGON_IDLE_SPARKLE_BITMAP[] BITMAP_PROGMEM = {
  0x00, 0x00, 0x00, 0x00, 0x00, 0x00, 0x00, 0x00, 0x00, 0x00, 0x00, 0x00,
  0x00, 0x00, 0x00, 0x00, 0x00, 0x00, 0x00, 0x00, 0x00, 0x00, 0x00, 0x00,
  0x00, 0x00, 0x00, 0x00, 0x00, 0x00, 0x00, 0x00, 0x00, 0x00, 0x00, 0x00,
  0x00, 0x00, 0x00, 0x00, 0x00, 0x00, 0x00, 0x00, 0x00, 0x00, 0x00, 0x00,
  0x00, 0x00, 0x3E, 0x00, 0x00, 0x00, 0x00, 0x00, 0x00, 0x00, 0x00, 0x00,
  0x00, 0x00, 0x00, 0x00, 0x00, 0x7F, 0x00, 0x00, 0x00, 0x00, 0x00, 0x00,
  0x00, 0x00, 0x00, 0x00, 0x00, 0x00, 0x00, 0x00, 0xFF, 0x80, 0x00, 0x00,
  0x00, 0x00, 0x00, 0x00, 0x00, 0x00, 0x00, 0x00, 0x00, 0x00, 0x01, 0xF3,
  0x00, 0x00, 0x00, 0x00, 0x00, 0x00, 0x00, 0x00, 0x00, 0x00, 0x00, 0x00,
  0x00, 0x01, 0xC7, 0x00, 0x01, 0xE0, 0x00, 0x00, 0x00, 0x00, 0x00, 0x00,
  0x00, 0x00, 0x00, 0x00, 0x07, 0x8F, 0x80, 0x01, 0xF0, 0x00, 0x00, 0x00,
  0x00, 0x00, 0x00, 0x00, 0x00, 0x00, 0x00, 0x07, 0x8F, 0x00, 0x07, 0xF8,
  0x00, 0x00, 0x00, 0x00, 0x00, 0x00, 0x00, 0x00, 0x00, 0x00, 0x0F, 0x0E,
  0x00, 0x0F, 0xF8, 0x00, 0x0F, 0x00, 0x00, 0x00, 0x00, 0x00, 0x00, 0x00,
  0x00, 0x1E, 0x0E, 0x00, 0x3F, 0x78, 0x00, 0x1F, 0x80, 0x00, 0x00, 0x00,
  0x00, 0x00, 0x00, 0x00, 0x1E, 0x0E, 0x00, 0x3C, 0x78, 0x00, 0x3F, 0x80,
  0x00, 0x00, 0x00, 0x00, 0x00, 0x00, 0x00, 0x1D, 0xFE, 0x00, 0x7C, 0x3C,
  0x00, 0x7F, 0x80, 0x00, 0x00, 0x00, 0x00, 0x00, 0x00, 0x00, 0x1D, 0xFE,
  0x00, 0xF0, 0x3C, 0x00, 0xF9, 0x80, 0x00, 0x00, 0x00, 0x00, 0x00, 0x00,
  0x00, 0x1F, 0x0E, 0x01, 0xE0, 0x3F, 0xC0, 0xF1, 0x80, 0x00, 0x00, 0x00,
  0x00, 0x00, 0x00, 0x00, 0x7E, 0x0E, 0x03, 0xC0, 0x3F, 0xE1, 0xE1, 0x80,
  0x00, 0x00, 0x00, 0x00, 0x00, 0x00, 0x00, 0x78, 0x0E, 0x03, 0xC0, 0x3F,
  0xF3, 0xC1, 0x80, 0x00, 0x00, 0x00, 0x00, 0x00, 0x00, 0x00, 0x70, 0x0F,
  0xFF, 0x80, 0x3F, 0xFF, 0xC1, 0x80, 0x00, 0x00, 0x00, 0x00, 0x00, 0x00,
  0x70, 0x70, 0x1F, 0xFF, 0x03, 0xF8, 0xFF, 0x81, 0x80, 0x00, 0x00, 0x00,
  0x00, 0x00, 0x00, 0x78, 0x70, 0x7F, 0xDE, 0x0F, 0xFF, 0xFC, 0x01, 0x80,
  0x00, 0x00, 0x00, 0x00, 0x00, 0x00, 0xFC, 0x71, 0xFE, 0x1E, 0x7F, 0xFF,
  0xFC, 0x03, 0x80, 0x00, 0x00, 0x00, 0x00, 0x00, 0x01, 0xFC, 0x73, 0xF0,
  0x3C, 0x7C, 0x3F, 0xEC, 0x07, 0x80, 0x00, 0x00, 0x00, 0x00, 0x00, 0x01,
  0xDF, 0x7F, 0xC0, 0x3B, 0xE0, 0x07, 0x87, 0x07, 0x00, 0x00, 0x00, 0x00,
  0x00, 0x00, 0x03, 0xDF, 0x7F, 0x00, 0x7F, 0xC0, 0x07, 0x03, 0x8F, 0x00,
  0x00, 0x00, 0x00, 0x00, 0x00, 0x03, 0x87, 0xFC, 0x00, 0x7F, 0x00, 0x07,
  0x01, 0xCF, 0x00, 0x00, 0x00, 0x00, 0x00, 0x00, 0x03, 0x87, 0xF8, 0x00,
  0x7C, 0x00, 0x06, 0x01, 0x9E, 0x00, 0x00, 0x00, 0x00, 0x00, 0x00, 0x03,
  0x83, 0xF0, 0x00, 0x78, 0x00, 0x07, 0x00, 0x3C, 0x00, 0x00, 0x00, 0x00,
  0x00, 0x00, 0x03, 0x81, 0xE0, 0x00, 0x60, 0x00, 0x07, 0x80, 0x3C, 0x00,
  0x00, 0x00, 0x00, 0x00, 0x00, 0x03, 0x83, 0xC0, 0x00, 0x00, 0x00, 0x03,
  0xE0, 0xF8, 0x00, 0x00, 0x00, 0x00, 0x00, 0x00, 0x03, 0x87, 0x80, 0x00,
  0x00, 0x00, 0x01, 0xE0, 0xF0, 0x0F, 0x80, 0x00, 0x00, 0x00, 0x00, 0x03,
  0xCF, 0x00, 0x00, 0x00, 0x00, 0x00, 0xFF, 0xF0, 0x3F, 0xC0, 0x00, 0x00,
  0x00, 0x00, 0x03, 0xCE, 0x00, 0x00, 0x00, 0x00, 0x00, 0x3F, 0xE1, 0xFF,
  0xC0, 0x00, 0x00, 0x00, 0x00, 0x01, 0xDC, 0x00, 0x00, 0x00, 0x00, 0x00,
  0x00, 0x77, 0xF1, 0xC0, 0x00, 0x00, 0x00, 0x00, 0x07, 0xFC, 0x00, 0x00,
  0x00, 0x00, 0x00, 0x00, 0x7F, 0xC1, 0xC0, 0x00, 0x00, 0x00, 0x00, 0x0F,
  0xF8, 0x00, 0x00, 0x00, 0x00, 0x00, 0x00, 0x7F, 0x01, 0xC0, 0x00, 0x00,
  0x00, 0x00, 0x0F, 0xF8, 0x00, 0x00, 0x00, 0x00, 0x00, 0x00, 0xFC, 0x03,
  0xC0, 0x00, 0x00, 0x00, 0x40, 0x0E, 0x78, 0x00, 0x00, 0x00, 0x00, 0x00,
  0x00, 0xF0, 0x03, 0xC0, 0x00, 0x00, 0x00, 0xE0, 0x0E, 0x70, 0x38, 0x00,
  0x00, 0x00, 0x00, 0x01, 0xE0, 0x07, 0x00, 0x00, 0x00, 0x00, 0xE0, 0x0F,
  0xE0, 0x7C, 0x00, 0x00, 0x07, 0xC0, 0x01, 0xC0, 0x0F, 0x00, 0x00, 0x00,
  0x00, 0xE0, 0x0F, 0xE0, 0x7C, 0x00, 0x00, 0x07, 0xC0, 0x00, 0x00, 0x0E,
  0x00, 0x00, 0x00, 0x00, 0xF0, 0x07, 0xE0, 0x0C, 0x00, 0x00, 0x07, 0x80,
  0x00, 0x00, 0x3E, 0x00, 0x00, 0x00, 0x07, 0xF8, 0x03, 0xC0, 0x00, 0x00,
  0x00, 0x00, 0x00, 0x00, 0x00, 0x78, 0x00, 0x00, 0x00, 0x07, 0xBC, 0x01,
  0xC0, 0x00, 0x00, 0x00, 0x00, 0x00, 0x00, 0x00, 0xFF, 0x00, 0x00, 0x00,
  0x07, 0xFC, 0x03, 0xC0, 0x00, 0x00, 0x00, 0x00, 0x00, 0x00, 0x00, 0xFF,
  0x00, 0x00, 0x00, 0x01, 0xF0, 0x03, 0xC0, 0xF8, 0x00, 0x00, 0x00, 0x00,
  0x00, 0x00, 0x1F, 0x00, 0x00, 0x00, 0x00, 0x60, 0x03, 0x83, 0xFC, 0x00,
  0x00, 0x0F, 0xE0, 0x00, 0x00, 0x07, 0x00, 0x00, 0x00, 0x00, 0xE0, 0x03,
  0x87, 0xFE, 0x00, 0x00, 0x3F, 0xF0, 0x00, 0x00, 0x0F, 0x00, 0x00, 0x00,
  0x00, 0xE0, 0x03, 0x87, 0xFF, 0x00, 0x00, 0x3F, 0xF8, 0x00, 0x00, 0x1E,
  0x00, 0x00, 0x00, 0x00, 0x40, 0x0F, 0x8F, 0xEF, 0x00, 0x00, 0x7F, 0xFC,
  0x00, 0x00, 0x7E, 0x00, 0x00, 0x00, 0x00, 0x00, 0x0F, 0x9F, 0xC7, 0x00,
  0x00, 0x71, 0xFE, 0x00, 0x0F, 0xF8, 0x00, 0x00, 0x00, 0x00, 0x00, 0x3F,
  0x9F, 0xC7, 0x00, 0x00, 0xE1, 0xFF, 0x00, 0x0F, 0xF0, 0x00, 0x00, 0x00,
  0x00, 0x00, 0x3C, 0x1F, 0xE7, 0x00, 0x01, 0xE1, 0xFF, 0x00, 0x0F, 0xC0,
  0x01, 0x80, 0x00, 0x00, 0x00, 0x38, 0x1F, 0xFF, 0x00, 0x01, 0xE3, 0xFF,
  0x00, 0x07, 0x00, 0x01, 0xC0, 0x00, 0x00, 0x00, 0x3C, 0x1F, 0xFF, 0x00,
  0x01, 0xFF, 0xFF, 0x00, 0x07, 0x00, 0x01, 0xC0, 0x00, 0x00, 0x00, 0x1F,
  0x9D, 0xFF, 0x00, 0x01, 0xFF, 0xF7, 0x00, 0x06, 0x00, 0x01, 0xC0, 0x00,
  0x00, 0x00, 0x0F, 0x9D, 0xFF, 0x1C, 0x01, 0xFF, 0xFF, 0x00, 0x07, 0x00,
  0x03, 0xE0, 0x00, 0x00, 0x00, 0x0F, 0x9E, 0xFE, 0x3E, 0x01, 0xFF, 0xFF,
  0x00, 0x07, 0x00, 0x03, 0xF0, 0x00, 0x00, 0x00, 0x07, 0x0F, 0xBC, 0x7F,
  0x01, 0xFF, 0xFF, 0x00, 0x03, 0xC0, 0x1F, 0x7C, 0x00, 0x00, 0x00, 0x0F,
  0x07, 0xFC, 0x63, 0x00, 0xFF, 0xFE, 0x00, 0x03, 0xC0, 0x1F, 0xFC, 0x00,
  0x00, 0x00, 0x3F, 0x03, 0xF8, 0xE3, 0x80, 0x79, 0xEC, 0x00, 0x01, 0x80,
  0x03, 0xE0, 0x00, 0x00, 0x00, 0xFF, 0x01, 0xF0, 0x43, 0x00, 0x7F, 0xEC,
  0x00, 0x07, 0x80, 0x03, 0xE0, 0x00, 0x00, 0x01, 0xFF, 0x00, 0x00, 0x00,
  0x00, 0x3F, 0xC0, 0x00, 0x0F, 0x80, 0x01, 0xC0, 0x00, 0x00, 0x03, 0xE7,
  0x00, 0x03, 0x9C, 0x78, 0x00, 0x00, 0x07, 0xFF, 0x00, 0x01, 0xC0, 0x00,
  0x00, 0x07, 0xC7, 0x80, 0x03, 0xFF, 0xF8, 0x00, 0x00, 0x07, 0xFC, 0x7E,
  0x81, 0x80, 0x00, 0x00, 0x0F, 0x03, 0x80, 0x01, 0xFF, 0xF8, 0x00, 0x00,
  0x01, 0xF1, 0xFF, 0xC0, 0x00, 0x00, 0x00, 0x3E, 0x03, 0xC0, 0x01, 0xFF,
  0xF0, 0x00, 0x00, 0x01, 0xF3, 0xFF, 0xF0, 0x00, 0x00, 0x00, 0x3C, 0x01,
  0xE0, 0x00, 0xF8, 0x70, 0x00, 0x00, 0x01, 0xC3, 0xC1, 0xFC, 0x00, 0x00,
  0x00, 0x38, 0x00, 0xF0, 0x00, 0xF0, 0x70, 0x00, 0x00, 0x01, 0xC7, 0x8C,
  0x7E, 0x00, 0x00, 0x00, 0x78, 0x00, 0xFE, 0x00, 0xF0, 0xF0, 0x00, 0x00,
  0x0F, 0xCF, 0xBE, 0x1F, 0x80, 0x00, 0x00, 0x7F, 0x00, 0x3F, 0x00, 0x79,
  0xC0, 0x00, 0x00, 0x7F, 0x9F, 0x38, 0x03, 0x80, 0x00, 0x00, 0x7F, 0xC0,
  0x1F, 0xE0, 0x3F, 0xC0, 0x00, 0x03, 0xFF, 0xFD, 0xBC, 0x03, 0xE0, 0x00,
  0x00, 0x7F, 0xE0, 0x07, 0xE0, 0x1F, 0x80, 0x00, 0x3F, 0xFC, 0xF9, 0x9C,
  0x01, 0xF0, 0x00, 0x00, 0x70, 0xE0, 0x01, 0xFE, 0x00, 0x00, 0x01, 0xFF,
  0x87, 0xF7, 0x0C, 0x00, 0x78, 0x00, 0x00, 0x00, 0x70, 0x00, 0x3F, 0xC0,
  0x00, 0x01, 0xFF, 0xFF, 0xC6, 0x0E, 0x00, 0x7C, 0x00, 0x00, 0x00, 0x38,
  0x00, 0x07, 0xE0, 0x00, 0x00, 0x03, 0xFF, 0x00, 0x06, 0x00, 0x1C, 0x00,
  0x00, 0x00, 0x39, 0xE0, 0x0F, 0xFF, 0x80, 0x00, 0x03, 0xFC, 0x80, 0x06,
  0x07, 0xFC, 0x00, 0x00, 0x00, 0x3F, 0xF1, 0x9E, 0xFF, 0x80, 0x00, 0x01,
  0xEF, 0x80, 0x02, 0x1F, 0xFC, 0x00, 0x00, 0x00, 0x1F, 0xFF, 0xFD, 0xDF,
  0x00, 0x00, 0x00, 0xFE, 0x00, 0x00, 0x3F, 0xF8, 0x00, 0x00, 0x00, 0x0F,
  0x1F, 0x79, 0xCE, 0x00, 0x30, 0x00, 0xFF, 0x80, 0x00, 0x7C, 0x00, 0x00,
  0x00, 0x00, 0x00, 0x1E, 0xF3, 0x80, 0x00, 0x70, 0x00, 0x7F, 0xC1, 0xF8,
  0x70, 0x00, 0x00, 0x00, 0x00, 0x00, 0x0F, 0xF3, 0x80, 0x00, 0xF0, 0x00,
  0x7F, 0xE7, 0xFE, 0xF0, 0x00, 0x00, 0x00, 0x00, 0x00, 0x03, 0xC3, 0x80,
  0x01, 0xE0, 0x00, 0x1E, 0xFF, 0xFF, 0xE0, 0x0F, 0x00, 0x00, 0x0C, 0x00,
  0x07, 0x87, 0x00, 0x07, 0xC0, 0x00, 0x1F, 0xFE, 0x0F, 0xE0, 0x1F, 0x80,
  0x00, 0x0C, 0x00, 0x0F, 0x07, 0x80, 0x0F, 0x80, 0x00, 0x0F, 0xBC, 0x03,
  0xC0, 0x7F, 0x80, 0x00, 0x0C, 0x00, 0x1E, 0x07, 0xC0, 0x0E, 0x00, 0x00,
  0x03, 0xC0, 0x00, 0x00, 0xFB, 0x80, 0x00, 0x0F, 0x00, 0x1E, 0x07, 0xF8,
  0x3E, 0x00, 0x0C, 0x03, 0xFE, 0x00, 0x01, 0xF3, 0x80, 0x00, 0x0F, 0x00,
  0x3C, 0x07, 0x3F, 0x3C, 0x00, 0x0E, 0x01, 0xFF, 0x00, 0x03, 0xE1, 0x80,
  0x00, 0xFF, 0xC0, 0x38, 0x07, 0x0F, 0x78, 0x00, 0x3C, 0x00, 0x7B, 0xF0,
  0x07, 0x81, 0xE0, 0x00, 0x7B, 0xC0, 0x78, 0x07, 0x00, 0xF0, 0x00, 0x3C,
  0x00, 0x7F, 0xF8, 0x07, 0x01, 0xE0, 0x00, 0x3F, 0x00, 0x38, 0x07, 0x00,
  0xEC, 0x00, 0x78, 0x00, 0x1F, 0xB8, 0x07, 0x00, 0x60, 0x00, 0x1E, 0x00,
  0x3E, 0x67, 0x00, 0xFE, 0x01, 0xF8, 0x00, 0x1E, 0x38, 0x07, 0xB0, 0xE0,
  0x00, 0x0C, 0x00, 0x3E, 0xE7, 0x00, 0xFC, 0x01, 0xE0, 0x00, 0x07, 0x38,
  0x07, 0xF0, 0xE0, 0x00, 0x0C, 0x00, 0x1F, 0xDF, 0x00, 0x7B, 0x87, 0xC7,
  0xE0, 0x07, 0xBF, 0x33, 0xFF, 0xE0, 0x00, 0x0C, 0x00, 0x1F, 0xFF, 0x80,
  0x7F, 0x9F, 0x9F, 0xC0, 0x03, 0xFF, 0x7B, 0xFF, 0xC0, 0x00, 0x00, 0x00,
  0x07, 0xFF, 0xC0, 0x1F, 0x3F, 0x3F, 0x00, 0x01, 0xF9, 0xFF, 0xDF, 0x80,
  0x00, 0x00, 0x00, 0x0F, 0xFB, 0xF8, 0x1F, 0xFE, 0xFC, 0x00, 0x00, 0xFD,
  0xEF, 0x9F, 0x80, 0x00, 0x00, 0x00, 0x1C, 0x73, 0xFF, 0x0F, 0xF8, 0xE0,
  0x00, 0x00, 0x3F, 0xFF, 0x1C, 0x00, 0x00, 0x00, 0x00, 0x0E, 0x01, 0x8F,
  0x00, 0x03, 0xE0, 0x00, 0x00, 0x0F, 0xF8, 0x3C, 0x00, 0x00, 0x00, 0x00,
  0x0E, 0x01, 0xC0, 0x00, 0x03, 0xC0, 0x00, 0x00, 0x07, 0xF0, 0x3C, 0x00,
  0x00, 0x00, 0x00, 0x0C, 0x00, 0xE0, 0x00, 0x03, 0x80, 0x00, 0x00, 0x00,
  0x00, 0x38, 0x00, 0x00, 0x00, 0x00, 0x1E, 0x00, 0xF0, 0x00, 0x07, 0x80,
  0x00, 0x00, 0x00, 0x00, 0x78, 0x00, 0x00, 0x00, 0x00, 0x0E, 0x00, 0xF0,
  0x00, 0x07, 0x00, 0x00, 0x0C, 0x00, 0x00, 0x78, 0x00, 0x00, 0x00, 0x00,
  0x07, 0x00, 0x78, 0x00, 0x07, 0x00, 0x00, 0x0C, 0x00, 0x00, 0xE0, 0x00,
  0x00, 0x00, 0x00, 0x0F, 0x80, 0x3C, 0x00, 0x07, 0x00, 0x00, 0x0C, 0x00,
  0x03, 0xE0, 0x00, 0x00, 0x00, 0x00, 0x1F, 0xC0, 0x1E, 0x00, 0x07, 0x00,
  0x00, 0x0C, 0x00, 0x03, 0xC0, 0x00, 0x00, 0x00, 0x00, 0x3F, 0xF8, 0x1F,
  0x80, 0x07, 0x80, 0x00, 0x1F, 0x00, 0x0F, 0xC0, 0x00, 0x00, 0x00, 0x00,
  0x7F, 0xF8, 0x0F, 0xC0, 0x07, 0x80, 0x00, 0x3F, 0xE0, 0x3F, 0x00, 0x00,
  0x00, 0x00, 0x00, 0x7B, 0x30, 0x03, 0xF8, 0x07, 0xC0, 0x00, 0x3B, 0xF1,
  0xFF, 0x00, 0x00, 0x00, 0x00, 0x00, 0x7F, 0x60, 0x07, 0xFF, 0x0F, 0xE0,
  0x00, 0x79, 0xFF, 0xFC, 0x00, 0x00, 0x00, 0x00, 0x00, 0x7E, 0xF0, 0x3F,
  0xFF, 0xFF, 0xE0, 0x00, 0xFF, 0xFF, 0xE0, 0x00, 0x00, 0x00, 0x00, 0x00,
  0x3F, 0xEF, 0xFF, 0x1F, 0xFF, 0xC0, 0x01, 0xFF, 0xFF, 0x00, 0x00, 0x00,
  0x00, 0x00, 0x00, 0x0F, 0xFF, 0xFE, 0x00, 0x3D, 0xC0, 0x03, 0xFF, 0xE0,
  0x00, 0x00, 0x00, 0x00, 0x00, 0x00, 0x03, 0xFF, 0xE0, 0x00, 0x3B, 0x9C,
  0x0F, 0xFF, 0xC0, 0x00, 0x00, 0x00, 0x00, 0x00, 0x00, 0x03, 0xFF, 0xC0,
  0x00, 0x3F, 0xFF, 0xFF, 0x80, 0x00, 0x00, 0x00, 0x00, 0x00, 0x00, 0x00,
  0x00, 0x00, 0x00, 0x00, 0x3F, 0xFF, 0xFE, 0x00, 0x00, 0x00, 0x00, 0x00,
  0x00, 0x00, 0x00, 0x00, 0x00, 0x00, 0x00, 0x0F, 0xFF, 0xFC, 0x00, 0x00,
  0x00, 0x00, 0x00, 0x00, 0x00, 0x00, 0x00, 0x00, 0x00, 0x00, 0x03, 0xFF,
  0xC0, 0x00, 0x00, 0x00, 0x00, 0x00, 0x00, 0x00, 0x00, 0x00, 0x00, 0x00,
  0x00, 0x00, 0x00, 0x00, 0x00, 0x00, 0x00, 0x00, 0x00, 0x00, 0x00, 0x00,
  0x00, 0x00, 0x00, 0x00, 0x00, 0x00, 0x00, 0x00, 0x00, 0x00, 0x00, 0x00,
};

const uint8_t DRAGON_IDLE_PERK_BITMAP[] BITMAP_PROGMEM = {
  0x00, 0x00, 0x00, 0x00, 0x00, 0x00, 0x00, 0x00, 0x00, 0x00, 0x00, 0x00,
  0x00, 0x00, 0x00, 0x00, 0x00, 0x00, 0x00, 0x00, 0x00, 0x00, 0x00, 0x00,
  0x00, 0x00, 0x00, 0x00, 0x00, 0x00, 0x00, 0x00, 0x00, 0x01, 0xF0, 0x00,
  0x07, 0xC0, 0x00, 0x00, 0x00, 0x00, 0x00, 0x00, 0x00, 0x00, 0x00, 0x00,
  0x03, 0xF8, 0x00, 0x0F, 0xE0, 0x00, 0x00, 0x00, 0x00, 0x00, 0x00, 0x00,
  0x00, 0x00, 0x00, 0x07, 0xFC, 0x00, 0x1F, 0xE0, 0x00, 0x3F, 0x00, 0x00,
  0x00, 0x00, 0x00, 0x00, 0x00, 0x00, 0x0F, 0xB8, 0x00, 0x3E, 0xE0, 0x00,
  0x7F, 0x00, 0x00, 0x00, 0x00, 0x00, 0x00, 0x00, 0x00, 0x0F, 0x38, 0x00,
  0x78, 0xE0, 0x00, 0x7F, 0x00, 0x00, 0x00, 0x00, 0x00, 0x00, 0x00, 0x00,
  0x3E, 0x7C, 0x00, 0xF8, 0xF0, 0x01, 0xFF, 0x00, 0x00, 0x00, 0x00, 0x00,
  0x00, 0x00, 0x00, 0x3C, 0x78, 0x01, 0xF0, 0xF0, 0x01, 0xE7, 0x00, 0x00,
  0x00, 0x00, 0x00, 0x00, 0x00, 0x00, 0x7C, 0x78, 0x03, 0xC0, 0x70, 0x03,
  0xE7, 0x00, 0x00, 0x00, 0x00, 0x00, 0x00, 0x00, 0x00, 0x78, 0x70, 0x07,
  0xC0, 0x7F, 0x87, 0xC7, 0x00, 0x00, 0x00, 0x00, 0x00, 0x00, 0x00, 0x00,
  0xF0, 0x70, 0x07, 0x80, 0x7F, 0x8F, 0x07, 0x00, 0x00, 0x00, 0x00, 0x00,
  0x00, 0x00, 0x00, 0xEF, 0xF0, 0x0F, 0x80, 0x7F, 0xDF, 0x07, 0x00, 0x00,
  0x00, 0x00, 0x00, 0x00, 0x00, 0x00, 0xEF, 0xF0, 0x1F, 0x00, 0x7D, 0xFE,
  0x07, 0x00, 0x00, 0x00, 0x00, 0x00, 0x00, 0x00, 0x00, 0xFF, 0xF0, 0x3E,
  0x00, 0x71, 0xFC, 0x07, 0x00, 0x00, 0x00, 0x00, 0x00, 0x00, 0x00, 0x01,
  0xF8, 0x70, 0x3C, 0x03, 0xFF, 0xF8, 0x0F, 0x00, 0x00, 0x00, 0x00, 0x00,
  0x00, 0x00, 0x03, 0xF0, 0x3B, 0xF8, 0x3F, 0xFF, 0xEE, 0x0F, 0x00, 0x00,
  0x00, 0x00, 0x00, 0x00, 0x00, 0x03, 0xC0, 0x7F, 0xF9, 0xFF, 0xFF, 0xCF,
  0x0F, 0x00, 0x00, 0x00, 0x00, 0x00, 0x00, 0x00, 0x03, 0xC0, 0x7F, 0x71,
  0xF0, 0x07, 0x07, 0x9E, 0x00, 0x00, 0x00, 0x00, 0x00, 0x00, 0x00, 0x03,
  0xC3, 0xFE, 0xF7, 0xE0, 0x07, 0x03, 0xBC, 0x00, 0x00, 0x00, 0x00, 0x00,
  0x00, 0x00, 0x03, 0xC3, 0xE0, 0xE7, 0x80, 0x06, 0x00, 0x3E, 0x00, 0x00,
  0x00, 0x00, 0x00, 0x00, 0x00, 0x03, 0xCF, 0x80, 0xFE, 0x00, 0x07, 0x00,
  0x7C, 0x00, 0x00, 0x00, 0x00, 0x00, 0x00, 0x01, 0xE3, 0xFE, 0x01, 0xFC,
  0x00, 0x07, 0x80, 0x78, 0x0F, 0x80, 0x00, 0x00, 0x00, 0x00, 0x01, 0xF9,
  0xFC, 0x01, 0xF0, 0x00, 0x03, 0xC1, 0xF0, 0x0F, 0xC0, 0x00, 0x00, 0x00,
  0x00, 0x03, 0xFD, 0xF8, 0x01, 0xE0, 0x00, 0x01, 0xFF, 0xF0, 0x7F, 0xC0,
  0x00, 0x00, 0x00, 0x00, 0x03, 0x9D, 0xE0, 0x01, 0xC0, 0x00, 0x00, 0xFF,
  0xE1, 0xFF, 0xC0, 0x00, 0x00, 0x00, 0x00, 0x03, 0x9F, 0xE0, 0x00, 0xC0,
  0x00, 0x00, 0x3F, 0xF7, 0xF9, 0xC0, 0x00, 0x00, 0x00, 0x00, 0x03, 0x8F,
  0xC0, 0x00, 0x00, 0x00, 0x00, 0x00, 0x7F, 0xC1, 0xC0, 0x00, 0x00, 0x00,
  0x00, 0x03, 0x87, 0x80, 0x00, 0x00, 0x00, 0x00, 0x00, 0x3F, 0x81, 0xC0,
  0x00, 0x00, 0x00, 0x00, 0x03, 0x87, 0x00, 0x00, 0x00, 0x00, 0x00, 0x00,
  0x7C, 0x03, 0xC0, 0x00, 0x00, 0x00, 0x00, 0x03, 0x8F, 0x00, 0x00, 0x00,
  0x00, 0x00, 0x00, 0x78, 0x03, 0x80, 0x00, 0x00, 0x00, 0x00, 0x03, 0x9E,
  0x00, 0x00, 0x00, 0x00, 0x00, 0x01, 0xF8, 0x07, 0x80, 0x00, 0x00, 0x00,
  0x00, 0x03, 0xDC, 0x00, 0x00, 0x00, 0x00, 0x00, 0x01, 0xE0, 0x07, 0x00,
  0x00, 0x00, 0x00, 0x00, 0x01, 0xDC, 0x00, 0x00, 0x00, 0x00, 0x00, 0x00,
  0x00, 0x0F, 0x00, 0x00, 0x00, 0x00, 0x00, 0x03, 0xFC, 0x00, 0x00, 0x00,
  0x00, 0x00, 0x00, 0x00, 0x3E, 0x00, 0x00, 0x00, 0x00, 0x00, 0x07, 0xF8,
  0x00, 0x00, 0x00, 0x00, 0x00, 0x00, 0x00, 0x3F, 0x80, 0x00, 0x00, 0x00,
  0x00, 0x0F, 0xF8, 0x00, 0x00, 0x00, 0x03, 0xC0, 0x00, 0x00, 0x7F, 0xC0,
  0x00, 0x00, 0x00, 0x00, 0x0E, 0x78, 0x00, 0x00, 0x00, 0x03, 0xC0, 0x00,
  0x00, 0x7F, 0xC0, 0x00, 0x00, 0x00, 0x00, 0x0E, 0x70, 0x3C, 0x00, 0x00,
  0x01, 0x80, 0x00, 0x00, 0x01, 0xC0, 0x07, 0x00, 0x00, 0x00, 0x0F, 0x70,
  0x3E, 0x00, 0x00, 0x00, 0x00, 0x00, 0x00, 0x03, 0xC0, 0x0F, 0x00, 0x00,
  0x00, 0x0F, 0xF0, 0x10, 0x00, 0x00, 0x00, 0x00, 0x00, 0x00, 0x03, 0x80,
  0x3F, 0x00, 0x00, 0x00, 0x03, 0xF0, 0x00, 0x00, 0x00, 0x00, 0x00, 0x00,
  0x00, 0x0F, 0x80, 0x3C, 0x00, 0x00, 0x00, 0x03, 0xE0, 0x00, 0x00, 0x00,
  0x00, 0x00, 0x00, 0x00, 0x3F, 0x00, 0x30, 0x00, 0x00, 0x00, 0x01, 0xE0,
  0x00, 0x00, 0x00, 0x00, 0x00, 0x00, 0x07, 0xFE, 0x00, 0x00, 0x00, 0x00,
  0x00, 0x00, 0xE0, 0x00, 0x00, 0x00, 0x00, 0x00, 0x00, 0x07, 0xF8, 0x00,
  0x00, 0x00, 0x00, 0x00, 0x00, 0xE0, 0x00, 0x00, 0x00, 0x01, 0xFC, 0x00,
  0x03, 0xF0, 0x00, 0x00, 0x00, 0x00, 0x00, 0x00, 0xE0, 0x7F, 0x00, 0x00,
  0x07, 0xFF, 0x00, 0x01, 0x80, 0x00, 0x1E, 0x00, 0x00, 0x00, 0x00, 0xE0,
  0xFF, 0x80, 0x00, 0x0F, 0xFF, 0x00, 0x01, 0xC0, 0x00, 0x3F, 0x00, 0x00,
  0x00, 0x00, 0xE1, 0xFF, 0xC0, 0x00, 0x1F, 0xFF, 0xC0, 0x01, 0xC0, 0x00,
  0x3F, 0x00, 0x00, 0x00, 0x00, 0xE1, 0xFF, 0xC0, 0x00, 0x1F, 0x0F, 0xC0,
  0x01, 0xC0, 0x00, 0x00, 0x00, 0x00, 0x00, 0x01, 0xE3, 0xFF, 0xE0, 0x00,
  0x3E, 0x07, 0xC0, 0x01, 0xE0, 0x00, 0x00, 0x00, 0x00, 0x00, 0x01, 0xE3,
  0xE1, 0xE0, 0x00, 0x3C, 0x03, 0xC0, 0x00, 0xF0, 0x00, 0x00, 0x00, 0x00,
  0x00, 0x03, 0xC3, 0xC1, 0xE3, 0xC0, 0x38, 0x03, 0xC0, 0x00, 0x70, 0x00,
  0x00, 0x00, 0x00, 0x00, 0x07, 0x83, 0xC1, 0xE7, 0xE0, 0x00, 0x00, 0x00,
  0x00, 0x70, 0x00, 0x00, 0x00, 0x00, 0x00, 0x0F, 0x03, 0xC0, 0xC7, 0xF0,
  0x00, 0x00, 0x00, 0x00, 0xF8, 0x00, 0x00, 0x00, 0x00, 0x00, 0x0F, 0x01,
  0xC0, 0x0E, 0x30, 0x00, 0x00, 0x00, 0x01, 0xF3, 0xFC, 0x00, 0x00, 0x00,
  0x00, 0x0F, 0x80, 0x00, 0x0C, 0x30, 0x00, 0x00, 0x00, 0x67, 0xE3, 0xFF,
  0x00, 0x00, 0x00, 0x00, 0x07, 0xF0, 0x00, 0x0C, 0x30, 0xC0, 0x00, 0x00,
  0x7F, 0x87, 0xFF, 0xC0, 0x00, 0x00, 0x00, 0x03, 0xF0, 0x00, 0x00, 0x00,
  0xC0, 0x00, 0x00, 0x7F, 0x07, 0x87, 0xF0, 0x00, 0x00, 0x00, 0x01, 0xF0,
  0x00, 0x38, 0xE3, 0xC0, 0x00, 0x00, 0x3E, 0x0F, 0x03, 0xFC, 0x00, 0x00,
  0x00, 0x00, 0xF0, 0x00, 0x3F, 0xFF, 0xC0, 0x00, 0x00, 0x38, 0x1E, 0xF8,
  0x7E, 0x00, 0x00, 0x00, 0x01, 0xF0, 0x00, 0x3F, 0xFF, 0x80, 0x00, 0x00,
  0x38, 0x1C, 0xFC, 0x1F, 0x00, 0x00, 0x00, 0x07, 0xF8, 0x00, 0x1F, 0xE7,
  0x80, 0x00, 0x01, 0xF8, 0x3D, 0xF8, 0x07, 0xC0, 0x00, 0x00, 0x07, 0xF8,
  0x00, 0x07, 0x83, 0x80, 0x00, 0x0F, 0xF0, 0x79, 0xF0, 0x03, 0xC0, 0x00,
  0x00, 0x0F, 0x7C, 0x00, 0x07, 0x87, 0x80, 0x00, 0x3F, 0xE0, 0xF3, 0x38,
  0x01, 0xF0, 0x00, 0x00, 0x3E, 0x1F, 0x00, 0x07, 0x87, 0x00, 0x00, 0xFF,
  0x81, 0xF7, 0x38, 0x00, 0xF8, 0x00, 0x00, 0x7C, 0x1F, 0x80, 0x03, 0xCE,
  0x00, 0x07, 0xFC, 0x03, 0xEE, 0x18, 0x00, 0x78, 0x00, 0x00, 0xF8, 0x0F,
  0xE0, 0x03, 0xFE, 0x00, 0x3F, 0xF8, 0x0F, 0xDC, 0x1C, 0x00, 0x3E, 0x00,
  0x00, 0xF0, 0x03, 0xFC, 0x00, 0xF8, 0x00, 0x3F, 0xF8, 0x3F, 0x38, 0x0C,
  0x00, 0xFE, 0x00, 0x00, 0xE0, 0x01, 0xFF, 0xC0, 0x00, 0x00, 0x00, 0x7F,
  0xFF, 0xF0, 0x0E, 0x03, 0xFE, 0x00, 0x00, 0xC0, 0x00, 0x3F, 0xF8, 0x00,
  0x00, 0x00, 0x3F, 0xF8, 0xE0, 0x06, 0x07, 0xFE, 0x00, 0x00, 0xFF, 0x80,
  0x1F, 0xFE, 0x00, 0x00, 0x00, 0x3F, 0xEE, 0x80, 0x06, 0x0F, 0xFE, 0x00,
  0x00, 0xFF, 0xC0, 0x7F, 0xFE, 0x00, 0x00, 0x80, 0x1E, 0x0E, 0x00, 0x00,
  0x1F, 0x00, 0x00, 0x00, 0xFF, 0xF1, 0xFF, 0xFF, 0x80, 0x07, 0xC0, 0x0F,
  0xE0, 0x00, 0x00, 0x1E, 0x00, 0x00, 0x00, 0xF0, 0xF9, 0xF0, 0x7F, 0xC0,
  0x0F, 0xC0, 0x0F, 0xE0, 0x00, 0x00, 0x3C, 0x00, 0x00, 0x00, 0x00, 0x3B,
  0xC0, 0x0F, 0xE0, 0x0F, 0x00, 0x07, 0xBC, 0x00, 0x00, 0x78, 0x00, 0x00,
  0x00, 0x00, 0x3F, 0xC0, 0x0F, 0x40, 0x1F, 0x00, 0x07, 0xFF, 0x80, 0xFF,
  0xF8, 0x00, 0x00, 0x00, 0x00, 0x1F, 0x00, 0x07, 0x80, 0x3C, 0x00, 0x01,
  0xFF, 0xC3, 0xFF, 0xF0, 0x38, 0x00, 0x00, 0x00, 0x0F, 0x00, 0x1F, 0x80,
  0x3C, 0x00, 0x01, 0xFF, 0xEF, 0xFF, 0xF0, 0x78, 0x00, 0x00, 0x00, 0x07,
  0x00, 0x1F, 0x80, 0x3A, 0x00, 0x00, 0xE4, 0xEF, 0x03, 0xF0, 0xFC, 0x00,
  0x00, 0x00, 0x07, 0x00, 0x0F, 0x80, 0x3F, 0x00, 0x00, 0xFE, 0x7F, 0x00,
  0x71, 0xFE, 0x00, 0x00, 0x00, 0x07, 0x00, 0x07, 0x80, 0x3E, 0x80, 0x00,
  0x7F, 0x7C, 0x00, 0x03, 0xDE, 0x00, 0x00, 0x00, 0x07, 0x80, 0x07, 0x00,
  0x1D, 0xC0, 0x00, 0x3F, 0x38, 0x00, 0x03, 0x8E, 0x00, 0x00, 0x00, 0x07,
  0xC0, 0x0F, 0x00, 0x1F, 0x80, 0x70, 0x1F, 0x18, 0x00, 0x1F, 0x8F, 0x00,
  0x00, 0x00, 0x03, 0xE0, 0x1E, 0x00, 0x0F, 0x80, 0x70, 0x0F, 0x60, 0x00,
  0x1F, 0x0F, 0x00, 0x00, 0x00, 0x03, 0xF8, 0x7F, 0x80, 0x0F, 0xF3, 0xF0,
  0x0F, 0xF8, 0x00, 0x3E, 0x0F, 0x80, 0x00, 0x00, 0x00, 0xFF, 0xFF, 0xF0,
  0x07, 0xFF, 0xE0, 0x07, 0xD8, 0x00, 0x3C, 0x03, 0x80, 0x00, 0x00, 0x00,
  0x3F, 0xF9, 0xF0, 0x01, 0xFF, 0x80, 0x03, 0xFF, 0x80, 0x38, 0x03, 0x80,
  0x00, 0x00, 0x00, 0x0F, 0xF8, 0x00, 0x00, 0x7F, 0x00, 0x01, 0xFF, 0xC0,
  0x38, 0x43, 0x80, 0x00, 0x00, 0x00, 0x01, 0xF8, 0x00, 0x00, 0x00, 0x00,
  0x00, 0xFF, 0xC0, 0x3D, 0xE7, 0x80, 0x00, 0x00, 0x00, 0x03, 0xF8, 0x00,
  0x00, 0x00, 0x7C, 0x00, 0x79, 0xE0, 0x3F, 0xF7, 0x80, 0x00, 0x00, 0x00,
  0x07, 0xB8, 0x00, 0x00, 0x00, 0xFE, 0x00, 0x3C, 0xE0, 0x3F, 0xFF, 0x00,
  0x00, 0x00, 0x00, 0x0F, 0xB8, 0x00, 0x00, 0x03, 0xFC, 0x00, 0x1E, 0xE0,
  0x1F, 0x7F, 0x00, 0x00, 0x00, 0x00, 0x1E, 0x3C, 0x00, 0x00, 0x07, 0xC0,
  0x00, 0x0F, 0xF9, 0xEF, 0x7E, 0x00, 0x00, 0x00, 0x00, 0x1E, 0x1C, 0x00,
  0x00, 0x0F, 0x80, 0x00, 0x0F, 0xFF, 0xFE, 0x70, 0x00, 0x00, 0x00, 0x00,
  0x3C, 0x1F, 0xC0, 0x00, 0x3E, 0x00, 0x00, 0x07, 0xE7, 0x7C, 0x70, 0x00,
  0x00, 0x00, 0x00, 0x78, 0x1F, 0xC0, 0x00, 0x3C, 0x00, 0x00, 0x01, 0xFF,
  0xF8, 0x70, 0x00, 0x00, 0x00, 0x00, 0x78, 0x1E, 0xFC, 0x00, 0x3C, 0x00,
  0x00, 0x01, 0xFF, 0xF0, 0xF0, 0x00, 0x00, 0x00, 0x00, 0x70, 0x07, 0x3C,
  0x00, 0x38, 0x00, 0x00, 0x00, 0x7F, 0xC0, 0xE0, 0x00, 0x00, 0x00, 0x00,
  0x70, 0x07, 0x80, 0x00, 0xF0, 0x00, 0x00, 0x00, 0x0F, 0x00, 0xE0, 0x00,
  0x00, 0x00, 0x00, 0x70, 0x03, 0xC0, 0x00, 0xF0, 0x00, 0x00, 0x00, 0x00,
  0x01, 0xE0, 0x00, 0x00, 0x00, 0x00, 0x70, 0x01, 0xC0, 0x00, 0xE0, 0x00,
  0x00, 0x60, 0x00, 0x01, 0xE0, 0x00, 0x00, 0x00, 0x00, 0x78, 0x01, 0xE0,
  0x00, 0xE0, 0x00, 0x00, 0x60, 0x00, 0x03, 0xC0, 0x00, 0x00, 0x00, 0x00,
  0x3C, 0x00, 0xF0, 0x00, 0xE0, 0x00, 0x00, 0xE0, 0x00, 0x07, 0x80, 0x00,
  0x00, 0x00, 0x00, 0x3C, 0x00, 0xFC, 0x00, 0xE0, 0x00, 0x00, 0xE0, 0x00,
  0x07, 0x80, 0x00, 0x00, 0x00, 0x00, 0x1F, 0x00, 0x3E, 0x00, 0xE0, 0x00,
  0x00, 0xE0, 0x00, 0x0F, 0x00, 0x00, 0x00, 0x00, 0x00, 0x3F, 0xE0, 0x3F,
  0x80, 0x78, 0x00, 0x01, 0xF8, 0x00, 0x3E, 0x00, 0x00, 0x00, 0x00, 0x00,
  0x7F, 0xF0, 0x07, 0xF0, 0x7C, 0x00, 0x01, 0xFF, 0x00, 0xFC, 0x00, 0x00,
  0x00, 0x00, 0x00, 0xFE, 0x70, 0x0F, 0xFF, 0xFE, 0x00, 0x03, 0xCF, 0x01,
  0xF8, 0x00, 0x00, 0x00, 0x00, 0x00, 0xFD, 0xC0, 0x3F, 0xFF, 0xFF, 0x80,
  0x07, 0xDF, 0x8F, 0xF0, 0x00, 0x00, 0x00, 0x00, 0x00, 0x7B, 0xC1, 0xFE,
  0x03, 0xEF, 0x80, 0x0F, 0xF9, 0xFF, 0xC0, 0x00, 0x00, 0x00, 0x00, 0x00,
  0x3F, 0x83, 0xFC, 0x03, 0xDC, 0x00, 0x1F, 0xFF, 0xFF, 0x00, 0x00, 0x00,
  0x00, 0x00, 0x00, 0x3F, 0xFF, 0xE0, 0x03, 0xFC, 0xC0, 0x7F, 0xFF, 0xF0,
  0x00, 0x00, 0x00, 0x00, 0x00, 0x00, 0x0F, 0xFF, 0xC0, 0x03, 0xF3, 0xC0,
  0xFF, 0xFF, 0xE0, 0x00, 0x00, 0x00, 0x00, 0x00, 0x00, 0x03, 0xF8, 0x00,
  0x03, 0xFF, 0xFF, 0xF8, 0x00, 0x00, 0x00, 0x00, 0x00, 0x00, 0x00, 0x00,
  0x03, 0xF8, 0x00, 0x01, 0xFF, 0xFF, 0xE0, 0x00, 0x00, 0x00, 0x00, 0x00,
  0x00, 0x00, 0x00, 0x00, 0x00, 0x00, 0x00, 0xFF, 0xFF, 0xC0, 0x00, 0x00,
  0x00, 0x00, 0x00, 0x00, 0x00, 0x00, 0x00, 0x00, 0x00, 0x00, 0x1F, 0xFC,
  0x00, 0x00, 0x00, 0x00, 0x00, 0x00, 0x00, 0x00, 0x00, 0x00, 0x00, 0x00,
  0x00, 0x00, 0x00, 0x00, 0x00, 0x00, 0x00, 0x00, 0x00, 0x00, 0x00, 0x00,
  0x00, 0x00, 0x00, 0x00, 0x00, 0x00, 0x00, 0x00, 0x00, 0x00, 0x00, 0x00,
};

const uint8_t FOX_IDLE_WINK_BITMAP[] BITMAP_PROGMEM = {
  0x00, 0x00, 0x00, 0x00, 0x00, 0x00, 0x00, 0x00, 0x00, 0x00, 0x00, 0x00,
  0x00, 0x00, 0x00, 0x00, 0x00, 0x00, 0x00, 0x00, 0x00, 0x00, 0x00, 0x00,
  0x00, 0x00, 0x00, 0x00, 0x00, 0x00, 0x00, 0x00, 0x00, 0x00, 0x7F, 0x00,
  0x00, 0x00, 0x00, 0x00, 0x00, 0x00, 0x00, 0x00, 0x00, 0x00, 0x00, 0x00,
  0x00, 0x7F, 0xC0, 0x00, 0x00, 0x00, 0x00, 0x00, 0x00, 0x00, 0x00, 0x00,
  0x00, 0x00, 0x00, 0x00, 0xFF, 0xE0, 0x00, 0x00, 0x00, 0x00, 0x00, 0x00,
  0x00, 0x00, 0x00, 0x00, 0x00, 0x00, 0x00, 0xE3, 0xF8, 0x00, 0x00, 0x00,
  0x00, 0x00, 0x00, 0x00, 0x00, 0x00, 0x00, 0x00, 0x00, 0x00, 0xE1, 0xFC,
  0x00, 0x00, 0x00, 0x00, 0x00, 0x00, 0x00, 0x00, 0x00, 0x00, 0x00, 0x00,
  0x00, 0xFC, 0x7F, 0x00, 0x00, 0x00, 0x00, 0x00, 0x00, 0x7F, 0x80, 0x00,
  0x00, 0x00, 0x00, 0x00, 0xFE, 0x1F, 0x80, 0x00, 0x00, 0x00, 0x00, 0x03,
  0xFF, 0xE0, 0x00, 0x00, 0x00, 0x00, 0x03, 0xCF, 0x87, 0xC0, 0x00, 0x00,
  0x00, 0x00, 0x03, 0xFF, 0xE0, 0x00, 0x00, 0x00, 0x00, 0x03, 0xDF, 0xC3,
  0xF0, 0x00, 0x00, 0x00, 0x00, 0x1F, 0xE1, 0xE0, 0x00, 0x00, 0x00, 0x00,
  0x03, 0xDF, 0xC1, 0xF8, 0x00, 0x00, 0x00, 0x00, 0x7F, 0x01, 0xE0, 0x00,
  0x00, 0x00, 0x00, 0x03, 0xD9, 0xE0, 0xFC, 0x00, 0x00, 0x00, 0x00, 0xFF,
  0x0F, 0xE0, 0x00, 0x00, 0x00, 0x00, 0x03, 0xDC, 0xF0, 0x7E, 0x00, 0x00,
  0x00, 0x03, 0xF8, 0x3E, 0xF0, 0x00, 0x00, 0x00, 0x00, 0x03, 0xBC, 0x78,
  0x1E, 0x00, 0x00, 0x00, 0x0F, 0xE0, 0x7C, 0xF0, 0x00, 0x00, 0x00, 0x00,
  0x03, 0xBC, 0x3C, 0x0F, 0x00, 0x00, 0x00, 0x0F, 0x81, 0xFC, 0xF0, 0x00,
  0x00, 0x00, 0x00, 0x03, 0xBC, 0x3C, 0x0F, 0x80, 0x00, 0x00, 0x1F, 0x07,
  0xEE, 0x70, 0x00, 0x00, 0x00, 0x00, 0x03, 0xB8, 0x1E, 0x03, 0x80, 0x00,
  0x00, 0x3E, 0x07, 0xC6, 0x70, 0x00, 0x00, 0x00, 0x00, 0x03, 0xB0, 0x0E,
  0x03, 0xC0, 0x00, 0x00, 0xFC, 0x0F, 0x06, 0x70, 0x00, 0x00, 0x00, 0x00,
  0x03, 0xB0, 0x0F, 0x01, 0xE0, 0x00, 0x01, 0xF8, 0x1E, 0x06, 0x70, 0x00,
  0x00, 0x00, 0x00, 0x03, 0x80, 0x07, 0x80, 0xE0, 0x00, 0x01, 0xE0, 0x3C,
  0x06, 0x70, 0x00, 0x00, 0x00, 0x00, 0x03, 0xB0, 0x7F, 0x80, 0xF0, 0x00,
  0x07, 0xC0, 0x7C, 0x06, 0x70, 0x00, 0x00, 0x00, 0x00, 0x03, 0xB0, 0xFF,
  0x80, 0x7F, 0xFF, 0xCF, 0x80, 0xF8, 0x06, 0x70, 0x00, 0x00, 0x00, 0x00,
  0x03, 0xB1, 0xFF, 0xC0, 0x7F, 0xFF, 0xEF, 0x00, 0xE0, 0x06, 0x70, 0x00,
  0x00, 0x00, 0x00, 0x03, 0xB1, 0xE7, 0xC0, 0x7F, 0xFF, 0xFE, 0x01, 0xE0,
  0x06, 0x70, 0x00, 0x00, 0x00, 0x00, 0x03, 0xB1, 0xE3, 0xC0, 0x7F, 0xFF,
  0xFE, 0x03, 0xDC, 0x06, 0x70, 0x00, 0x00, 0x00, 0x00, 0x03, 0xB9, 0xE1,
  0xC0, 0x60, 0x00, 0x7C, 0x07, 0xFE, 0x06, 0x70, 0x00, 0x00, 0x00, 0x00,
  0x03, 0xBC, 0xF1, 0xC0, 0x00, 0x00, 0x0C, 0x07, 0xFF, 0x06, 0x70, 0x00,
  0x00, 0x00, 0x00, 0x03, 0xDD, 0xF1, 0xC0, 0x00, 0x00, 0x00, 0x0F, 0x87,
  0x86, 0x70, 0x00, 0x00, 0x00, 0x00, 0x03, 0xDF, 0xF1, 0xC0, 0x00, 0x00,
  0x00, 0x0F, 0x07, 0x8E, 0x70, 0x00, 0x00, 0x00, 0x00, 0x03, 0xDF, 0x80,
  0x00, 0x00, 0x00, 0x00, 0x0E, 0x0F, 0x8E, 0x70, 0x00, 0x00, 0x00, 0x00,
  0x03, 0xDB, 0xE0, 0x00, 0x00, 0x00, 0x00, 0x0C, 0x0F, 0x0C, 0xF0, 0x00,
  0x00, 0x00, 0x00, 0x00, 0xDD, 0xF0, 0x00, 0x00, 0x00, 0x00, 0x0C, 0x1F,
  0x8C, 0xF0, 0x00, 0x00, 0x00, 0x00, 0x01, 0xDE, 0xF0, 0x00, 0x00, 0x00,
  0x00, 0x00, 0x1F, 0x8C, 0xE0, 0x00, 0x00, 0x00, 0x00, 0x01, 0xE7, 0xE0,
  0x00, 0x00, 0x00, 0x00, 0x00, 0x1F, 0xCC, 0xE0, 0x00, 0x00, 0x00, 0x00,
  0x01, 0xE7, 0xC0, 0x00, 0x00, 0x00, 0x00, 0x00, 0x03, 0xDC, 0xE0, 0x00,
  0x00, 0x00, 0x00, 0x00, 0xE3, 0x80, 0x00, 0x00, 0x00, 0x00, 0x00, 0x07,
  0x98, 0xE0, 0x00, 0x00, 0x00, 0x00, 0x00, 0x63, 0x00, 0x00, 0x00, 0x00,
  0x00, 0x00, 0x1F, 0xBB, 0xE0, 0x00, 0x00, 0x00, 0x00, 0x00, 0x77, 0x00,
  0x00, 0x00, 0x00, 0x00, 0x00, 0x1F, 0xF3, 0xC0, 0x00, 0x00, 0x00, 0x00,
  0x00, 0x7F, 0x00, 0x00, 0x00, 0x00, 0x00, 0x00, 0x0F, 0x63, 0x80, 0x00,
  0x00, 0x00, 0x00, 0x00, 0x7E, 0x00, 0x00, 0x00, 0x00, 0x00, 0x00, 0x07,
  0xC3, 0x80, 0x00, 0x00, 0x00, 0x00, 0x00, 0x1E, 0x00, 0x00, 0x00, 0x00,
  0x00, 0x00, 0x07, 0xC7, 0x80, 0x00, 0x00, 0x00, 0x00, 0x00, 0x3C, 0x00,
  0x00, 0x00, 0x00, 0x00, 0x00, 0x03, 0x8F, 0x00, 0x00, 0x00, 0x00, 0x00,
  0x00, 0x1C, 0x03, 0xE0, 0x00, 0x00, 0x00, 0x00, 0x01, 0x0F, 0x00, 0x00,
  0x00, 0x00, 0x00, 0x00, 0x38, 0x03, 0xE0, 0x00, 0x00, 0x00, 0x00, 0x00,
  0x1F, 0x00, 0x00, 0x00, 0x00, 0x00, 0x00, 0x78, 0x00, 0x00, 0x00, 0x00,
  0x00, 0x00, 0x00, 0x1C, 0x00, 0x00, 0x00, 0x00, 0x00, 0x00, 0x70, 0x00,
  0x00, 0x00, 0x00, 0x07, 0x80, 0x00, 0x3C, 0x00, 0x00, 0x00, 0x00, 0x00,
  0x00, 0x70, 0x00, 0x00, 0x00, 0x00, 0x0F, 0x80, 0x00, 0x38, 0x00, 0x00,
  0x00, 0x00, 0x00, 0x00, 0x78, 0x00, 0x00, 0x00, 0x00, 0x0F, 0x80, 0x00,
  0xF8, 0x00, 0x00, 0x00, 0x00, 0x00, 0x00, 0x78, 0x00, 0x00, 0x00, 0x00,
  0x00, 0x00, 0x00, 0xF0, 0x00, 0x00, 0x00, 0x00, 0x00, 0x00, 0xE0, 0x0F,
  0xE0, 0x00, 0x00, 0x00, 0x00, 0x00, 0xF0, 0x00, 0x00, 0x00, 0x00, 0x00,
  0x00, 0xE0, 0x3F, 0xF0, 0x00, 0x00, 0x00, 0x00, 0x00, 0xE0, 0x00, 0x00,
  0x00, 0x00, 0x00, 0x00, 0xE0, 0x3F, 0xF8, 0x00, 0x00, 0x00, 0x00, 0x00,
  0xE0, 0x00, 0x00, 0x00, 0x00, 0x00, 0x00, 0xE0, 0x7F, 0x38, 0x00, 0x00,
  0x00, 0x00, 0x00, 0xE0, 0x00, 0x00, 0x00, 0x00, 0x00, 0x00, 0xE0, 0xFE,
  0x1C, 0x00, 0x00, 0x00, 0x00, 0x00, 0xE0, 0x00, 0x00, 0x00, 0x00, 0x00,
  0x03, 0xE1, 0xFE, 0x1C, 0x00, 0x00, 0x00, 0x00, 0x00, 0xE0, 0x00, 0x00,
  0x00, 0x00, 0x00, 0x03, 0xE1, 0xFE, 0x1C, 0x00, 0x00, 0x00, 0x00, 0x00,
  0xE0, 0x00, 0x00, 0x00, 0x00, 0x00, 0x0F, 0xC3, 0xFF, 0x3C, 0x00, 0x00,
  0x00, 0x00, 0x00, 0xE0, 0x00, 0x00, 0x00, 0x00, 0x00, 0x7F, 0xC3, 0xFF,
  0xFC, 0x00, 0x00, 0x3F, 0xC0, 0x00, 0xF0, 0x00, 0x00, 0x00, 0x00, 0x00,
  0x7F, 0x03, 0xBF, 0xFC, 0x00, 0x00, 0xFF, 0xE0, 0x00, 0xFC, 0x00, 0x00,
  0x00, 0x00, 0x00, 0x78, 0x03, 0xBF, 0xFC, 0x00, 0x01, 0xFF, 0xF0, 0x00,
  0xFE, 0x00, 0x00, 0x00, 0x00, 0x00, 0x3C, 0x03, 0xBF, 0xFC, 0x00, 0x03,
  0xE0, 0xF8, 0x00, 0x6E, 0x00, 0x00, 0x00, 0x00, 0x00, 0x1F, 0x03, 0xBE,
  0xFC, 0x3C, 0x03, 0xE0, 0xFC, 0x00, 0x1E, 0x00, 0x00, 0x00, 0x00, 0x00,
  0x0F, 0xC1, 0x9F, 0xF8, 0x7E, 0x03, 0x80, 0x7C, 0x00, 0x1E, 0x00, 0x00,
  0x00, 0x00, 0x00, 0x07, 0xC0, 0x0F, 0xF0, 0x7E, 0x00, 0x00, 0x1C, 0x00,
  0x0F, 0x80, 0x00, 0x00, 0x00, 0x00, 0x0F, 0xC0, 0x0F, 0xE0, 0x7E, 0x00,
  0x00, 0x1C, 0x00, 0x07, 0xC0, 0x00, 0x00, 0x00, 0x00, 0x1F, 0x00, 0x07,
  0xC3, 0x38, 0x00, 0x00, 0x00, 0x00, 0x1F, 0x80, 0x00, 0x00, 0x00, 0x00,
  0x1E, 0x00, 0x00, 0x03, 0x1C, 0x70, 0x00, 0x00, 0x00, 0x7E, 0x00, 0x00,
  0x00, 0x00, 0x00, 0x07, 0x00, 0x00, 0x03, 0xFF, 0xF0, 0x00, 0x00, 0x01,
  0xFC, 0x00, 0x00, 0x00, 0x00, 0x00, 0x07, 0xF0, 0x00, 0x01, 0xFF, 0xE0,
  0x00, 0x00, 0x01, 0xF8, 0x00, 0x00, 0x00, 0x00, 0x00, 0x03, 0xF0, 0x00,
  0x00, 0xFF, 0xC0, 0x00, 0x00, 0x00, 0xF0, 0x00, 0x00, 0x00, 0x00, 0x00,
  0x01, 0xFC, 0x00, 0x00, 0xF3, 0xC0, 0x00, 0x00, 0x00, 0xF8, 0x00, 0x00,
  0x00, 0x00, 0x3C, 0x00, 0xFE, 0x00, 0x00, 0xE1, 0xC0, 0x00, 0x00, 0x00,
  0x3C, 0x00, 0x00, 0x00, 0x00, 0x7C, 0x00, 0x3F, 0x00, 0x00, 0xE3, 0xC0,
  0x00, 0x00, 0x01, 0xF8, 0x00, 0x00, 0x00, 0x01, 0xFE, 0x00, 0x3F, 0xE0,
  0x00, 0xF3, 0x80, 0x00, 0x00, 0x0F, 0xF0, 0x00, 0x00, 0x00, 0x03, 0xFE,
  0x00, 0x07, 0xF8, 0x00, 0x77, 0x00, 0x00, 0x00, 0x7F, 0xE0, 0x00, 0x00,
  0x00, 0x03, 0xEF, 0x80, 0x01, 0xFE, 0x00, 0x3F, 0x00, 0x00, 0x01, 0xFF,
  0x80, 0x00, 0x00, 0x00, 0x07, 0xCF, 0x80, 0x00, 0xFF, 0x00, 0x1E, 0x00,
  0x00, 0x03, 0xFF, 0x00, 0x00, 0x00, 0x00, 0x07, 0x8F, 0xFF, 0x00, 0x3F,
  0xC0, 0x00, 0x00, 0x00, 0xFF, 0xFB, 0x00, 0x00, 0x00, 0x00, 0x07, 0x03,
  0xFF, 0xFC, 0x07, 0xE0, 0x00, 0x00, 0x3F, 0xFF, 0xC0, 0x00, 0x00, 0x00,
  0x00, 0x0F, 0x00, 0xFF, 0xFE, 0x07, 0x80, 0x00, 0x00, 0x3F, 0xFE, 0x00,
  0x00, 0x00, 0x00, 0x00, 0x1F, 0x00, 0x0F, 0xFF, 0xC7, 0x00, 0x00, 0x00,
  0x1C, 0x1E, 0x00, 0x00, 0x00, 0x00, 0x00, 0x1E, 0x00, 0x04, 0x7F, 0xFF,
  0x00, 0x00, 0x00, 0x1C, 0x0F, 0x00, 0x00, 0x00, 0x00, 0x00, 0x1E, 0x00,
  0x00, 0x71, 0xFE, 0x00, 0x00, 0x00, 0x0C, 0x07, 0x00, 0x00, 0x00, 0x00,
  0x00, 0x1E, 0x00, 0x00, 0x38, 0x7E, 0x80, 0x00, 0x00, 0x6C, 0x07, 0x80,
  0x00, 0x00, 0x00, 0x00, 0x3E, 0x00, 0x00, 0xF8, 0x7F, 0x80, 0x00, 0x00,
  0x7C, 0x07, 0x80, 0x00, 0x00, 0x00, 0x00, 0x3E, 0x00, 0x00, 0xF0, 0x0F,
  0x80, 0x00, 0x00, 0x7C, 0x03, 0xC0, 0x00, 0x00, 0x00, 0x00, 0x38, 0x00,
  0x01, 0xC0, 0x07, 0x80, 0x00, 0x00, 0xF0, 0x01, 0xCF, 0x00, 0x00, 0x00,
  0x00, 0x38, 0x00, 0x00, 0xC0, 0x07, 0xB8, 0x00, 0x00, 0xE0, 0x01, 0xFF,
  0x80, 0x00, 0x00, 0x00, 0x38, 0x00, 0x00, 0xE0, 0x07, 0xF8, 0x00, 0x01,
  0xC0, 0x00, 0xFF, 0xC0, 0x00, 0x00, 0x00, 0x38, 0x00, 0x3C, 0x60, 0x03,
  0xF8, 0x00, 0x33, 0xC0, 0x00, 0x7B, 0xE0, 0x00, 0x00, 0x00, 0x38, 0x00,
  0x7E, 0xE0, 0x01, 0xF8, 0x00, 0x37, 0x80, 0x00, 0x79, 0xE0, 0x00, 0x00,
  0x00, 0x38, 0x00, 0xFF, 0xE0, 0x01, 0xDF, 0x00, 0x7C, 0x00, 0x00, 0x38,
  0xE0, 0x00, 0x00, 0x00, 0x38, 0x00, 0xFF, 0xE0, 0x01, 0xCF, 0x00, 0x7C,
  0x00, 0x00, 0x38, 0xE0, 0x00, 0x00, 0x00, 0x38, 0x00, 0xE0, 0x00, 0x01,
  0xC7, 0x80, 0xF0, 0x00, 0x00, 0x3C, 0xF8, 0x00, 0x00, 0x00, 0x38, 0x00,
  0x60, 0x00, 0x01, 0xC3, 0xC0, 0xC0, 0x00, 0x00, 0x0C, 0x78, 0x00, 0x00,
  0x00, 0x3E, 0x00, 0x70, 0x00, 0x01, 0xC1, 0xE0, 0xC0, 0x01, 0xC0, 0x0C,
  0x38, 0x00, 0x00, 0x00, 0x1E, 0x00, 0x70, 0x00, 0x01, 0xC0, 0xF8, 0x80,
  0x07, 0x80, 0x0E, 0x38, 0x00, 0x00, 0x00, 0x1E, 0x00, 0x30, 0x00, 0x01,
  0xC0, 0x7F, 0x00, 0x07, 0x80, 0x0E, 0x38, 0x00, 0x00, 0x00, 0x1E, 0x1F,
  0xF8, 0x00, 0x01, 0xE0, 0x3F, 0x00, 0x07, 0x00, 0x07, 0x38, 0x00, 0x00,
  0x00, 0x1F, 0x1F, 0xF8, 0x00, 0x03, 0xE0, 0x1F, 0x00, 0x0E, 0x00, 0x07,
  0x38, 0x00, 0x00, 0x00, 0x07, 0x1C, 0x00, 0x00, 0x03, 0xE0, 0x07, 0x00,
  0x0E, 0x00, 0x07, 0x78, 0x00, 0x00, 0x00, 0x07, 0x9C, 0x00, 0x00, 0x07,
  0x60, 0x07, 0x00, 0x0C, 0x00, 0x07, 0xE0, 0x00, 0x00, 0x00, 0x07, 0x8C,
  0x00, 0x00, 0x07, 0x60, 0x07, 0x00, 0x0C, 0x00, 0x07, 0xE0, 0x00, 0x00,
  0x00, 0x03, 0xCE, 0x00, 0x00, 0x06, 0x70, 0x07, 0x00, 0x1C, 0x00, 0x07,
  0xE0, 0x00, 0x00, 0x00, 0x03, 0xFE, 0x00, 0x00, 0x06, 0x70, 0x07, 0x00,
  0x1C, 0x00, 0x07, 0xE0, 0x00, 0x00, 0x00, 0x01, 0xFE, 0x00, 0x00, 0x06,
  0x70, 0x07, 0x00, 0x1C, 0x00, 0x07, 0xE0, 0x00, 0x00, 0x00, 0x00, 0xFE,
  0x00, 0x00, 0x07, 0x70, 0x07, 0x00, 0x1E, 0x00, 0x07, 0xC0, 0x00, 0x00,
  0x00, 0x00, 0x7C, 0x00, 0x00, 0x07, 0x70, 0x0F, 0x00, 0x3E, 0x00, 0x0F,
  0x80, 0x00, 0x00, 0x00, 0x00, 0x3F, 0x00, 0x00, 0x03, 0xF0, 0x0F, 0x00,
  0x7F, 0x80, 0x0F, 0x80, 0x00, 0x00, 0x00, 0x00, 0x1F, 0x00, 0x00, 0x03,
  0xF0, 0x0E, 0x00, 0x7F, 0xC0, 0x0E, 0x00, 0x00, 0x00, 0x00, 0x00, 0x0F,
  0xE0, 0x00, 0x07, 0xC0, 0x0E, 0x00, 0x78, 0x00, 0x1C, 0x00, 0x00, 0x00,
  0x00, 0x00, 0x07, 0xFF, 0x00, 0x3F, 0xC0, 0x1E, 0x00, 0xF0, 0x00, 0x7C,
  0x00, 0x00, 0x00, 0x00, 0x00, 0x01, 0xFF, 0x00, 0x3F, 0xFA, 0x3D, 0x31,
  0xF4, 0x80, 0x78, 0x00, 0x00, 0x00, 0x00, 0x00, 0x00, 0x3F, 0xFF, 0xFF,
  0xFB, 0x7F, 0x31, 0xFD, 0xC3, 0xF0, 0x00, 0x00, 0x00, 0x00, 0x00, 0x00,
  0x1F, 0xFF, 0xFF, 0xFF, 0xFF, 0xFF, 0xFF, 0xFF, 0xE0, 0x00, 0x00, 0x00,
  0x00, 0x00, 0x00, 0x00, 0xFF, 0xE0, 0x7F, 0xFF, 0xFF, 0xFF, 0xFF, 0xC0,
  0x00, 0x00, 0x00, 0x00, 0x00, 0x00, 0x00, 0x00, 0x00, 0x1F, 0xE7, 0xFE,
  0x1F, 0xFE, 0x00, 0x00, 0x00, 0x00, 0x00, 0x00, 0x00, 0x00, 0x00, 0x00,
  0x00, 0x00, 0x00, 0x00, 0x00, 0x00, 0x00, 0x00, 0x00, 0x00, 0x00, 0x00,
  0x00, 0x00, 0x00, 0x00, 0x00, 0x00, 0x00, 0x00, 0x00, 0x00, 0x00, 0x00,
};

const uint8_t FOX_IDLE_SPARKLE_BITMAP[] BITMAP_PROGMEM = {
  0x00, 0x00, 0x00, 0x00, 0x00, 0x00, 0x00, 0x00, 0x00, 0x00, 0x00, 0x00,
  0x00, 0x00, 0x00, 0x00, 0x00, 0x00, 0x00, 0x00, 0x00, 0x00, 0x00, 0x00,
  0x00, 0x00, 0x00, 0x00, 0x00, 0x00, 0x00, 0x00, 0x00, 0x00, 0x00, 0x00,
  0x00, 0x00, 0x00, 0x00, 0x00, 0x00, 0x00, 0x00, 0x00, 0x00, 0x00, 0x00,
  0x00, 0x00, 0x00, 0x00, 0x00, 0x00, 0x00, 0x00, 0x00, 0x00, 0x00, 0x00,
  0x00, 0x00, 0x00, 0x00, 0x00, 0x00, 0x00, 0x00, 0x00, 0x00, 0x00, 0x00,
  0x00, 0x00, 0x00, 0x00, 0x00, 0x00, 0x00, 0x00, 0x00, 0x00, 0x00, 0x00,
  0x00, 0x00, 0x00, 0x00, 0x00, 0x00, 0x00, 0x00, 0x00, 0x0F, 0xC0, 0x00,
  0x00, 0x00, 0x00, 0x00, 0x00, 0x00, 0x00, 0x00, 0x00, 0x00, 0x00, 0x00,
  0x1F, 0xF8, 0x00, 0x00, 0x00, 0x00, 0x00, 0x00, 0x00, 0x00, 0x00, 0x00,
  0x00, 0x00, 0x00, 0x1F, 0xFA, 0x00, 0x00, 0x00, 0x00, 0x00, 0x00, 0x00,
  0x00, 0x00, 0x00, 0x00, 0x00, 0x00, 0x1C, 0x7F, 0x00, 0x00, 0x00, 0x00,
  0x00, 0x00, 0x7E, 0x00, 0x00, 0x00, 0x00, 0x00, 0x00, 0x1C, 0x1F, 0xC0,
  0x00, 0x00, 0x00, 0x00, 0x03, 0xFF, 0x00, 0x00, 0x00, 0x00, 0x00, 0x00,
  0x1F, 0x87, 0xE0, 0x00, 0x00, 0x00, 0x00, 0x07, 0xFF, 0x80, 0x00, 0x00,
  0x00, 0x00, 0x00, 0x3B, 0xE3, 0xF0, 0x00, 0x00, 0x00, 0x00, 0x3F, 0xC7,
  0x80, 0x00, 0x00, 0x00, 0x00, 0x00, 0x7B, 0xF1, 0xF8, 0x00, 0x00, 0x00,
  0x00, 0xFE, 0x07, 0x80, 0x00, 0x00, 0x00, 0x00, 0x00, 0x7B, 0xF8, 0x7C,
  0x00, 0x00, 0x00, 0x01, 0xF8, 0x3F, 0x80, 0x00, 0x00, 0x00, 0x00, 0x00,
  0x7B, 0x3C, 0x3E, 0x00, 0x00, 0x00, 0x07, 0xE0, 0xBD, 0xC0, 0x00, 0x00,
  0x00, 0x00, 0x00, 0x7B, 0x3C, 0x1F, 0x00, 0x00, 0x00, 0x0F, 0xC0, 0xFB,
  0xC0, 0x00, 0x00, 0x00, 0x00, 0x00, 0x63, 0x1E, 0x0F, 0x80, 0x00, 0x00,
  0x1F, 0x07, 0xFB, 0xC0, 0x00, 0x00, 0x00, 0x00, 0x00, 0x67, 0x0E, 0x07,
  0xC0, 0x00, 0x00, 0x3F, 0x0F, 0xDD, 0xC0, 0x00, 0x00, 0x00, 0x00, 0x00,
  0x77, 0x07, 0x83, 0xC0, 0x00, 0x00, 0x7C, 0x0F, 0x0C, 0xC0, 0x00, 0x00,
  0x00, 0x00, 0x00, 0x76, 0x07, 0x81, 0xE0, 0x00, 0x00, 0xF8, 0x1F, 0x0D,
  0xC0, 0x00, 0x00, 0x00, 0x00, 0x00, 0x76, 0x03, 0x80, 0xE0, 0x00, 0x01,
  0xF0, 0x3C, 0x0C, 0xC0, 0x00, 0x00, 0x00, 0x00, 0x00, 0x70, 0x01, 0xC0,
  0xF0, 0x00, 0x03, 0xC0, 0x78, 0x0C, 0xC0, 0x00, 0x00, 0x00, 0x00, 0x00,
  0x74, 0x0F, 0xC0, 0xF8, 0x00, 0x07, 0x80, 0xF0, 0x0C, 0xC0, 0x00, 0x00,
  0x00, 0x00, 0x00, 0x76, 0x1F, 0xC0, 0x7E, 0x00, 0x0F, 0x00, 0xE0, 0x0C,
  0xC0, 0x00, 0x00, 0x00, 0x00, 0x00, 0x76, 0x3F, 0xE0, 0x3F, 0xFF, 0xFE,
  0x01, 0xC0, 0x0C, 0xC0, 0x00, 0x00, 0x00, 0x00, 0x00, 0x76, 0x7B, 0xF0,
  0x3F, 0xFF, 0xFE, 0x03, 0xC0, 0x0C, 0xC0, 0x00, 0x00, 0x00, 0x00, 0x00,
  0x76, 0x79, 0xF0, 0x3F, 0xFF, 0xFC, 0x07, 0xFC, 0x0C, 0xC0, 0x00, 0x00,
  0x00, 0x00, 0x00, 0x77, 0x38, 0x70, 0x38, 0x00, 0x7C, 0x0F, 0xFE, 0x0C,
  0xC0, 0x00, 0x00, 0x00, 0x00, 0x00, 0x77, 0x1C, 0x70, 0x00, 0x00, 0x0C,
  0x0F, 0xFE, 0x0C, 0xC0, 0x00, 0x00, 0x00, 0x00, 0x00, 0x7F, 0x7C, 0x70,
  0x00, 0x00, 0x00, 0x1E, 0x0F, 0x0D, 0xC0, 0x00, 0x00, 0x00, 0x00, 0x00,
  0x7B, 0xFC, 0x70, 0x00, 0x00, 0x00, 0x1E, 0x0F, 0x1C, 0xC0, 0x00, 0x00,
  0x00, 0x00, 0x00, 0x7B, 0xF0, 0x00, 0x00, 0x00, 0x00, 0x1C, 0x1F, 0x19,
  0xC0, 0x00, 0x00, 0x00, 0x00, 0x00, 0x3B, 0xF8, 0x00, 0x00, 0x00, 0x00,
  0x1C, 0x1E, 0x1B, 0xC0, 0x00, 0x00, 0x00, 0x00, 0x00, 0x3B, 0xFC, 0x00,
  0x00, 0x00, 0x00, 0x00, 0x3E, 0x1B, 0x80, 0x00, 0x00, 0x00, 0x06, 0x00,
  0x3F, 0xBC, 0x00, 0x00, 0x00, 0x00, 0x00, 0x1F, 0x1B, 0x80, 0x00, 0x00,
  0x00, 0x06, 0x00, 0x3D, 0xF8, 0x00, 0x00, 0x00, 0x00, 0x00, 0x03, 0x7B,
  0x80, 0x00, 0x00, 0x00, 0x06, 0x00, 0x3D, 0xF0, 0x00, 0x00, 0x00, 0x00,
  0x00, 0x0F, 0x73, 0x80, 0x00, 0x00, 0x00, 0x0F, 0x00, 0x0C, 0xE0, 0x00,
  0x00, 0x00, 0x00, 0x00, 0x3F, 0x67, 0x80, 0x00, 0x00, 0x00, 0x1F, 0x80,
  0x0E, 0xC0, 0x00, 0x00, 0x00, 0x00, 0x00, 0x1F, 0x67, 0x80, 0x00, 0x00,
  0x00, 0xFB, 0xF0, 0x0F, 0xC0, 0x00, 0x00, 0x00, 0x00, 0x00, 0x1E, 0xE6,
  0x00, 0x00, 0x00, 0x00, 0xF1, 0xF0, 0x0F, 0x80, 0x00, 0x00, 0x00, 0x00,
  0x00, 0x0F, 0x8E, 0x00, 0x00, 0x00, 0x00, 0xFB, 0xE0, 0x07, 0x80, 0x00,
  0x00, 0x00, 0x00, 0x00, 0x07, 0x8E, 0x00, 0x00, 0x00, 0x00, 0x1F, 0x80,
  0x07, 0x00, 0xF0, 0x00, 0x00, 0x00, 0x00, 0x07, 0x1E, 0x00, 0x00, 0x00,
  0x00, 0x0F, 0x00, 0x07, 0x00, 0xF8, 0x00, 0x00, 0x00, 0x00, 0x01, 0x1C,
  0x00, 0x00, 0x00, 0x00, 0x06, 0x00, 0x0F, 0x00, 0xF0, 0x00, 0x00, 0x03,
  0xC0, 0x00, 0x3C, 0x00, 0x00, 0x00, 0x00, 0x06, 0x00, 0x0E, 0x00, 0x00,
  0x00, 0x00, 0x07, 0xC0, 0x00, 0x38, 0x00, 0x00, 0x00, 0x00, 0x06, 0x00,
  0x0E, 0x00, 0x00, 0x00, 0x00, 0x02, 0x80, 0x00, 0x78, 0x00, 0x00, 0x00,
  0x00, 0x00, 0x00, 0x0E, 0x00, 0x00, 0x00, 0x00, 0x00, 0x00, 0x00, 0xF0,
  0x00, 0x60, 0x00, 0x00, 0x00, 0x00, 0x0E, 0x00, 0x00, 0x00, 0x00, 0x00,
  0x00, 0x01, 0xE0, 0x00, 0x60, 0x00, 0x00, 0x00, 0x00, 0x0C, 0x03, 0xF0,
  0x00, 0x00, 0x00, 0x00, 0x01, 0xE0, 0x00, 0x60, 0x00, 0x00, 0x00, 0x00,
  0x1C, 0x07, 0xF8, 0x00, 0x00, 0x00, 0x00, 0x01, 0xC0, 0x00, 0x60, 0x00,
  0x00, 0x00, 0x00, 0x1C, 0x0F, 0xFC, 0x00, 0x00, 0x0F, 0xC0, 0x01, 0xC0,
  0x00, 0xF0, 0x00, 0x00, 0x00, 0x00, 0x1C, 0x1F, 0xDE, 0x00, 0x00, 0x1F,
  0xF0, 0x01, 0xC0, 0x01, 0xFC, 0x00, 0x00, 0x00, 0x00, 0x1C, 0x3F, 0xCF,
  0x00, 0x00, 0x3F, 0xF8, 0x01, 0xC0, 0x0F, 0x9F, 0x00, 0x00, 0x00, 0x00,
  0x7C, 0x3F, 0x87, 0x00, 0x00, 0xF7, 0xFC, 0x01, 0xC0, 0x0F, 0x9F, 0x00,
  0x00, 0x00, 0x00, 0xFC, 0x3F, 0x87, 0x00, 0x00, 0xE3, 0xFC, 0x01, 0xC0,
  0x03, 0xFC, 0x00, 0x00, 0x00, 0x00, 0xF8, 0x7F, 0xCF, 0x00, 0x01, 0xE3,
  0xFC, 0x01, 0xC0, 0x01, 0xF8, 0x00, 0x00, 0x00, 0x03, 0xF0, 0x7F, 0xFF,
  0x00, 0x01, 0xC3, 0xFE, 0x01, 0xF0, 0x00, 0xF0, 0x00, 0x00, 0x00, 0x07,
  0xE0, 0x6F, 0xFF, 0x00, 0x01, 0xE7, 0xFE, 0x01, 0xF8, 0x00, 0x60, 0x00,
  0x00, 0x00, 0x07, 0x00, 0x7F, 0xFF, 0x00, 0x01, 0xFF, 0xF6, 0x01, 0xFC,
  0x00, 0x60, 0x00, 0x00, 0x00, 0x03, 0xC0, 0x7F, 0xFF, 0x00, 0x01, 0xFF,
  0xF6, 0x00, 0x1C, 0x00, 0x60, 0x00, 0x00, 0x00, 0x01, 0xC0, 0x77, 0xFE,
  0x3F, 0x01, 0xFF, 0xF6, 0x00, 0x3C, 0x00, 0x00, 0x00, 0x00, 0x00, 0x01,
  0xF8, 0x67, 0xFC, 0x3F, 0x01, 0xFF, 0xF6, 0x00, 0x3E, 0x00, 0x00, 0x00,
  0x00, 0x00, 0x01, 0xF8, 0x07, 0xF8, 0x3F, 0x01, 0xFB, 0xE6, 0x00, 0x1F,
  0x80, 0x00, 0x00, 0x00, 0x00, 0x03, 0xE0, 0x01, 0xF1, 0x9E, 0x00, 0xFF,
  0xE4, 0x00, 0x1F, 0x80, 0x00, 0x00, 0x00, 0x00, 0x03, 0xC0, 0x00, 0x01,
  0x8C, 0x30, 0x7F, 0xC0, 0x00, 0x7E, 0x00, 0x00, 0x00, 0x00, 0x00, 0x01,
  0xE0, 0x00, 0x01, 0xFF, 0x70, 0x3F, 0x80, 0x01, 0xF8, 0x00, 0x00, 0x00,
  0x00, 0x00, 0x00, 0xFC, 0x00, 0x00, 0xFF, 0xF0, 0x0E, 0x00, 0x03, 0xF8,
  0x00, 0x00, 0x00, 0x00, 0x00, 0x00, 0x7C, 0x00, 0x00, 0x7F, 0xE0, 0x00,
  0x00, 0x01, 0xE0, 0x00, 0x00, 0x00, 0x00, 0x30, 0x00, 0x3F, 0x00, 0x00,
  0x79, 0xC0, 0x00, 0x00, 0x00, 0xF8, 0x00, 0x00, 0x00, 0x00, 0x30, 0x00,
  0x1F, 0x80, 0x00, 0x70, 0xE0, 0x00, 0x00, 0x00, 0x7C, 0x00, 0x00, 0x00,
  0x00, 0x30, 0x00, 0x07, 0xE0, 0x00, 0x71, 0xC0, 0x00, 0x00, 0x01, 0xF8,
  0x00, 0x00, 0x00, 0x00, 0x78, 0x00, 0x03, 0xF0, 0x00, 0x39, 0xC0, 0x00,
  0x00, 0x0F, 0xF0, 0x00, 0x00, 0x00, 0x00, 0xFC, 0x00, 0x00, 0xFE, 0x00,
  0x3F, 0x80, 0x00, 0x00, 0x3F, 0xE0, 0x00, 0x00, 0x00, 0x01, 0xDF, 0x80,
  0x00, 0x7F, 0xC0, 0x1F, 0x80, 0x00, 0x01, 0xFF, 0x00, 0x00, 0x00, 0x00,
  0x01, 0x87, 0x80, 0x00, 0x1F, 0xE0, 0x0E, 0x00, 0x00, 0x01, 0xFE, 0x00,
  0x00, 0x00, 0x00, 0x01, 0xDF, 0x80, 0x00, 0x03, 0xE0, 0x00, 0x00, 0x00,
  0x1F, 0xF0, 0x00, 0x00, 0x00, 0x00, 0x00, 0xFC, 0x00, 0x00, 0x01, 0xE0,
  0x00, 0x00, 0x3F, 0xFF, 0xE0, 0x00, 0xE0, 0x00, 0x00, 0x00, 0x78, 0x00,
  0x00, 0x03, 0xC0, 0x00, 0x00, 0x3F, 0xFF, 0x00, 0x01, 0xF0, 0x00, 0x00,
  0x00, 0x30, 0x00, 0x00, 0x07, 0x80, 0x00, 0x00, 0x1F, 0xFC, 0x00, 0x03,
  0xF8, 0x00, 0x00, 0x00, 0x30, 0x00, 0x00, 0x07, 0x00, 0x00, 0x00, 0x1C,
  0x1E, 0x00, 0x07, 0xBC, 0x00, 0x00, 0x00, 0x30, 0x00, 0x00, 0x07, 0xC0,
  0x00, 0x00, 0xDC, 0x0F, 0x00, 0x0F, 0x3C, 0x00, 0x00, 0x00, 0x00, 0x00,
  0x00, 0x07, 0xC0, 0x00, 0x00, 0xFC, 0x0F, 0x00, 0x1E, 0x1E, 0x00, 0x00,
  0x00, 0x00, 0x00, 0x00, 0x07, 0xC0, 0x00, 0x00, 0xFC, 0x07, 0x80, 0x3E,
  0x0F, 0x00, 0x00, 0x00, 0x00, 0x00, 0x00, 0x01, 0xC0, 0x00, 0x00, 0xC0,
  0x03, 0x80, 0xFC, 0x07, 0x80, 0x00, 0x00, 0x00, 0x00, 0x00, 0x03, 0xDC,
  0x00, 0x01, 0xC0, 0x03, 0xC1, 0xF8, 0x07, 0xC0, 0x00, 0x00, 0x00, 0x00,
  0x00, 0x01, 0xFC, 0x00, 0x13, 0xC0, 0x01, 0xC7, 0xF0, 0x07, 0xC0, 0x00,
  0x00, 0x00, 0x00, 0x00, 0x01, 0xFC, 0x00, 0x37, 0x80, 0x01, 0xEF, 0xC0,
  0x03, 0xC0, 0x00, 0x00, 0x00, 0x00, 0x00, 0x00, 0xFD, 0x00, 0x3F, 0x00,
  0x00, 0xFF, 0x00, 0x01, 0xC0, 0x00, 0x00, 0x00, 0x00, 0x00, 0x00, 0xEF,
  0x80, 0x7C, 0x00, 0x00, 0x7C, 0x00, 0x01, 0xE0, 0x00, 0x00, 0x00, 0x00,
  0x00, 0x00, 0xE3, 0x80, 0xF0, 0x00, 0x00, 0x7F, 0xC0, 0x00, 0xE0, 0x00,
  0x00, 0x00, 0x00, 0x00, 0x00, 0xE3, 0xC1, 0xE0, 0x00, 0x00, 0x7F, 0xE0,
  0x00, 0xE0, 0x00, 0x00, 0x00, 0x00, 0x00, 0x00, 0xF1, 0xE1, 0xC0, 0x07,
  0x00, 0x3A, 0x63, 0x80, 0xE0, 0x00, 0x00, 0x00, 0x00, 0x00, 0x00, 0xF0,
  0xF8, 0x80, 0x0F, 0x00, 0x38, 0x7F, 0x80, 0xE0, 0x00, 0x00, 0x00, 0x00,
  0x00, 0x00, 0xF0, 0x7A, 0x00, 0x0E, 0x00, 0x38, 0x7F, 0xC0, 0xE0, 0x00,
  0x00, 0x00, 0x00, 0x00, 0x01, 0xF0, 0x3F, 0x00, 0x0E, 0x00, 0x1C, 0x30,
  0xC0, 0xE0, 0x00, 0x00, 0x00, 0x00, 0x00, 0x01, 0xF0, 0x1F, 0x00, 0x1C,
  0x00, 0x1C, 0x00, 0xC0, 0xE0, 0x00, 0x00, 0x00, 0x00, 0x00, 0x03, 0xF0,
  0x07, 0x00, 0x3C, 0x00, 0x1C, 0x00, 0xD9, 0xE0, 0x00, 0x00, 0x00, 0x00,
  0x00, 0x03, 0xF0, 0x07, 0x00, 0x18, 0x00, 0x1C, 0x00, 0xFF, 0xE0, 0x00,
  0x00, 0x00, 0x00, 0x00, 0x03, 0xF0, 0x07, 0x00, 0x38, 0x00, 0x1C, 0x00,
  0xE7, 0xC0, 0x00, 0x00, 0x00, 0x00, 0x00, 0x03, 0xF0, 0x07, 0x00, 0x78,
  0x00, 0x1C, 0x00, 0x07, 0xC0, 0x00, 0x00, 0x00, 0x00, 0x00, 0x03, 0xF0,
  0x07, 0x00, 0x78, 0x00, 0x1C, 0x00, 0x03, 0x80, 0x00, 0x00, 0x00, 0x00,
  0x00, 0x01, 0xF0, 0x07, 0x00, 0x38, 0x00, 0x1C, 0x00, 0x07, 0x80, 0x00,
  0x00, 0x00, 0x00, 0x00, 0x01, 0xF0, 0x07, 0x00, 0x7C, 0x00, 0x3C, 0x00,
  0x0F, 0x80, 0x00, 0x00, 0x00, 0x00, 0x00, 0x00, 0xF0, 0x0F, 0x00, 0xFC,
  0x00, 0x38, 0x00, 0x0E, 0x00, 0x00, 0x00, 0x00, 0x00, 0x00, 0x00, 0xF0,
  0x0F, 0x00, 0xFF, 0x00, 0x38, 0x00, 0x7E, 0x00, 0x00, 0x00, 0x00, 0x00,
  0x00, 0x01, 0xF0, 0x0F, 0x00, 0xFF, 0x00, 0xF8, 0x01, 0xFC, 0x00, 0x00,
  0x00, 0x00, 0x00, 0x00, 0x01, 0xE8, 0x1E, 0x01, 0xE0, 0x01, 0xFE, 0x0F,
  0xF8, 0x00, 0x00, 0x00, 0x00, 0x00, 0x00, 0x01, 0xFB, 0x1C, 0x01, 0xD0,
  0x01, 0xFF, 0xFF, 0xC0, 0x00, 0x00, 0x00, 0x00, 0x00, 0x00, 0x01, 0xFB,
  0x3F, 0xB3, 0xFB, 0x0F, 0xE7, 0xFF, 0xC0, 0x00, 0x00, 0x00, 0x00, 0x00,
  0x00, 0x00, 0xFF, 0xFF, 0xFF, 0xFF, 0xFF, 0xC7, 0xFC, 0x00, 0x00, 0x00,
  0x00, 0x00, 0x00, 0x00, 0x00, 0x3F, 0xFF, 0xFF, 0xFF, 0xFF, 0x00, 0x00,
  0x00, 0x00, 0x00, 0x00, 0x00, 0x00, 0x00, 0x00, 0x0F, 0xE3, 0xFE, 0x3F,
  0xFC, 0x00, 0x00, 0x00, 0x00, 0x00, 0x00, 0x00, 0x00, 0x00, 0x00, 0x00,
  0x00, 0x00, 0x00, 0x00, 0x00, 0x00, 0x00, 0x00, 0x00, 0x00, 0x00, 0x00,
  0x00, 0x00, 0x00, 0x00, 0x00, 0x00, 0x00, 0x00, 0x00, 0x00, 0x00, 0x00,
  0x00, 0x00, 0x00, 0x00, 0x00, 0x00, 0x00, 0x00, 0x00, 0x00, 0x00, 0x00,
  0x00, 0x00, 0x00, 0x00, 0x00, 0x00, 0x00, 0x00, 0x00, 0x00, 0x00, 0x00,
  0x00, 0x00, 0x00, 0x00, 0x00, 0x00, 0x00, 0x00, 0x00, 0x00, 0x00, 0x00,
  0x00, 0x00, 0x00, 0x00, 0x00, 0x00, 0x00, 0x00, 0x00, 0x00, 0x00, 0x00,
  0x00, 0x00, 0x00, 0x00, 0x00, 0x00, 0x00, 0x00, 0x00, 0x00, 0x00, 0x00,
};

const uint8_t FOX_IDLE_PERK_BITMAP[] BITMAP_PROGMEM = {
  0x00, 0x00, 0x00, 0x00, 0x00, 0x00, 0x00, 0x00, 0x00, 0x00, 0x00, 0x00,
  0x00, 0x00, 0x00, 0x00, 0x00, 0x00, 0x00, 0x00, 0x00, 0x00, 0x00, 0x00,
  0x00, 0x00, 0x00, 0x00, 0x00, 0x00, 0x00, 0x00, 0x00, 0x00, 0x00, 0x00,
  0x00, 0x00, 0x00, 0x00, 0x00, 0x00, 0x00, 0x00, 0x00, 0x00, 0x00, 0x00,
  0x00, 0x00, 0x00, 0x00, 0x00, 0x00, 0x00, 0x00, 0x00, 0x00, 0x00, 0x00,
  0x00, 0x00, 0x00, 0x03, 0xF0, 0x00, 0x00, 0x00, 0x00, 0x00, 0x00, 0x00,
  0x00, 0x00, 0x00, 0x00, 0x00, 0x00, 0x07, 0xFC, 0x00, 0x00, 0x00, 0x00,
  0x00, 0x00, 0x00, 0x00, 0x00, 0x00, 0x00, 0x00, 0x00, 0x07, 0xFE, 0x00,
  0x00, 0x00, 0x00, 0x00, 0x00, 0x00, 0x00, 0x00, 0x00, 0x00, 0x00, 0x00,
  0x1F, 0x1F, 0x80, 0x00, 0x00, 0x00, 0x00, 0x00, 0x01, 0xC0, 0x00, 0x00,
  0x00, 0x00, 0x00, 0x1E, 0x1F, 0xF0, 0x00, 0x00, 0x00, 0x00, 0x00, 0x03,
  0xC0, 0x00, 0x00, 0x00, 0x00, 0x00, 0x1E, 0xC3, 0xF8, 0x00, 0x00, 0x00,
  0x00, 0x00, 0x1F, 0xF8, 0x00, 0x00, 0x00, 0x00, 0x00, 0x1F, 0xF8, 0xFC,
  0x00, 0x00, 0x00, 0x00, 0x00, 0xFF, 0xF8, 0x00, 0x00, 0x00, 0x00, 0x00,
  0x1C, 0xF8, 0x7E, 0x00, 0x00, 0x00, 0x00, 0x01, 0xFE, 0x78, 0x00, 0x00,
  0x00, 0x00, 0x00, 0x3D, 0xFC, 0x1F, 0x80, 0x00, 0x00, 0x00, 0x0F, 0xF0,
  0x78, 0x00, 0x00, 0x00, 0x00, 0x00, 0x3D, 0xDE, 0x0F, 0x80, 0x00, 0x00,
  0x00, 0x1F, 0xC0, 0x18, 0x00, 0x00, 0x00, 0x00, 0x00, 0x3D, 0x8F, 0x07,
  0xC0, 0x00, 0x00, 0x00, 0x7E, 0x07, 0xD8, 0x00, 0x00, 0x00, 0x00, 0x00,
  0x3D, 0x87, 0x83, 0xC0, 0x00, 0x00, 0x00, 0xF8, 0x1F, 0xDE, 0x00, 0x00,
  0x00, 0x00, 0x00, 0x3D, 0x83, 0x81, 0xE0, 0x00, 0x00, 0x01, 0xF0, 0x3F,
  0x9E, 0x00, 0x00, 0x00, 0x00, 0x00, 0x33, 0x81, 0xC0, 0xF0, 0x00, 0x00,
  0x03, 0xC0, 0x7D, 0xCE, 0x00, 0x00, 0x00, 0x00, 0x00, 0x3B, 0x01, 0xE0,
  0x78, 0x00, 0x00, 0x07, 0x80, 0xF0, 0xCE, 0x00, 0x00, 0x00, 0x00, 0x00,
  0x3B, 0x01, 0xE0, 0x78, 0x00, 0x00, 0x0F, 0x81, 0xE0, 0xCE, 0x00, 0x00,
  0x00, 0x00, 0x00, 0x3B, 0x00, 0xE0, 0x3C, 0x00, 0x00, 0x1E, 0x03, 0xC0,
  0xCE, 0x00, 0x00, 0x00, 0x00, 0x00, 0x3B, 0x00, 0xF0, 0x1C, 0x00, 0x00,
  0x3C, 0x07, 0x80, 0xCE, 0x00, 0x00, 0x00, 0x00, 0x00, 0x3B, 0x07, 0xF0,
  0x1E, 0x00, 0x00, 0x78, 0x0F, 0x80, 0xCE, 0x00, 0x00, 0x00, 0x00, 0x00,
  0x3B, 0x0F, 0xF0, 0x0E, 0x00, 0x00, 0xF0, 0x1E, 0x00, 0xCE, 0x00, 0x00,
  0x00, 0x00, 0x00, 0x3B, 0x1F, 0xF0, 0x0F, 0xFF, 0x81, 0xE0, 0x3E, 0x00,
  0xCE, 0x00, 0x00, 0x00, 0x00, 0x00, 0x33, 0x1E, 0xF8, 0x0F, 0xFF, 0xFF,
  0xC0, 0x7D, 0x80, 0xCE, 0x00, 0x00, 0x00, 0x00, 0x00, 0x3B, 0x1E, 0x3C,
  0x0F, 0xFF, 0xFF, 0x80, 0x7F, 0xC0, 0xCE, 0x00, 0x00, 0x00, 0x00, 0x00,
  0x33, 0x9E, 0x1C, 0x0E, 0x01, 0xFF, 0xC0, 0x7F, 0xE0, 0xCE, 0x00, 0x00,
  0x00, 0x00, 0x00, 0x3B, 0xCE, 0x1C, 0x00, 0x00, 0x03, 0x80, 0xFE, 0xE0,
  0xCE, 0x00, 0x00, 0x00, 0x00, 0x00, 0x3F, 0x9F, 0x1C, 0x00, 0x00, 0x03,
  0x81, 0xFC, 0xF0, 0xCE, 0x00, 0x00, 0x00, 0x00, 0x00, 0x3D, 0xFF, 0x1C,
  0x00, 0x00, 0x00, 0x01, 0xE0, 0xF1, 0xCE, 0x00, 0x00, 0x00, 0x00, 0x00,
  0x3D, 0xFE, 0x18, 0x00, 0x00, 0x00, 0x01, 0xC1, 0xF1, 0x9E, 0x00, 0x00,
  0x00, 0x00, 0x00, 0x1D, 0xF8, 0x00, 0x00, 0x00, 0x00, 0x01, 0x81, 0xE1,
  0x9E, 0x00, 0x00, 0x00, 0x00, 0x00, 0x1D, 0xDE, 0x00, 0x00, 0x00, 0x00,
  0x01, 0x81, 0xE1, 0x9C, 0x00, 0x00, 0x00, 0x00, 0x00, 0x1D, 0xEF, 0x00,
  0x00, 0x00, 0x00, 0x00, 0x03, 0xF1, 0x98, 0x00, 0x00, 0x00, 0x00, 0x00,
  0x1E, 0xDE, 0x00, 0x00, 0x00, 0x00, 0x00, 0x03, 0xF9, 0x98, 0x00, 0x00,
  0x00, 0x00, 0x00, 0x1E, 0x7E, 0x00, 0x00, 0x00, 0x00, 0x00, 0x00, 0x3B,
  0x98, 0x00, 0x00, 0x00, 0x00, 0x00, 0x1E, 0x78, 0x00, 0x00, 0x00, 0x00,
  0x00, 0x00, 0xFE, 0x38, 0x00, 0x00, 0x00, 0x03, 0x00, 0x06, 0x30, 0x00,
  0x00, 0x00, 0x00, 0x00, 0x03, 0xF7, 0x78, 0x00, 0x00, 0x00, 0x03, 0x00,
  0x07, 0x70, 0x00, 0x00, 0x00, 0x00, 0x00, 0x03, 0xFE, 0x78, 0x00, 0x00,
  0x00, 0x03, 0xC0, 0x07, 0xE0, 0x00, 0x00, 0x00, 0x00, 0x00, 0x03, 0xFC,
  0x70, 0x00, 0x00, 0x00, 0x01, 0xE0, 0x07, 0xE0, 0x00, 0x00, 0x00, 0x00,
  0x00, 0x01, 0xFC, 0xF0, 0x00, 0x00, 0x00, 0x01, 0xE0, 0x03, 0xC0, 0x00,
  0x00, 0x00, 0x00, 0x00, 0x00, 0xF8, 0xF0, 0x00, 0x00, 0x00, 0x00, 0xF0,
  0x03, 0xC0, 0x00, 0x00, 0x00, 0x00, 0x00, 0x00, 0x78, 0xC0, 0x06, 0x00,
  0x00, 0x00, 0x78, 0x03, 0xC0, 0x78, 0x00, 0x00, 0x00, 0x00, 0x00, 0x31,
  0xC0, 0x1E, 0x00, 0x00, 0x00, 0x3C, 0x03, 0x80, 0x7C, 0x00, 0x00, 0x00,
  0x00, 0x00, 0x03, 0xC0, 0x3C, 0x00, 0x00, 0x00, 0x1C, 0x07, 0x00, 0x7C,
  0x00, 0x00, 0x01, 0xF0, 0x00, 0x03, 0x80, 0x78, 0x00, 0x00, 0x00, 0x00,
  0x07, 0x00, 0x00, 0x00, 0x00, 0x01, 0xF0, 0x00, 0x07, 0x80, 0xF0, 0x00,
  0x00, 0x1C, 0x00, 0x07, 0x00, 0x00, 0x00, 0x00, 0x01, 0xF0, 0x00, 0x0F,
  0x81, 0xE0, 0x00, 0x00, 0x1E, 0x00, 0x07, 0x00, 0x00, 0x00, 0x00, 0x00,
  0x00, 0x00, 0x0F, 0x01, 0x80, 0x00, 0x00, 0x1F, 0x80, 0x06, 0x00, 0x00,
  0x00, 0x00, 0x00, 0x00, 0x00, 0x1F, 0x00, 0x00, 0x00, 0x00, 0x07, 0x80,
  0x1E, 0x01, 0xF8, 0x00, 0x00, 0x00, 0x00, 0x00, 0x1C, 0x00, 0x00, 0x00,
  0x00, 0x00, 0x00, 0x0E, 0x07, 0xFE, 0x00, 0x00, 0x00, 0x00, 0x00, 0x1C,
  0x00, 0x0F, 0x00, 0x00, 0x00, 0x00, 0x0E, 0x0F, 0xFF, 0x00, 0x00, 0x03,
  0xE0, 0x00, 0x1C, 0x00, 0x3F, 0x00, 0x00, 0x00, 0x00, 0x0E, 0x0F, 0xE7,
  0x00, 0x00, 0x07, 0xF0, 0x00, 0x1C, 0x00, 0x3C, 0x00, 0x00, 0x00, 0x00,
  0x0E, 0x1F, 0xC3, 0x80, 0x00, 0x0F, 0xFC, 0x00, 0x1C, 0x00, 0x38, 0x00,
  0x00, 0x00, 0x00, 0x7E, 0x1F, 0xC3, 0x80, 0x00, 0x1F, 0xFE, 0x00, 0x1C,
  0x00, 0x00, 0x00, 0x00, 0x00, 0x01, 0xFE, 0x3F, 0xE3, 0x80, 0x00, 0x39,
  0xFF, 0x00, 0x1C, 0x00, 0x00, 0x00, 0x00, 0x00, 0x07, 0xFC, 0x3F, 0xFF,
  0x80, 0x00, 0x30, 0xFF, 0x00, 0x1C, 0x00, 0x00, 0x00, 0x00, 0x00, 0x07,
  0xF0, 0x37, 0xFF, 0x80, 0x00, 0x70, 0xFF, 0x80, 0x1E, 0x00, 0x00, 0x00,
  0x00, 0x00, 0x07, 0x80, 0x37, 0xFF, 0x80, 0x00, 0x70, 0xFF, 0x80, 0x1F,
  0x00, 0x00, 0x00, 0x00, 0x00, 0x03, 0xC0, 0x37, 0xFF, 0x80, 0x00, 0x79,
  0xFB, 0x80, 0x1F, 0x80, 0x00, 0x00, 0x00, 0x00, 0x03, 0xE0, 0x37, 0xFF,
  0x80, 0x00, 0x7F, 0xF9, 0x80, 0x0F, 0x80, 0x00, 0x00, 0x00, 0x00, 0x00,
  0xF8, 0x33, 0xFF, 0x0F, 0x00, 0x7F, 0xFB, 0x80, 0x0F, 0xC0, 0x00, 0x00,
  0x00, 0x00, 0x00, 0xFC, 0x03, 0xFE, 0x1F, 0x80, 0x7F, 0xFB, 0x80, 0x07,
  0xE0, 0x00, 0x00, 0x00, 0x00, 0x01, 0xF8, 0x01, 0xFC, 0x1F, 0xC0, 0x7E,
  0xFB, 0x80, 0x01, 0xF0, 0x00, 0x00, 0x00, 0x00, 0x03, 0xF0, 0x01, 0xF8,
  0x0F, 0x80, 0x7F, 0xF9, 0x80, 0x07, 0xE0, 0x00, 0x00, 0x00, 0x1E, 0x03,
  0xC0, 0x00, 0x00, 0xC6, 0x08, 0x1F, 0xF0, 0x00, 0x1F, 0x80, 0x00, 0x00,
  0x00, 0x3E, 0x01, 0xE0, 0x00, 0x00, 0xCF, 0x1C, 0x0F, 0xC0, 0x00, 0x7F,
  0x00, 0x00, 0x00, 0x00, 0xFE, 0x00, 0xFC, 0x00, 0x00, 0x7F, 0xF8, 0x00,
  0x00, 0x00, 0x7E, 0x00, 0x00, 0x00, 0x01, 0xF7, 0x00, 0x7F, 0x00, 0x00,
  0x7F, 0xF8, 0x00, 0x00, 0x00, 0x1E, 0x00, 0x00, 0x00, 0x01, 0xE7, 0x00,
  0x1F, 0x00, 0x00, 0x3F, 0xF0, 0x00, 0x00, 0x00, 0x0F, 0x80, 0x00, 0x00,
  0x01, 0xE7, 0xC0, 0x0F, 0xC0, 0x00, 0x3C, 0x60, 0x00, 0x00, 0x00, 0x1F,
  0x80, 0x00, 0x00, 0x01, 0x87, 0xC0, 0x07, 0xF0, 0x00, 0x38, 0x60, 0x00,
  0x00, 0x00, 0xFE, 0x00, 0x00, 0x00, 0x01, 0x83, 0xE0, 0x01, 0xF0, 0x00,
  0x38, 0xE0, 0x00, 0x00, 0x03, 0xFC, 0x00, 0x00, 0x00, 0x01, 0x81, 0xF0,
  0x00, 0xFC, 0x00, 0x1C, 0xE0, 0x00, 0x00, 0x03, 0xF0, 0x00, 0x00, 0x00,
  0x01, 0x00, 0xFF, 0x00, 0x7F, 0x80, 0x0F, 0xC0, 0x00, 0x00, 0x1F, 0xE0,
  0x00, 0x00, 0x00, 0x00, 0x00, 0x7F, 0xFC, 0x1F, 0xF0, 0x0F, 0x80, 0x00,
  0x00, 0xFF, 0xC0, 0x00, 0x00, 0x00, 0x00, 0x00, 0x0F, 0xFD, 0x87, 0xF0,
  0x03, 0x00, 0x00, 0x3F, 0xFF, 0x00, 0x00, 0x00, 0x00, 0x00, 0x00, 0x07,
  0xFF, 0xC2, 0xF0, 0x00, 0x00, 0x0F, 0xFF, 0xFE, 0x00, 0x00, 0x00, 0x00,
  0x00, 0x00, 0x00, 0x7F, 0xF1, 0xE0, 0x00, 0x00, 0x0F, 0xFF, 0xE0, 0x00,
  0x00, 0x00, 0x00, 0x00, 0x00, 0x01, 0xF3, 0xFB, 0xE0, 0x00, 0x00, 0x0F,
  0xFF, 0x00, 0x00, 0x00, 0x00, 0x00, 0x00, 0x00, 0x01, 0xF8, 0x7F, 0xC0,
  0x00, 0x00, 0x06, 0x07, 0x80, 0x00, 0x00, 0x00, 0x00, 0x00, 0x00, 0x01,
  0xF0, 0x7F, 0x80, 0x00, 0x00, 0x06, 0x07, 0x80, 0x00, 0x00, 0x00, 0x00,
  0x00, 0x00, 0x01, 0xC0, 0x1F, 0xE0, 0x00, 0x00, 0x36, 0x03, 0xC0, 0x00,
  0x00, 0x00, 0x00, 0x00, 0x00, 0x00, 0xE0, 0x07, 0xE0, 0x00, 0x00, 0x3E,
  0x03, 0xE0, 0x00, 0x00, 0x00, 0x00, 0x00, 0x00, 0x00, 0xE0, 0x03, 0xE0,
  0x00, 0x00, 0x3E, 0x01, 0xE0, 0x00, 0x00, 0x00, 0x00, 0x00, 0x00, 0xF8,
  0xE0, 0x01, 0xCC, 0x00, 0x00, 0x38, 0x00, 0xFF, 0x00, 0x00, 0x00, 0x00,
  0x00, 0x01, 0xFF, 0xE0, 0x01, 0xEC, 0x00, 0x00, 0x70, 0x00, 0xFF, 0x80,
  0x00, 0x00, 0x00, 0x00, 0x01, 0xFF, 0xE0, 0x01, 0xFC, 0x00, 0x08, 0xF0,
  0x00, 0x7F, 0xC0, 0x00, 0x00, 0x00, 0x00, 0x21, 0xC0, 0x00, 0x00, 0xFC,
  0x00, 0x1D, 0xC0, 0x00, 0x7F, 0xE0, 0x00, 0x00, 0x00, 0x00, 0x71, 0xC0,
  0x00, 0x00, 0xEE, 0x00, 0x1F, 0x80, 0x00, 0x3C, 0xF0, 0x00, 0x00, 0x00,
  0x00, 0xFD, 0xC0, 0x00, 0x00, 0xE7, 0x80, 0x1F, 0x00, 0x00, 0x1C, 0x70,
  0x00, 0x00, 0x00, 0x00, 0xFF, 0xC0, 0x00, 0x00, 0xE3, 0xC0, 0x3E, 0x00,
  0x00, 0x1E, 0x70, 0x00, 0x00, 0x00, 0x01, 0xCF, 0xC0, 0x00, 0x00, 0xF1,
  0xE0, 0x78, 0x00, 0x00, 0x1E, 0x78, 0x00, 0x00, 0x00, 0x01, 0xC3, 0xC0,
  0x00, 0x00, 0xF0, 0xF0, 0x60, 0x00, 0x00, 0x0E, 0x78, 0x00, 0x00, 0x00,
  0x01, 0xC0, 0x00, 0x00, 0x01, 0xF0, 0x78, 0x60, 0x01, 0xC0, 0x0E, 0x18,
  0x00, 0x00, 0x00, 0x01, 0x80, 0x00, 0x00, 0x03, 0xF0, 0x3E, 0x60, 0x03,
  0xC0, 0x0E, 0x18, 0x00, 0x00, 0x00, 0x01, 0x80, 0x00, 0x00, 0x03, 0xB0,
  0x1F, 0xC0, 0x03, 0x80, 0x07, 0x18, 0x00, 0x00, 0x00, 0x01, 0x80, 0x00,
  0x00, 0x07, 0xF0, 0x0F, 0xC0, 0x07, 0x00, 0x03, 0x18, 0x00, 0x00, 0x00,
  0x01, 0xC0, 0x00, 0x00, 0x0F, 0x78, 0x03, 0xC0, 0x0F, 0x00, 0x03, 0x18,
  0x00, 0x00, 0x00, 0x01, 0xE0, 0x00, 0x00, 0x0F, 0x38, 0x01, 0xC0, 0x0F,
  0x00, 0x03, 0x78, 0x00, 0x00, 0x00, 0x01, 0xE0, 0x00, 0x00, 0x0F, 0x38,
  0x01, 0xC0, 0x06, 0x00, 0x03, 0xF0, 0x00, 0x00, 0x00, 0x00, 0xF0, 0x00,
  0x00, 0x0F, 0x38, 0x01, 0xC0, 0x0E, 0x00, 0x03, 0xF0, 0x00, 0x00, 0x00,
  0x00, 0x78, 0x00, 0x00, 0x0F, 0x38, 0x01, 0xC0, 0x0E, 0x00, 0x03, 0x70,
  0x00, 0x00, 0x00, 0x00, 0x3E, 0x00, 0x00, 0x07, 0xB8, 0x01, 0xC0, 0x0E,
  0x00, 0x03, 0xF0, 0x00, 0x00, 0x00, 0x00, 0x1F, 0x00, 0x00, 0x03, 0xB8,
  0x01, 0xC0, 0x0E, 0x00, 0x03, 0xE0, 0x00, 0x00, 0x00, 0x00, 0x0F, 0xE0,
  0x00, 0x03, 0xF8, 0x07, 0xC0, 0x1F, 0x00, 0x07, 0xC0, 0x00, 0x00, 0x00,
  0x00, 0x07, 0xE0, 0x00, 0x01, 0xF8, 0x07, 0xC0, 0x3F, 0xC0, 0x0F, 0x80,
  0x00, 0x00, 0x00, 0x00, 0x01, 0xFC, 0x00, 0x01, 0xF0, 0x07, 0x80, 0x3F,
  0xC0, 0x0E, 0x00, 0x00, 0x00, 0x00, 0x00, 0x00, 0xFF, 0xE0, 0x0F, 0xF0,
  0x07, 0x80, 0x3F, 0x80, 0x1E, 0x00, 0x00, 0x00, 0x00, 0x00, 0x00, 0x3F,
  0xFF, 0xFF, 0xF8, 0x0F, 0x00, 0x7C, 0x00, 0x7C, 0x00, 0x00, 0x00, 0x00,
  0x00, 0x00, 0x07, 0xFF, 0xFF, 0xED, 0x8E, 0xC8, 0x76, 0xC1, 0x78, 0x00,
  0x00, 0x00, 0x00, 0x00, 0x00, 0x00, 0x3F, 0xFD, 0xFD, 0x9F, 0xCC, 0xFE,
  0xC3, 0xF0, 0x00, 0x00, 0x00, 0x00, 0x00, 0x00, 0x00, 0x3F, 0xFD, 0xFF,
  0xFF, 0xFF, 0xFF, 0xFF, 0xE0, 0x00, 0x00, 0x00, 0x00, 0x00, 0x00, 0x00,
  0x00, 0x00, 0x3F, 0xFF, 0xFF, 0xDF, 0xFF, 0xC0, 0x00, 0x00, 0x00, 0x00,
  0x00, 0x00, 0x00, 0x00, 0x00, 0x1F, 0xF1, 0xFF, 0x8F, 0xFE, 0x00, 0x00,
  0x00, 0x00, 0x00, 0x00, 0x00, 0x00, 0x00, 0x00, 0x00, 0x00, 0x00, 0x00,
  0x00, 0x00, 0x00, 0x00, 0x00, 0x00, 0x00, 0x00, 0x00, 0x00, 0x00, 0x00,
  0x00, 0x00, 0x00, 0x00, 0x00, 0x00, 0x00, 0x00, 0x00, 0x00, 0x00, 0x00,
  0x00, 0x00, 0x00, 0x00, 0x00, 0x00, 0x00, 0x00, 0x00, 0x00, 0x00, 0x00,
};

const uint8_t PIG_IDLE_WINK_BITMAP[] BITMAP_PROGMEM = {
  0x00, 0x00, 0x00, 0x00, 0x00, 0x00, 0x00, 0x00, 0x00, 0x00, 0x00, 0x00,
  0x00, 0x00, 0x00, 0x00, 0x00, 0x00, 0x00, 0x00, 0x00, 0x00, 0x00, 0x00,
  0x00, 0x00, 0x00, 0x00, 0x00, 0x00, 0x00, 0x00, 0x00, 0x00, 0x00, 0x00,
  0x00, 0x00, 0x00, 0x00, 0x00, 0x00, 0x00, 0x00, 0x00, 0x00, 0x00, 0x00,
  0x00, 0x00, 0x00, 0x00, 0x01, 0xE0, 0x00, 0x00, 0x00, 0x00, 0x00, 0x00,
  0x00, 0x00, 0x00, 0x00, 0x00, 0x00, 0x00, 0x01, 0xF8, 0x00, 0x00, 0x00,
  0x00, 0x00, 0x00, 0x00, 0x00, 0x00, 0x00, 0x00, 0x00, 0x00, 0x01, 0xF8,
  0x00, 0x00, 0x00, 0x00, 0x00, 0x00, 0x00, 0x00, 0x00, 0x00, 0x00, 0x00,
  0x01, 0xFF, 0xFF, 0x00, 0x00, 0x00, 0x00, 0x00, 0x00, 0x00, 0x00, 0x00,
  0x1F, 0xF0, 0x00, 0x03, 0xFF, 0xBF, 0x00, 0x00, 0x00, 0x00, 0x00, 0x00,
  0x00, 0x00, 0x00, 0xFF, 0xFC, 0x00, 0x03, 0xFF, 0x8F, 0xC0, 0x00, 0x00,
  0x00, 0x00, 0x00, 0x00, 0x00, 0x03, 0xFF, 0xFE, 0x00, 0x03, 0xC7, 0xC7,
  0xE0, 0x00, 0x00, 0x00, 0x00, 0x00, 0x00, 0x00, 0x03, 0xF0, 0x3F, 0x00,
  0x7F, 0xE1, 0xC3, 0xE0, 0x00, 0x00, 0x00, 0x00, 0x00, 0x00, 0x00, 0x1F,
  0xF0, 0x1F, 0x83, 0xFF, 0xF0, 0x03, 0xE0, 0x00, 0x00, 0x00, 0x00, 0x00,
  0x00, 0x00, 0x1F, 0x80, 0x07, 0xFF, 0xFF, 0xF0, 0x00, 0xEE, 0x03, 0xFC,
  0x00, 0x00, 0x00, 0x00, 0x00, 0xFF, 0x00, 0x03, 0xFF, 0xFF, 0xF8, 0x00,
  0xFE, 0x07, 0xFE, 0x00, 0x00, 0x00, 0x00, 0x03, 0xFE, 0x00, 0x03, 0xFF,
  0xC0, 0x78, 0x00, 0x7F, 0xDF, 0xFF, 0x80, 0x00, 0x00, 0x00, 0x0F, 0xF0,
  0x00, 0x01, 0xF8, 0x00, 0x00, 0x00, 0x1F, 0xFF, 0xFF, 0xC0, 0x00, 0x00,
  0x00, 0x1F, 0x80, 0x00, 0x01, 0xC0, 0x00, 0x00, 0x00, 0x03, 0xFE, 0x07,
  0xE0, 0x00, 0x00, 0x00, 0x7F, 0x80, 0x00, 0xC0, 0xC0, 0x00, 0x00, 0x00,
  0x01, 0xFC, 0x01, 0xF0, 0x00, 0x00, 0x00, 0xFE, 0x00, 0x00, 0xC0, 0x00,
  0x00, 0x00, 0x00, 0x00, 0xF0, 0x01, 0xF8, 0x00, 0x00, 0x01, 0xF8, 0x00,
  0x00, 0xE0, 0x00, 0x00, 0x00, 0x00, 0x00, 0x00, 0x00, 0x7C, 0x00, 0x00,
  0x03, 0xF0, 0x00, 0x01, 0xF0, 0x00, 0x00, 0x00, 0x00, 0x00, 0x00, 0x00,
  0x3E, 0x00, 0x00, 0x03, 0xE0, 0x00, 0x01, 0xF0, 0x00, 0x00, 0x00, 0x00,
  0x00, 0x00, 0x00, 0x1E, 0x00, 0x00, 0x03, 0xC0, 0x00, 0x01, 0xF0, 0x00,
  0x00, 0x00, 0x00, 0x00, 0x03, 0x00, 0x0F, 0x80, 0x00, 0x07, 0xC0, 0x00,
  0x01, 0xC0, 0x00, 0x00, 0x00, 0x00, 0x00, 0x03, 0x00, 0x07, 0x80, 0x00,
  0x07, 0x80, 0x00, 0x07, 0xC0, 0x00, 0x00, 0x00, 0x00, 0x00, 0x0F, 0x00,
  0x07, 0xF0, 0x00, 0x07, 0x80, 0x00, 0x03, 0x80, 0x00, 0x00, 0x00, 0x00,
  0x00, 0x0F, 0x00, 0x03, 0xFC, 0x00, 0x07, 0x80, 0x00, 0x03, 0x80, 0x00,
  0x00, 0x00, 0x00, 0x00, 0x0F, 0x00, 0x00, 0x7C, 0x00, 0x07, 0x80, 0x00,
  0x0F, 0x80, 0x00, 0x00, 0x00, 0x00, 0x00, 0x0F, 0x00, 0x00, 0x7E, 0x00,
  0x07, 0x00, 0x00, 0x0F, 0x00, 0x00, 0x00, 0x00, 0x00, 0x00, 0x0F, 0x00,
  0x00, 0x1E, 0x00, 0x07, 0xC0, 0x00, 0x0F, 0x00, 0x00, 0x00, 0x00, 0x00,
  0x00, 0x0F, 0x00, 0x00, 0x0E, 0x00, 0x07, 0xC0, 0x00, 0x1F, 0x00, 0x00,
  0x00, 0x00, 0x00, 0x00, 0x0F, 0x00, 0x00, 0x0E, 0x00, 0x03, 0xC0, 0x00,
  0x1C, 0x00, 0x00, 0x00, 0x00, 0x00, 0x00, 0x0F, 0x00, 0x00, 0x0E, 0x00,
  0x03, 0xE0, 0x00, 0x3C, 0x00, 0x00, 0x00, 0x00, 0x00, 0x00, 0x0F, 0x00,
  0x00, 0x0E, 0x00, 0x03, 0xF0, 0x00, 0x78, 0x00, 0x00, 0x00, 0x00, 0x00,
  0x00, 0x0F, 0x80, 0x00, 0x0E, 0x00, 0x00, 0xE0, 0x00, 0x78, 0x00, 0x00,
  0x00, 0x00, 0x00, 0x00, 0x03, 0x80, 0x00, 0x0E, 0x00, 0x00, 0xF8, 0x00,
  0xF8, 0x00, 0x00, 0x00, 0x00, 0x00, 0x00, 0x03, 0x80, 0x00, 0x3E, 0x00,
  0x00, 0x78, 0x01, 0xF0, 0x01, 0xC0, 0x00, 0x00, 0x00, 0x00, 0x03, 0x80,
  0x00, 0x3E, 0x00, 0x00, 0x7C, 0x03, 0xE0, 0x03, 0xE0, 0x00, 0x00, 0x00,
  0x70, 0x03, 0xC0, 0x00, 0x3E, 0x00, 0x00, 0x3F, 0x0F, 0xC0, 0x07, 0xE0,
  0x00, 0x00, 0x00, 0x78, 0x03, 0xE0, 0x00, 0x7C, 0x00, 0x00, 0x1F, 0xFF,
  0x80, 0x03, 0xE0, 0x00, 0x00, 0x00, 0x7C, 0x01, 0xE0, 0x00, 0x7C, 0x00,
  0x00, 0x0F, 0xFF, 0x80, 0x00, 0x00, 0x00, 0x00, 0x00, 0x1C, 0x01, 0xF0,
  0x01, 0xF8, 0x00, 0x00, 0x03, 0xFE, 0x00, 0x00, 0x00, 0x00, 0x00, 0x00,
  0x00, 0x01, 0xF0, 0x01, 0xF0, 0x00, 0x00, 0x03, 0xFC, 0x00, 0x00, 0x00,
  0x00, 0x00, 0x00, 0x00, 0x00, 0xFC, 0x07, 0xE0, 0x00, 0x00, 0x00, 0x38,
  0x00, 0x00, 0x00, 0x00, 0x00, 0x00, 0x00, 0x00, 0x7C, 0x07, 0xC0, 0x00,
  0x00, 0x00, 0x78, 0x00, 0x00, 0x00, 0x00, 0x00, 0x00, 0x00, 0x00, 0x3F,
  0x1F, 0x80, 0x00, 0x00, 0x00, 0x78, 0x00, 0x7F, 0x00, 0x00, 0x00, 0x00,
  0x00, 0x00, 0x3F, 0xFF, 0x00, 0x00, 0x00, 0x00, 0x78, 0x00, 0x7F, 0x00,
  0x00, 0x00, 0x00, 0x00, 0x00, 0x0F, 0xFE, 0x00, 0x00, 0x00, 0x00, 0x78,
  0x01, 0xFF, 0xC0, 0x00, 0x00, 0x00, 0x00, 0x00, 0x07, 0xFC, 0x00, 0x00,
  0x00, 0x00, 0x78, 0x03, 0xFF, 0xC0, 0x00, 0x00, 0x00, 0x00, 0x00, 0x00,
  0x70, 0x00, 0x00, 0x00, 0x00, 0xF8, 0x07, 0xF3, 0xE0, 0x00, 0x00, 0x00,
  0x00, 0x00, 0x00, 0x70, 0x00, 0x00, 0x00, 0x00, 0xF0, 0x0F, 0xF1, 0xF0,
  0x00, 0x00, 0x00, 0x00, 0x00, 0x00, 0x70, 0x00, 0x00, 0x00, 0x00, 0xF0,
  0x0F, 0xE0, 0xF0, 0x00, 0x00, 0x00, 0x00, 0x00, 0x00, 0x70, 0x00, 0x00,
  0x00, 0x00, 0xF0, 0x1F, 0xE0, 0xF0, 0x00, 0x00, 0x00, 0x00, 0x00, 0x00,
  0x70, 0x00, 0x00, 0x00, 0x01, 0xF0, 0x1F, 0xF1, 0xF0, 0xFF, 0x80, 0x01,
  0xFE, 0x00, 0x00, 0x70, 0x00, 0x00, 0x00, 0x01, 0xF0, 0x1F, 0xFF, 0xF7,
  0xFF, 0xF0, 0x07, 0xFF, 0x80, 0x00, 0x70, 0x00, 0x00, 0x00, 0x01, 0xF0,
  0x1F, 0xFF, 0xFF, 0xFF, 0xF0, 0x0F, 0xFF, 0xC0, 0x00, 0x70, 0x00, 0x00,
  0x00, 0x01, 0xE0, 0x1F, 0xFF, 0xFF, 0x80, 0xFC, 0x0F, 0xFF, 0xC0, 0x00,
  0x70, 0x00, 0x00, 0x00, 0x03, 0xC0, 0x1F, 0xFF, 0xFE, 0x00, 0x3E, 0x1F,
  0x87, 0xF0, 0x00, 0x70, 0x00, 0x00, 0x00, 0x03, 0xC0, 0x1F, 0xFF, 0xF8,
  0x00, 0x1F, 0x1E, 0x03, 0xF0, 0x00, 0x70, 0x00, 0x00, 0x00, 0x03, 0xC0,
  0x0E, 0xFF, 0xF8, 0x00, 0x07, 0x1C, 0x01, 0xF0, 0x00, 0x70, 0x00, 0x00,
  0x00, 0x03, 0xC0, 0x0F, 0xFF, 0xF9, 0xC0, 0xC7, 0x9C, 0x01, 0xF0, 0x00,
  0x70, 0x00, 0x00, 0x00, 0x03, 0x80, 0x03, 0x7F, 0xF3, 0xE1, 0xE7, 0x80,
  0x00, 0xE0, 0x00, 0xF0, 0x00, 0x00, 0x00, 0x03, 0x80, 0x01, 0xFE, 0xF3,
  0xE1, 0xE3, 0x80, 0x00, 0x00, 0x01, 0xE0, 0x00, 0x00, 0x00, 0x03, 0x83,
  0x80, 0xFC, 0x73, 0xE1, 0xE3, 0x80, 0x00, 0x00, 0x01, 0xE0, 0x00, 0x00,
  0x00, 0x03, 0x8F, 0x80, 0x00, 0x71, 0xC1, 0xE3, 0x80, 0x00, 0x00, 0x01,
  0xE0, 0x00, 0x00, 0x00, 0x03, 0xCE, 0x00, 0x00, 0x78, 0x01, 0xC3, 0x80,
  0x00, 0x00, 0x01, 0xE0, 0x00, 0x00, 0x00, 0x03, 0xFE, 0x00, 0x00, 0x78,
  0x00, 0xC7, 0x80, 0x00, 0x00, 0x03, 0xE0, 0x00, 0x00, 0x00, 0x00, 0xFC,
  0x00, 0x00, 0x3E, 0x00, 0x07, 0x80, 0x00, 0x00, 0x03, 0x80, 0x00, 0x00,
  0x00, 0x01, 0xF0, 0x00, 0x00, 0x1F, 0xC0, 0x3F, 0x00, 0x00, 0x1C, 0x07,
  0xC0, 0x00, 0x00, 0x00, 0x00, 0xF8, 0x00, 0x00, 0x0F, 0xFF, 0xFE, 0x00,
  0x00, 0x1F, 0x0F, 0x80, 0x00, 0x00, 0x00, 0x00, 0x7C, 0x00, 0x00, 0x0F,
  0xFF, 0xFE, 0x00, 0x00, 0x0F, 0x0F, 0x00, 0x00, 0x00, 0x00, 0x00, 0x1E,
  0x00, 0x00, 0x01, 0xFF, 0xF8, 0x00, 0x00, 0x07, 0x1F, 0x00, 0x00, 0x00,
  0x00, 0x00, 0x1F, 0x00, 0x00, 0x00, 0x7F, 0xF8, 0x00, 0x00, 0x00, 0x3E,
  0x00, 0x00, 0x00, 0x00, 0x00, 0x0F, 0xC0, 0x00, 0x00, 0x7C, 0x38, 0x00,
  0x00, 0x00, 0x7C, 0x00, 0x00, 0x00, 0x00, 0x00, 0x07, 0xE0, 0x00, 0x00,
  0x78, 0x78, 0x00, 0x00, 0x00, 0xF8, 0x03, 0xE0, 0x80, 0x00, 0x00, 0x03,
  0xF0, 0x00, 0x00, 0x78, 0x70, 0x00, 0x00, 0x01, 0xFC, 0x07, 0xF9, 0xC0,
  0x00, 0x00, 0x01, 0xFC, 0x00, 0x00, 0x3C, 0xF0, 0x00, 0x00, 0x07, 0xFF,
  0x07, 0xFC, 0xE0, 0x00, 0x00, 0x00, 0x7E, 0x00, 0x00, 0x1F, 0xF0, 0x00,
  0x00, 0x1F, 0xFF, 0x0F, 0x3C, 0xE0, 0x00, 0x00, 0x00, 0x7F, 0xC0, 0x00,
  0x0F, 0xE0, 0x00, 0x00, 0x3F, 0x9F, 0x9E, 0xFE, 0x60, 0x00, 0x00, 0x00,
  0x1F, 0xF0, 0x00, 0x0F, 0xC0, 0x00, 0x03, 0xFF, 0x0F, 0xEF, 0xFE, 0x60,
  0x00, 0x00, 0x00, 0x03, 0xF0, 0x00, 0x00, 0x00, 0x00, 0x07, 0xFC, 0x03,
  0xEF, 0xEE, 0x60, 0x00, 0x00, 0x00, 0x03, 0xFE, 0x00, 0x00, 0x00, 0x00,
  0x3F, 0xF0, 0x03, 0xFF, 0xEE, 0x60, 0x00, 0x00, 0x00, 0x00, 0xFF, 0x00,
  0x00, 0x00, 0x00, 0x3F, 0x80, 0x01, 0xFF, 0xFE, 0xE0, 0x00, 0x00, 0x00,
  0x00, 0xFF, 0x00, 0x00, 0x00, 0x00, 0x1F, 0x00, 0x00, 0xF7, 0xFF, 0xE0,
  0x00, 0x00, 0x00, 0x00, 0xE0, 0x00, 0x00, 0x00, 0x00, 0x00, 0x00, 0x00,
  0x7F, 0xFF, 0xC0, 0x00, 0x00, 0x00, 0x00, 0xE0, 0x00, 0x00, 0x00, 0x00,
  0x00, 0x00, 0x00, 0x7C, 0x7F, 0x00, 0x00, 0x00, 0x00, 0x00, 0xE0, 0x00,
  0x00, 0x00, 0x00, 0x00, 0x00, 0x00, 0x3C, 0xFF, 0x00, 0x00, 0x00, 0x00,
  0x00, 0xE0, 0x00, 0x00, 0x00, 0x00, 0x00, 0x00, 0x00, 0x3F, 0xF0, 0x00,
  0x00, 0x00, 0x00, 0x00, 0xE0, 0x00, 0x00, 0x00, 0x00, 0x00, 0x00, 0x00,
  0x3F, 0xE0, 0x00, 0x00, 0x00, 0x00, 0x00, 0xE0, 0x00, 0x00, 0x00, 0x00,
  0x00, 0x00, 0x00, 0x3F, 0x80, 0x00, 0x00, 0x00, 0x00, 0x00, 0xE0, 0x00,
  0x00, 0x00, 0x00, 0x00, 0x00, 0x00, 0x1F, 0x00, 0x00, 0x00, 0x00, 0x00,
  0x00, 0xF0, 0x00, 0x00, 0x00, 0x00, 0x00, 0x00, 0x00, 0x0C, 0x00, 0x00,
  0x00, 0x00, 0x00, 0x00, 0xF8, 0x00, 0x00, 0x00, 0x00, 0x00, 0x00, 0x00,
  0x0E, 0x00, 0x00, 0x00, 0x00, 0x00, 0x00, 0xF8, 0x00, 0x00, 0x00, 0x00,
  0x00, 0x00, 0x00, 0x0E, 0x00, 0x00, 0x00, 0x00, 0x00, 0x00, 0x78, 0x00,
  0x00, 0x00, 0x00, 0x00, 0x00, 0x00, 0x0E, 0x00, 0x00, 0x00, 0x00, 0x00,
  0x00, 0x70, 0x00, 0x00, 0x00, 0x00, 0x00, 0x00, 0x00, 0x0E, 0x00, 0x00,
  0x00, 0x00, 0x00, 0x00, 0x7C, 0x00, 0x00, 0x00, 0x00, 0x00, 0x00, 0x00,
  0x0E, 0x00, 0x00, 0x00, 0x00, 0x00, 0x00, 0x7C, 0x00, 0x00, 0x00, 0x00,
  0x00, 0x00, 0x00, 0x0E, 0x00, 0x00, 0x00, 0x00, 0x00, 0x00, 0x3C, 0x00,
  0x00, 0x00, 0x00, 0x00, 0x00, 0x00, 0x0E, 0x00, 0x00, 0x00, 0x00, 0x00,
  0x00, 0x3C, 0x06, 0x00, 0x00, 0x00, 0x00, 0x00, 0x00, 0x0E, 0x00, 0x00,
  0x00, 0x00, 0x00, 0x00, 0x3C, 0x07, 0x00, 0x00, 0x00, 0x04, 0x00, 0x00,
  0x0E, 0x00, 0x00, 0x00, 0x00, 0x00, 0x00, 0x3C, 0x07, 0x80, 0xC0, 0x00,
  0x0E, 0x60, 0x00, 0x1E, 0x00, 0x00, 0x00, 0x00, 0x00, 0x00, 0x3C, 0x07,
  0xC0, 0xE0, 0x00, 0x1E, 0x70, 0x00, 0x3C, 0x00, 0x00, 0x00, 0x00, 0x00,
  0x00, 0x3E, 0x01, 0xF0, 0xE0, 0x00, 0x1E, 0x60, 0x00, 0x3C, 0x00, 0x00,
  0x00, 0x00, 0x00, 0x00, 0x3E, 0x01, 0xFF, 0xE0, 0x00, 0x1E, 0x70, 0x00,
  0x3C, 0x00, 0x00, 0x00, 0x00, 0x00, 0x00, 0x0E, 0x00, 0x3F, 0xE0, 0x00,
  0x3C, 0x78, 0x00, 0x3C, 0x00, 0x00, 0x00, 0x00, 0x00, 0x00, 0x0E, 0x00,
  0x3F, 0xF0, 0x00, 0x38, 0x78, 0x00, 0x7C, 0x00, 0x00, 0x00, 0x00, 0x00,
  0x00, 0x0E, 0x00, 0x3F, 0xF0, 0x00, 0x3F, 0xFE, 0x00, 0x7C, 0x00, 0x00,
  0x00, 0x00, 0x00, 0x00, 0x0E, 0x00, 0x39, 0xF0, 0x00, 0xFF, 0xFF, 0x00,
  0x78, 0x00, 0x00, 0x00, 0x00, 0x00, 0x00, 0x0F, 0x80, 0x78, 0xF0, 0x00,
  0xFF, 0xFF, 0x01, 0xF0, 0x00, 0x00, 0x00, 0x00, 0x00, 0x00, 0x0F, 0xFF,
  0xF0, 0xF8, 0x01, 0xFB, 0x8F, 0x05, 0xF0, 0x00, 0x00, 0x00, 0x00, 0x00,
  0x00, 0x0F, 0xFF, 0xF0, 0xF8, 0x03, 0xFF, 0x0F, 0xFF, 0xE0, 0x00, 0x00,
  0x00, 0x00, 0x00, 0x00, 0x0F, 0xF3, 0xF0, 0xFF, 0xFF, 0xFE, 0x1F, 0xFF,
  0xE0, 0x00, 0x00, 0x00, 0x00, 0x00, 0x00, 0x03, 0xFF, 0xE0, 0xFF, 0xFF,
  0xC0, 0x1F, 0xCF, 0x80, 0x00, 0x00, 0x00, 0x00, 0x00, 0x00, 0x03, 0xFF,
  0xC0, 0xFF, 0x0F, 0xC0, 0x0F, 0xFF, 0x80, 0x00, 0x00, 0x00, 0x00, 0x00,
  0x00, 0x00, 0xFF, 0x00, 0xFF, 0x1F, 0x80, 0x0F, 0xFF, 0x00, 0x00, 0x00,
  0x00, 0x00, 0x00, 0x00, 0x00, 0x7E, 0x00, 0x7F, 0xFF, 0x00, 0x07, 0xF0,
  0x00, 0x00, 0x00, 0x00, 0x00, 0x00, 0x00, 0x00, 0x00, 0x00, 0x3F, 0xFC,
  0x00, 0x02, 0x00, 0x00, 0x00, 0x00, 0x00, 0x00, 0x00, 0x00, 0x00, 0x00,
  0x00, 0x00, 0x00, 0x00, 0x00, 0x00, 0x00, 0x00, 0x00, 0x00, 0x00, 0x00,
  0x00, 0x00, 0x00, 0x00, 0x00, 0x00, 0x00, 0x00, 0x00, 0x00, 0x00, 0x00,
};

const uint8_t PIG_IDLE_SPARKLE_BITMAP[] BITMAP_PROGMEM = {
  0x00, 0x00, 0x00, 0x00, 0x00, 0x00, 0x00, 0x00, 0x00, 0x00, 0x00, 0x00,
  0x00, 0x00, 0x00, 0x00, 0x00, 0x00, 0x00, 0x00, 0x00, 0x00, 0x00, 0x00,
  0x00, 0x00, 0x00, 0x00, 0x00, 0x00, 0x00, 0x00, 0x00, 0x00, 0x00, 0x00,
  0x00, 0x00, 0x00, 0x00, 0x00, 0x00, 0x00, 0x00, 0x00, 0x00, 0x00, 0x00,
  0x00, 0x00, 0x00, 0x00, 0x00, 0x00, 0x00, 0x00, 0x00, 0x00, 0x00, 0x00,
  0x00, 0x00, 0x00, 0x00, 0x00, 0x00, 0x00, 0x00, 0x00, 0x00, 0x00, 0x00,
  0x00, 0x00, 0x00, 0x00, 0x00, 0x00, 0x00, 0x00, 0x00, 0x00, 0x00, 0x00,
  0x00, 0x00, 0x00, 0x00, 0x00, 0x00, 0x00, 0x00, 0x00, 0x00, 0x00, 0x00,
  0x00, 0x00, 0x00, 0x00, 0x00, 0x00, 0x00, 0x00, 0x00, 0x00, 0x00, 0x00,
  0x00, 0x00, 0x00, 0x00, 0x00, 0x00, 0x00, 0x00, 0x00, 0x00, 0x00, 0x00,
  0x00, 0x00, 0x00, 0x00, 0x00, 0x00, 0x00, 0x00, 0x00, 0x00, 0x00, 0x00,
  0x00, 0x00, 0x00, 0x00, 0x00, 0x00, 0x00, 0x00, 0x00, 0x00, 0x00, 0x00,
  0x00, 0x00, 0x00, 0x00, 0x00, 0x00, 0x00, 0x00, 0x00, 0x00, 0x00, 0x00,
  0x00, 0x00, 0x1E, 0x00, 0x00, 0x00, 0x00, 0x00, 0x00, 0x00, 0x00, 0x00,
  0x00, 0x00, 0x00, 0x00, 0x00, 0x1F, 0x80, 0x00, 0x00, 0x00, 0x00, 0x00,
  0x00, 0x00, 0x00, 0x00, 0x00, 0x00, 0x00, 0x07, 0xFF, 0xF0, 0x00, 0x00,
  0x00, 0x00, 0x00, 0x00, 0x00, 0x00, 0x00, 0x00, 0x00, 0x00, 0x0F, 0xFF,
  0xF0, 0x00, 0x00, 0x00, 0x00, 0x00, 0x00, 0x00, 0x00, 0x00, 0x07, 0xF8,
  0x00, 0x0F, 0xFF, 0xF8, 0x00, 0x00, 0x00, 0x00, 0x00, 0x00, 0x00, 0x00,
  0x00, 0x7F, 0xFE, 0x00, 0x0F, 0x7E, 0x7C, 0x00, 0x00, 0x00, 0x00, 0x00,
  0x00, 0x00, 0x00, 0x00, 0xFF, 0xFF, 0x00, 0xFF, 0x1E, 0x3E, 0x00, 0x00,
  0x00, 0x00, 0x00, 0x00, 0x00, 0x00, 0x01, 0xFC, 0x0F, 0x83, 0xFF, 0x80,
  0x1E, 0x00, 0x00, 0x00, 0x00, 0x00, 0x00, 0x00, 0x00, 0x0F, 0xF8, 0x0F,
  0xFF, 0xFF, 0xC0, 0x1F, 0xE0, 0xFF, 0x00, 0x00, 0x00, 0x00, 0x00, 0x00,
  0x3F, 0xC0, 0x03, 0xFF, 0x83, 0xC0, 0x0F, 0xE0, 0xFF, 0x80, 0x00, 0x00,
  0x00, 0x00, 0x00, 0x7F, 0x00, 0x01, 0xF0, 0x00, 0x00, 0x03, 0xFF, 0xFF,
  0xC0, 0x00, 0x00, 0x00, 0x00, 0x01, 0xF8, 0x00, 0x01, 0xC0, 0x00, 0x00,
  0x03, 0xFF, 0xC3, 0xF0, 0x00, 0x00, 0x00, 0x00, 0x03, 0xF0, 0x00, 0x01,
  0xC0, 0x00, 0x00, 0x00, 0x3F, 0x81, 0xF8, 0x00, 0x00, 0x00, 0x00, 0x07,
  0xC0, 0x00, 0x60, 0x00, 0x00, 0x00, 0x00, 0x1C, 0x00, 0xFC, 0x00, 0x00,
  0x00, 0x00, 0x0F, 0x80, 0x00, 0x60, 0x00, 0x00, 0x00, 0x00, 0x08, 0x00,
  0x3C, 0x00, 0x00, 0x00, 0x00, 0x1F, 0x00, 0x00, 0xF8, 0x00, 0x00, 0x00,
  0x00, 0x00, 0x00, 0x1F, 0x00, 0x00, 0x00, 0x00, 0x1E, 0x00, 0x00, 0xF8,
  0x00, 0x00, 0x00, 0x00, 0x00, 0x00, 0x0F, 0x80, 0x00, 0x00, 0x00, 0x1C,
  0x00, 0x00, 0xE0, 0x00, 0x00, 0x00, 0x00, 0x00, 0xC0, 0x0F, 0x80, 0x00,
  0x00, 0x00, 0x3C, 0x00, 0x00, 0xE0, 0x00, 0x00, 0x00, 0x00, 0x00, 0xC0,
  0x03, 0xF0, 0x00, 0x00, 0x00, 0x38, 0x00, 0x01, 0xC0, 0x00, 0x00, 0x00,
  0x00, 0x01, 0xC0, 0x01, 0xFC, 0x00, 0x00, 0x00, 0x38, 0x00, 0x01, 0xC0,
  0x00, 0x00, 0x00, 0x00, 0x01, 0xC0, 0x01, 0xFC, 0x00, 0x00, 0x00, 0x38,
  0x00, 0x03, 0xC0, 0x00, 0x00, 0x00, 0x00, 0x01, 0xC0, 0x00, 0x3E, 0x00,
  0x00, 0x00, 0x38, 0x00, 0x03, 0x80, 0x00, 0x00, 0x00, 0x00, 0x01, 0xC0,
  0x00, 0x1E, 0x00, 0x00, 0x00, 0x3C, 0x00, 0x07, 0x80, 0x00, 0x00, 0x00,
  0x00, 0x01, 0xC0, 0x00, 0x0E, 0x00, 0x00, 0x00, 0x1C, 0x00, 0x07, 0x80,
  0x00, 0x00, 0x00, 0x00, 0x01, 0xC0, 0x00, 0x0E, 0x00, 0x00, 0x00, 0x1E,
  0x00, 0x0F, 0x00, 0x00, 0x00, 0x00, 0x00, 0x01, 0xC0, 0x00, 0x0E, 0x00,
  0x00, 0x00, 0x1E, 0x00, 0x1E, 0x00, 0x00, 0x00, 0x00, 0x00, 0x01, 0xE0,
  0x00, 0x0E, 0x00, 0x00, 0x00, 0x0E, 0x00, 0x1C, 0x00, 0x00, 0x00, 0x00,
  0x00, 0x00, 0xE0, 0x00, 0x0E, 0x00, 0x00, 0x00, 0x0F, 0x80, 0x3C, 0x04,
  0x00, 0x00, 0x00, 0x00, 0x00, 0xE0, 0x00, 0x3E, 0x00, 0x00, 0x00, 0x0F,
  0x80, 0x78, 0x0F, 0x00, 0x00, 0x00, 0x00, 0x00, 0xE0, 0x00, 0x3E, 0x00,
  0x00, 0x40, 0x07, 0xC0, 0xF0, 0x1F, 0x00, 0x00, 0x00, 0x00, 0x00, 0xF0,
  0x00, 0x3C, 0x00, 0x00, 0x60, 0x03, 0xE1, 0xF0, 0x1F, 0x00, 0x00, 0x00,
  0x1E, 0x00, 0xF0, 0x00, 0x7C, 0x00, 0x00, 0x60, 0x01, 0xFF, 0xE0, 0x00,
  0x00, 0x00, 0x00, 0x1F, 0x00, 0x78, 0x00, 0xF8, 0x00, 0x00, 0xE0, 0x00,
  0xFF, 0x80, 0x00, 0x00, 0x00, 0x00, 0x1F, 0x00, 0x78, 0x01, 0xF0, 0x00,
  0x01, 0xF0, 0x00, 0x7F, 0x00, 0x00, 0x00, 0x00, 0x00, 0x03, 0x00, 0x3C,
  0x01, 0xE0, 0x00, 0x01, 0xF8, 0x00, 0x0E, 0x00, 0x00, 0x00, 0x00, 0x00,
  0x00, 0x00, 0x3F, 0x07, 0xC0, 0x00, 0x03, 0xBC, 0x00, 0x1E, 0x00, 0x00,
  0x00, 0x00, 0x00, 0x00, 0x00, 0x0F, 0xFF, 0x80, 0x00, 0x07, 0x9F, 0x00,
  0x1E, 0x00, 0x7C, 0x00, 0x00, 0x00, 0x00, 0x00, 0x0F, 0xFF, 0x00, 0x00,
  0x07, 0x9F, 0x00, 0x1E, 0x01, 0xFF, 0x00, 0x00, 0x00, 0x00, 0x00, 0x03,
  0xFE, 0x00, 0x00, 0x07, 0xF8, 0x00, 0x1E, 0x03, 0xFF, 0x00, 0x00, 0x00,
  0x00, 0x00, 0x01, 0xFC, 0x00, 0x00, 0x01, 0xF0, 0x00, 0x3E, 0x07, 0xFF,
  0x80, 0x00, 0x00, 0x1F, 0xC0, 0x00, 0x38, 0x00, 0x00, 0x01, 0xF0, 0x00,
  0x3C, 0x0F, 0xF3, 0xE0, 0x00, 0x00, 0x3F, 0xF0, 0x00, 0x38, 0x00, 0x00,
  0x00, 0x60, 0x00, 0x38, 0x0F, 0xC1, 0xE0, 0x00, 0x00, 0x7F, 0xF8, 0x00,
  0x38, 0x00, 0x00, 0x00, 0x60, 0x00, 0x38, 0x1F, 0xC1, 0xE0, 0x00, 0x00,
  0xF3, 0xF8, 0x00, 0x38, 0x00, 0x00, 0x00, 0x60, 0x00, 0x38, 0x1F, 0xE3,
  0xE1, 0xFE, 0x01, 0xE3, 0xFC, 0x00, 0x38, 0x00, 0x00, 0x00, 0x40, 0x00,
  0x38, 0x1F, 0xFF, 0xEF, 0xFF, 0x81, 0xE1, 0xFE, 0x00, 0x38, 0x00, 0x00,
  0x00, 0x00, 0x00, 0x38, 0x1F, 0xFF, 0xFF, 0xFF, 0xC1, 0xE1, 0xFE, 0x00,
  0x38, 0x00, 0x00, 0x00, 0x00, 0x00, 0x78, 0x1F, 0xFF, 0xFF, 0x03, 0xE1,
  0xF3, 0xF6, 0x00, 0x38, 0x00, 0x00, 0x00, 0x00, 0x00, 0xF8, 0x1F, 0xFF,
  0xF8, 0x00, 0xF1, 0xFF, 0xF6, 0x00, 0x38, 0x00, 0x00, 0x00, 0x00, 0x00,
  0xF8, 0x1D, 0xFF, 0xF0, 0x00, 0x79, 0xFF, 0xF6, 0x00, 0x38, 0x00, 0x00,
  0x00, 0x00, 0x00, 0xF0, 0x0F, 0xFF, 0xF3, 0x02, 0x39, 0xFF, 0xF6, 0x00,
  0x38, 0x00, 0x00, 0x00, 0x00, 0x00, 0xE0, 0x0F, 0xFF, 0xE7, 0x87, 0x3D,
  0xFF, 0xFE, 0x00, 0x78, 0x00, 0x00, 0x00, 0x00, 0x00, 0xF0, 0x07, 0xFF,
  0xE7, 0x87, 0x9C, 0x7F, 0xFC, 0x00, 0x70, 0x00, 0x00, 0x00, 0x00, 0x00,
  0xF1, 0xC0, 0xFC, 0xE7, 0x87, 0x1C, 0x7F, 0xDC, 0x00, 0x70, 0x00, 0x00,
  0x00, 0x00, 0x00, 0xFF, 0x80, 0x00, 0xE3, 0x07, 0x1C, 0x1F, 0xF8, 0x00,
  0x70, 0x0C, 0x00, 0x00, 0x00, 0x00, 0x7F, 0x00, 0x00, 0xF3, 0x02, 0x1C,
  0x0F, 0xB0, 0x00, 0xF0, 0x0C, 0x00, 0x00, 0x00, 0x00, 0x3E, 0x00, 0x00,
  0xF8, 0x00, 0x3C, 0x00, 0x00, 0x00, 0xE0, 0x0C, 0x00, 0x00, 0x00, 0x00,
  0x3C, 0x00, 0x00, 0x3C, 0x00, 0xF8, 0x00, 0x00, 0x01, 0xE0, 0x1E, 0x00,
  0x00, 0x00, 0x00, 0x1E, 0x00, 0x00, 0x3F, 0xFF, 0xF8, 0x00, 0x0F, 0x01,
  0xC0, 0x1E, 0x00, 0x00, 0x00, 0x00, 0x1F, 0x00, 0x00, 0x0F, 0xFF, 0xE0,
  0x00, 0x07, 0x83, 0xC0, 0x7F, 0x80, 0x00, 0x00, 0x00, 0x07, 0x80, 0x00,
  0x01, 0xFF, 0xC0, 0x00, 0x03, 0x87, 0xC1, 0xF7, 0xE0, 0x00, 0x00, 0x00,
  0x07, 0x80, 0x00, 0x01, 0xFF, 0xC0, 0x00, 0x00, 0x8F, 0x01, 0xE3, 0xE0,
  0x00, 0x00, 0x00, 0x03, 0xE0, 0x00, 0x03, 0xE1, 0xC0, 0x00, 0x01, 0x9E,
  0x00, 0xFF, 0x80, 0x00, 0x00, 0x00, 0x01, 0xF8, 0x00, 0x01, 0xC3, 0xC0,
  0x00, 0x00, 0x7E, 0x00, 0xFF, 0x80, 0x00, 0x00, 0x00, 0x00, 0xFE, 0x00,
  0x00, 0xE7, 0x80, 0x00, 0x01, 0xFF, 0x00, 0x3E, 0x00, 0x00, 0x00, 0x00,
  0x00, 0x3F, 0x80, 0x00, 0xFF, 0x00, 0x00, 0x07, 0xFF, 0x80, 0x1E, 0x00,
  0x00, 0x00, 0x00, 0x00, 0x0F, 0xC0, 0x00, 0x7F, 0x00, 0x00, 0x07, 0xE3,
  0xC0, 0x0C, 0x00, 0x00, 0x00, 0x00, 0x00, 0x0F, 0xF8, 0x00, 0x3E, 0x00,
  0x00, 0x3F, 0xC3, 0xF0, 0x0C, 0x00, 0x00, 0x00, 0x00, 0x00, 0x01, 0xFE,
  0x00, 0x00, 0x00, 0x03, 0xFF, 0x01, 0xF0, 0x0C, 0x00, 0x00, 0x00, 0x00,
  0x00, 0x00, 0x7F, 0x00, 0x00, 0x00, 0x03, 0xF8, 0x00, 0xF0, 0x00, 0x00,
  0x00, 0x00, 0x00, 0x00, 0x00, 0x7F, 0x00, 0x00, 0x00, 0x01, 0xF0, 0x00,
  0x78, 0x00, 0x00, 0x00, 0x00, 0x00, 0x00, 0x00, 0x72, 0x00, 0x00, 0x00,
  0x00, 0x00, 0x00, 0x38, 0x00, 0x00, 0x00, 0x00, 0x00, 0x00, 0x00, 0x78,
  0x00, 0x00, 0x00, 0x00, 0x00, 0x00, 0x38, 0x00, 0x00, 0x00, 0x00, 0x00,
  0x00, 0x00, 0x38, 0x00, 0x00, 0x00, 0x00, 0x00, 0x00, 0x3C, 0x00, 0x00,
  0x00, 0x00, 0x00, 0x00, 0x00, 0x78, 0x00, 0x00, 0x00, 0x00, 0x00, 0x00,
  0x1C, 0x00, 0x00, 0x00, 0x00, 0x00, 0x00, 0x00, 0x78, 0x00, 0x00, 0x00,
  0x00, 0x00, 0x00, 0x1C, 0x00, 0x00, 0x00, 0x00, 0x00, 0x00, 0x00, 0x78,
  0x00, 0x00, 0x00, 0x00, 0x00, 0x00, 0x1C, 0x00, 0x00, 0x00, 0x00, 0x00,
  0x00, 0x00, 0x78, 0x00, 0x00, 0x00, 0x00, 0x00, 0x00, 0x0C, 0x00, 0x00,
  0x00, 0x00, 0x00, 0x00, 0x00, 0x7C, 0x00, 0x00, 0x00, 0x00, 0x00, 0x00,
  0x0F, 0x00, 0x00, 0x00, 0x00, 0x00, 0x00, 0x00, 0x3C, 0x00, 0x00, 0x00,
  0x00, 0x00, 0x00, 0x0F, 0x00, 0x00, 0x00, 0x00, 0x00, 0x00, 0x00, 0x3C,
  0x00, 0x00, 0x00, 0x00, 0x00, 0x00, 0x0F, 0x00, 0x00, 0x00, 0x00, 0x00,
  0x00, 0x00, 0x3C, 0x00, 0x00, 0x00, 0x00, 0x00, 0x00, 0x0F, 0x00, 0x00,
  0x00, 0x00, 0x00, 0x00, 0x00, 0x3E, 0x00, 0x00, 0x00, 0x00, 0x00, 0x00,
  0x0F, 0x00, 0x00, 0x00, 0x00, 0x00, 0x00, 0x00, 0x1E, 0x00, 0x00, 0x00,
  0x00, 0x00, 0x00, 0x0F, 0x00, 0x00, 0x00, 0x00, 0x00, 0x00, 0x00, 0x0E,
  0x06, 0x00, 0x00, 0x00, 0x00, 0x00, 0x0F, 0x00, 0x00, 0x00, 0x00, 0x00,
  0x00, 0x00, 0x0E, 0x07, 0x00, 0x00, 0x00, 0x00, 0x00, 0x0F, 0x00, 0x00,
  0x00, 0x00, 0x00, 0x00, 0x00, 0x0E, 0x07, 0x81, 0x80, 0x00, 0xCC, 0x00,
  0x1F, 0x00, 0x00, 0x00, 0x00, 0x00, 0x00, 0x00, 0x0E, 0x07, 0xC3, 0xC0,
  0x01, 0xCC, 0x00, 0x1E, 0x00, 0x00, 0x00, 0x00, 0x00, 0x00, 0x00, 0x0F,
  0x01, 0xF1, 0xC0, 0x01, 0xCC, 0x00, 0x1C, 0x00, 0x00, 0x00, 0x00, 0x00,
  0x00, 0x00, 0x0F, 0x00, 0xFF, 0xC0, 0x03, 0xCE, 0x00, 0x1C, 0x00, 0x00,
  0x00, 0x00, 0x00, 0x00, 0x00, 0x07, 0x00, 0x7F, 0xC0, 0x03, 0x8F, 0x00,
  0x3C, 0x00, 0x00, 0x00, 0x00, 0x00, 0x00, 0x00, 0x07, 0x00, 0x7F, 0xC0,
  0x03, 0xFF, 0x80, 0x3C, 0x00, 0x00, 0x00, 0x00, 0x00, 0x00, 0x00, 0x07,
  0x00, 0x7F, 0xC0, 0x07, 0xFF, 0xC0, 0x38, 0x00, 0x00, 0x00, 0x00, 0x00,
  0x00, 0x00, 0x07, 0x80, 0x71, 0xC0, 0x0F, 0xFF, 0xC0, 0x78, 0x00, 0x00,
  0x00, 0x00, 0x00, 0x00, 0x00, 0x07, 0xFF, 0xE3, 0xE0, 0x1F, 0xF1, 0xFF,
  0xF0, 0x00, 0x00, 0x00, 0x00, 0x00, 0x00, 0x00, 0x07, 0xFF, 0xE1, 0xFF,
  0xFF, 0xE1, 0xFF, 0xF0, 0x00, 0x00, 0x00, 0x00, 0x00, 0x00, 0x00, 0x07,
  0xF3, 0xE1, 0xFF, 0xFF, 0xC1, 0xFF, 0xE0, 0x00, 0x00, 0x00, 0x00, 0x00,
  0x00, 0x00, 0x01, 0xFF, 0xC1, 0xDF, 0xFC, 0x01, 0xFF, 0xC0, 0x00, 0x00,
  0x00, 0x00, 0x00, 0x00, 0x00, 0x00, 0xFF, 0x01, 0xFC, 0xFC, 0x01, 0xFF,
  0x80, 0x00, 0x00, 0x00, 0x00, 0x00, 0x00, 0x00, 0x00, 0x7E, 0x01, 0xFF,
  0xF8, 0x00, 0xFC, 0x00, 0x00, 0x00, 0x00, 0x00, 0x00, 0x00, 0x00, 0x00,
  0x00, 0x00, 0xFF, 0xE0, 0x00, 0x00, 0x00, 0x00, 0x00, 0x00, 0x00, 0x00,
  0x00, 0x00, 0x00, 0x00, 0x00, 0x00, 0x00, 0x00, 0x00, 0x00, 0x00, 0x00,
  0x00, 0x00, 0x00, 0x00, 0x00, 0x00, 0x00, 0x00, 0x00, 0x00, 0x00, 0x00,
  0x00, 0x00, 0x00, 0x00, 0x00, 0x00, 0x00, 0x00, 0x00, 0x00, 0x00, 0x00,
  0x00, 0x00, 0x00, 0x00, 0x00, 0x00, 0x00, 0x00, 0x00, 0x00, 0x00, 0x00,
  0x00, 0x00, 0x00, 0x00, 0x00, 0x00, 0x00, 0x00, 0x00, 0x00, 0x00, 0x00,
  0x00, 0x00, 0x00, 0x00, 0x00, 0x00, 0x00, 0x00, 0x00, 0x00, 0x00, 0x00,
  0x00, 0x00, 0x00, 0x00, 0x00, 0x00, 0x00, 0x00, 0x00, 0x00, 0x00, 0x00,
  0x00, 0x00, 0x00, 0x00, 0x00, 0x00, 0x00, 0x00, 0x00, 0x00, 0x00, 0x00,
  0x00, 0x00, 0x00, 0x00, 0x00, 0x00, 0x00, 0x00, 0x00, 0x00, 0x00, 0x00,
  0x00, 0x00, 0x00, 0x00, 0x00, 0x00, 0x00, 0x00, 0x00, 0x00, 0x00, 0x00,
  0x00, 0x00, 0x00, 0x00, 0x00, 0x00, 0x00, 0x00, 0x00, 0x00, 0x00, 0x00,
};

const uint8_t PIG_IDLE_PERK_BITMAP[] BITMAP_PROGMEM = {
  0x00, 0x00, 0x00, 0x00, 0x00, 0x00, 0x00, 0x00, 0x00, 0x00, 0x00, 0x00,
  0x00, 0x00, 0x00, 0x00, 0x00, 0x00, 0x00, 0x00, 0x00, 0x00, 0x00, 0x00,
  0x00, 0x00, 0x00, 0x00, 0x00, 0x00, 0x00, 0x00, 0x00, 0x00, 0x00, 0x00,
  0x00, 0x00, 0x00, 0x00, 0x00, 0x00, 0x00, 0x00, 0x00, 0x00, 0x00, 0x00,
  0x00, 0x00, 0x00, 0x00, 0x00, 0x00, 0x00, 0x00, 0x00, 0x00, 0x00, 0x00,
  0x00, 0x00, 0x00, 0x00, 0x00, 0x00, 0x00, 0x00, 0x00, 0x00, 0x00, 0x00,
  0x00, 0x00, 0x00, 0x00, 0x00, 0x00, 0x00, 0x00, 0x00, 0x00, 0x00, 0x00,
  0x00, 0x00, 0x00, 0x00, 0x00, 0x00, 0x00, 0x00, 0x00, 0x00, 0x00, 0x00,
  0x00, 0x00, 0x00, 0x00, 0x00, 0x00, 0x00, 0x00, 0x00, 0x00, 0x00, 0x00,
  0x00, 0x00, 0x00, 0x00, 0x00, 0x00, 0x00, 0x00, 0x00, 0x00, 0x00, 0x00,
  0x00, 0x00, 0x00, 0x00, 0x00, 0x00, 0x00, 0x00, 0x00, 0x00, 0x00, 0x00,
  0x00, 0x00, 0x00, 0x00, 0x00, 0x00, 0x00, 0x00, 0x00, 0x00, 0x1C, 0x00,
  0x00, 0x00, 0x00, 0x00, 0x00, 0x00, 0x00, 0x00, 0x00, 0x00, 0x00, 0x00,
  0x00, 0x1F, 0x80, 0x00, 0x00, 0x00, 0x00, 0x00, 0x00, 0x00, 0x00, 0x00,
  0x00, 0x00, 0x00, 0x0F, 0xFF, 0x80, 0x00, 0x00, 0x00, 0x00, 0x00, 0x00,
  0x00, 0x00, 0x00, 0x1F, 0xE0, 0x00, 0x1F, 0xFF, 0xE0, 0x00, 0x00, 0x00,
  0x00, 0x00, 0x00, 0x00, 0x00, 0x01, 0xFF, 0xFC, 0x00, 0x1F, 0xF9, 0xF0,
  0x00, 0x00, 0x00, 0x00, 0x00, 0x00, 0x00, 0x00, 0x07, 0xFF, 0xFE, 0x00,
  0x1C, 0xF8, 0xF8, 0x00, 0x00, 0x00, 0x00, 0x00, 0x00, 0x00, 0x00, 0x07,
  0xF8, 0x3F, 0x03, 0xFC, 0x1C, 0x7C, 0x00, 0x00, 0x00, 0x00, 0x00, 0x00,
  0x00, 0x00, 0x1F, 0x80, 0x0F, 0xBF, 0xFE, 0x00, 0x3C, 0x00, 0x00, 0x00,
  0x00, 0x00, 0x00, 0x00, 0x01, 0xFF, 0x80, 0x07, 0xFF, 0xFF, 0x00, 0x3F,
  0x80, 0x00, 0x00, 0x00, 0x00, 0x00, 0x00, 0x01, 0xFC, 0x00, 0x03, 0xFE,
  0x07, 0x80, 0x1F, 0x83, 0xFC, 0x00, 0x00, 0x00, 0x00, 0x00, 0x07, 0xF8,
  0x00, 0x03, 0xFC, 0x03, 0x80, 0x0F, 0xFF, 0xFF, 0x00, 0x00, 0x00, 0x00,
  0x00, 0x1F, 0xC0, 0x00, 0x03, 0xC0, 0x00, 0x00, 0x07, 0xFF, 0xFF, 0x80,
  0x00, 0x00, 0x00, 0x00, 0x3F, 0x00, 0x00, 0x40, 0x00, 0x00, 0x00, 0x00,
  0xFE, 0x07, 0xC0, 0x00, 0x00, 0x00, 0x00, 0x3C, 0x00, 0x00, 0xE0, 0x00,
  0x00, 0x00, 0x00, 0x78, 0x03, 0xE0, 0x00, 0x00, 0x00, 0x00, 0x78, 0x00,
  0x00, 0xF0, 0x00, 0x00, 0x00, 0x00, 0x30, 0x00, 0xF0, 0x00, 0x00, 0x00,
  0x00, 0x78, 0x00, 0x01, 0xF0, 0x00, 0x00, 0x00, 0x00, 0x00, 0x00, 0xF8,
  0x00, 0x00, 0x00, 0x00, 0x70, 0x00, 0x01, 0xF0, 0x00, 0x00, 0x00, 0x00,
  0x00, 0x00, 0x7C, 0x00, 0x00, 0x00, 0x00, 0x70, 0x00, 0x01, 0xE0, 0x00,
  0x00, 0x00, 0x00, 0x03, 0x00, 0x3F, 0x00, 0x00, 0x00, 0x00, 0x70, 0x00,
  0x03, 0xE0, 0x00, 0x00, 0x00, 0x00, 0x07, 0x00, 0x1F, 0xC0, 0x00, 0x00,
  0x00, 0x70, 0x00, 0x03, 0xC0, 0x00, 0x00, 0x00, 0x00, 0x07, 0x00, 0x0F,
  0xE0, 0x00, 0x00, 0x00, 0x78, 0x00, 0x03, 0x80, 0x00, 0x00, 0x00, 0x00,
  0x07, 0x00, 0x03, 0xF8, 0x00, 0x00, 0x00, 0x38, 0x00, 0x07, 0x80, 0x00,
  0x00, 0x00, 0x00, 0x07, 0x00, 0x00, 0xF8, 0x00, 0x00, 0x00, 0x3C, 0x00,
  0x07, 0x00, 0x00, 0x00, 0x00, 0x00, 0x07, 0x00, 0x00, 0x78, 0x00, 0x00,
  0x00, 0x3E, 0x00, 0x0F, 0x00, 0x00, 0x00, 0x00, 0x00, 0x07, 0x00, 0x00,
  0x7C, 0x00, 0x00, 0x00, 0x1E, 0x00, 0x1E, 0x00, 0x00, 0x00, 0x00, 0x00,
  0x07, 0x00, 0x00, 0x3C, 0x00, 0x00, 0x00, 0x1F, 0x00, 0x3E, 0x00, 0x00,
  0x00, 0x00, 0x00, 0x07, 0x00, 0x00, 0x3C, 0x00, 0x00, 0x00, 0x07, 0x80,
  0x7C, 0x00, 0x00, 0x00, 0x00, 0x00, 0x07, 0x80, 0x00, 0x3C, 0x00, 0x00,
  0x00, 0x07, 0xC0, 0xF8, 0x00, 0x00, 0x00, 0x00, 0x00, 0x03, 0x80, 0x00,
  0x3C, 0x00, 0x00, 0x00, 0x03, 0xFF, 0xF0, 0x06, 0x00, 0x00, 0x00, 0x00,
  0x03, 0x80, 0x00, 0x3C, 0x00, 0x00, 0x04, 0x01, 0xFF, 0xE0, 0x07, 0x00,
  0x00, 0x00, 0x00, 0x03, 0x80, 0x00, 0x7C, 0x00, 0x00, 0x00, 0x00, 0xFF,
  0xC0, 0x0F, 0x80, 0x00, 0x00, 0x00, 0x03, 0xE0, 0x00, 0x7C, 0x0E, 0x00,
  0x00, 0x00, 0x7F, 0x00, 0x0F, 0x00, 0x00, 0x00, 0x00, 0x01, 0xE0, 0x00,
  0xF0, 0x1E, 0x00, 0x00, 0x00, 0x0E, 0x00, 0x00, 0x00, 0x00, 0x00, 0x0E,
  0x01, 0xF0, 0x00, 0xF8, 0x7C, 0x00, 0x00, 0x00, 0x1E, 0x00, 0x00, 0x00,
  0x00, 0x00, 0x0F, 0x80, 0xF0, 0x01, 0xE0, 0xF8, 0x00, 0x00, 0x00, 0x3E,
  0x00, 0x00, 0x00, 0x00, 0x00, 0x0F, 0x80, 0x7C, 0x03, 0xC0, 0xF0, 0x00,
  0x00, 0x00, 0x1E, 0x00, 0x00, 0x00, 0x00, 0x00, 0x01, 0x00, 0x7F, 0x0F,
  0xC0, 0x00, 0x00, 0x00, 0x00, 0x1C, 0x00, 0x00, 0x00, 0x00, 0x00, 0x00,
  0x00, 0x3F, 0xFF, 0x80, 0x00, 0x00, 0x00, 0x00, 0x3C, 0x00, 0x00, 0x00,
  0x00, 0x00, 0x00, 0x00, 0x1F, 0xFE, 0x00, 0x00, 0x00, 0x00, 0x00, 0x1C,
  0x00, 0x00, 0x00, 0x00, 0x00, 0x00, 0x00, 0x07, 0xFC, 0x00, 0x00, 0x00,
  0x00, 0x00, 0x7C, 0x00, 0x00, 0x00, 0x00, 0x00, 0x00, 0x00, 0x03, 0xF8,
  0x00, 0x1F, 0x00, 0x00, 0x00, 0x7C, 0x00, 0x00, 0x00, 0x00, 0x00, 0x00,
  0x00, 0x00, 0x70, 0x00, 0xFF, 0x00, 0x00, 0x00, 0x78, 0x00, 0x3F, 0x00,
  0x00, 0x00, 0x00, 0x00, 0x00, 0x70, 0x00, 0xFC, 0x00, 0x00, 0x00, 0x78,
  0x00, 0xFF, 0x80, 0x00, 0x00, 0x00, 0x00, 0x00, 0x70, 0x00, 0xF8, 0x00,
  0x00, 0x00, 0x78, 0x01, 0xFF, 0xE0, 0x00, 0x00, 0x00, 0x00, 0x00, 0x70,
  0x00, 0x00, 0x00, 0x00, 0x00, 0x78, 0x03, 0xFF, 0xE0, 0x00, 0x00, 0x00,
  0x00, 0x00, 0x70, 0x00, 0x00, 0x00, 0x00, 0x00, 0x78, 0x03, 0xE3, 0xF0,
  0xFF, 0x00, 0x0F, 0xC0, 0x00, 0x70, 0x00, 0x00, 0x00, 0x00, 0x00, 0xF0,
  0x07, 0xE1, 0xF3, 0xFF, 0xE0, 0x3F, 0xF0, 0x00, 0x70, 0x00, 0x00, 0x00,
  0x00, 0x00, 0xF0, 0x07, 0x80, 0xF7, 0xFF, 0xE0, 0x7F, 0xF8, 0x00, 0x70,
  0x00, 0x00, 0x00, 0x00, 0x00, 0xF0, 0x03, 0x80, 0x7F, 0x81, 0xF8, 0xFF,
  0xFC, 0x00, 0x70, 0x00, 0x00, 0x00, 0x00, 0x00, 0xF2, 0x00, 0x00, 0x1E,
  0x00, 0x7C, 0xF8, 0x7E, 0x00, 0x70, 0x00, 0x00, 0x00, 0x00, 0x00, 0xE7,
  0x80, 0x00, 0x3C, 0x00, 0x3C, 0xF0, 0x3C, 0x00, 0x70, 0x00, 0x00, 0x00,
  0x00, 0x00, 0xEF, 0x80, 0x00, 0x38, 0xC1, 0x9C, 0xE0, 0x3E, 0x00, 0x70,
  0x00, 0x00, 0x00, 0x00, 0x00, 0xEF, 0x80, 0x00, 0x31, 0xC3, 0xDE, 0x00,
  0x1C, 0x01, 0xE0, 0x00, 0x00, 0x00, 0x00, 0x00, 0xF0, 0x00, 0x00, 0x3B,
  0xE3, 0xCE, 0x00, 0x00, 0x01, 0xE0, 0x00, 0x00, 0x00, 0x00, 0x00, 0xF8,
  0x00, 0x00, 0x39, 0xC3, 0xCE, 0x00, 0x00, 0x00, 0xE0, 0x00, 0x00, 0x00,
  0x00, 0x00, 0x78, 0x00, 0x00, 0x38, 0xC3, 0x8E, 0x00, 0x00, 0x01, 0xE0,
  0x00, 0x00, 0x00, 0x00, 0x00, 0x3C, 0x00, 0x00, 0x3C, 0x01, 0x8E, 0x00,
  0x00, 0x03, 0xC0, 0x00, 0x00, 0x00, 0x00, 0x00, 0x1E, 0x00, 0x00, 0x1E,
  0x00, 0x1E, 0x00, 0x00, 0x03, 0xC0, 0x00, 0x70, 0x00, 0x00, 0x00, 0x1E,
  0x00, 0x00, 0x0F, 0xC0, 0x7C, 0x00, 0x00, 0x07, 0xC0, 0x00, 0x78, 0x00,
  0x00, 0x00, 0x0F, 0x00, 0x00, 0x07, 0xFF, 0xFC, 0x00, 0x03, 0x87, 0x00,
  0x00, 0x3C, 0xC0, 0x00, 0x00, 0x0F, 0x80, 0x00, 0x03, 0xFF, 0xF8, 0x00,
  0x03, 0xCF, 0x00, 0x7C, 0x1C, 0xE0, 0x00, 0x00, 0x07, 0xC0, 0x00, 0x01,
  0xFF, 0xE0, 0x00, 0x00, 0xDE, 0x00, 0xFE, 0x1E, 0x60, 0x00, 0x00, 0x03,
  0xE0, 0x00, 0x01, 0xFF, 0xC0, 0x00, 0x00, 0x1F, 0x81, 0xFF, 0x0E, 0x60,
  0x00, 0x00, 0x00, 0xF8, 0x00, 0x01, 0xC1, 0xC0, 0x00, 0x00, 0x7F, 0x83,
  0xD7, 0x8E, 0x60, 0x00, 0x00, 0x00, 0xFC, 0x00, 0x01, 0xC1, 0xC0, 0x00,
  0x00, 0xFF, 0xC3, 0xFF, 0xCE, 0x60, 0x00, 0x00, 0x00, 0x3F, 0x80, 0x00,
  0xE3, 0x80, 0x00, 0x07, 0xF3, 0xF3, 0xFB, 0xCE, 0xE0, 0x00, 0x00, 0x00,
  0x0F, 0x80, 0x00, 0xFF, 0x80, 0x00, 0x07, 0xC1, 0xF3, 0xFF, 0xCE, 0xC0,
  0x00, 0x00, 0x00, 0x0F, 0xF0, 0x00, 0xFF, 0x00, 0x00, 0x3F, 0xC0, 0xFB,
  0xFF, 0xDC, 0x00, 0x00, 0x00, 0x00, 0x03, 0xFC, 0x00, 0x3E, 0x00, 0x00,
  0xFF, 0x00, 0x7D, 0xFF, 0x98, 0x00, 0x00, 0x00, 0x00, 0x00, 0xFE, 0x00,
  0x00, 0x00, 0x01, 0xFE, 0x00, 0x3E, 0x7F, 0x00, 0x00, 0x00, 0x00, 0x00,
  0x00, 0xFC, 0x00, 0x00, 0x00, 0x00, 0xF8, 0x00, 0x1E, 0x3F, 0x00, 0x00,
  0x00, 0x00, 0x00, 0x00, 0xE0, 0x00, 0x00, 0x00, 0x00, 0x00, 0x00, 0x1F,
  0x3E, 0x00, 0x00, 0x00, 0x00, 0x00, 0x00, 0xE0, 0x00, 0x00, 0x00, 0x00,
  0x00, 0x00, 0x1F, 0x7C, 0x00, 0x00, 0x00, 0x00, 0x00, 0x00, 0xE0, 0x00,
  0x00, 0x00, 0x00, 0x00, 0x00, 0x07, 0xF8, 0x00, 0x00, 0x00, 0x00, 0x00,
  0x00, 0x70, 0x00, 0x00, 0x00, 0x00, 0x00, 0x00, 0x07, 0xF0, 0x00, 0x00,
  0x00, 0x00, 0x00, 0x00, 0x70, 0x00, 0x00, 0x00, 0x00, 0x00, 0x00, 0x07,
  0xC0, 0x00, 0x00, 0x00, 0x00, 0x00, 0x00, 0x70, 0x00, 0x00, 0x00, 0x00,
  0x00, 0x00, 0x07, 0x00, 0x00, 0x00, 0x00, 0x00, 0x00, 0x00, 0x70, 0x00,
  0x00, 0x00, 0x00, 0x00, 0x00, 0x03, 0x80, 0x00, 0x00, 0x00, 0x00, 0x00,
  0x00, 0x78, 0x00, 0x00, 0x00, 0x00, 0x00, 0x00, 0x03, 0x80, 0x00, 0x00,
  0x00, 0x00, 0x00, 0x00, 0x38, 0x00, 0x00, 0x00, 0x00, 0x00, 0x00, 0x03,
  0x80, 0x00, 0x00, 0x00, 0x00, 0x00, 0x00, 0x38, 0x00, 0x00, 0x00, 0x00,
  0x00, 0x00, 0x03, 0x80, 0x00, 0x00, 0x00, 0x00, 0x00, 0x00, 0x38, 0x00,
  0x00, 0x00, 0x00, 0x00, 0x00, 0x03, 0x80, 0x00, 0x00, 0x00, 0x00, 0x00,
  0x00, 0x3C, 0x00, 0x00, 0x00, 0x00, 0x00, 0x00, 0x03, 0x80, 0x00, 0x00,
  0x00, 0x00, 0x00, 0x00, 0x3E, 0x00, 0x00, 0x00, 0x00, 0x00, 0x00, 0x03,
  0x80, 0x00, 0x00, 0x00, 0x00, 0x00, 0x00, 0x1E, 0x00, 0x00, 0x00, 0x00,
  0x00, 0x00, 0x03, 0x80, 0x00, 0x00, 0x00, 0x00, 0x00, 0x00, 0x1E, 0x06,
  0x00, 0x00, 0x00, 0x00, 0x00, 0x03, 0x80, 0x00, 0x00, 0x00, 0x00, 0x00,
  0x00, 0x1E, 0x07, 0x80, 0x00, 0x00, 0x00, 0x00, 0x03, 0x80, 0x00, 0x00,
  0x00, 0x00, 0x00, 0x00, 0x1E, 0x07, 0x81, 0x80, 0x00, 0xE6, 0x00, 0x07,
  0x80, 0x00, 0x00, 0x00, 0x00, 0x00, 0x00, 0x1E, 0x03, 0xC1, 0xC0, 0x00,
  0xE6, 0x00, 0x07, 0x00, 0x00, 0x00, 0x00, 0x00, 0x00, 0x00, 0x1F, 0x01,
  0xF1, 0xC0, 0x00, 0xEE, 0x00, 0x07, 0x00, 0x00, 0x00, 0x00, 0x00, 0x00,
  0x00, 0x0F, 0x00, 0xFF, 0xC0, 0x01, 0xE7, 0x00, 0x07, 0x00, 0x00, 0x00,
  0x00, 0x00, 0x00, 0x00, 0x07, 0x00, 0x7F, 0xC0, 0x03, 0xC7, 0x80, 0x0F,
  0x00, 0x00, 0x00, 0x00, 0x00, 0x00, 0x00, 0x07, 0x00, 0x7F, 0xC0, 0x01,
  0xFF, 0xC0, 0x1F, 0x00, 0x00, 0x00, 0x00, 0x00, 0x00, 0x00, 0x07, 0x00,
  0x73, 0xC0, 0x07, 0xFF, 0xE0, 0x1C, 0x00, 0x00, 0x00, 0x00, 0x00, 0x00,
  0x00, 0x07, 0x80, 0x71, 0xC0, 0x07, 0xFF, 0xE0, 0x3C, 0x00, 0x00, 0x00,
  0x00, 0x00, 0x00, 0x00, 0x07, 0xFF, 0xF1, 0xE0, 0x0F, 0xF8, 0xFF, 0xFC,
  0x00, 0x00, 0x00, 0x00, 0x00, 0x00, 0x00, 0x07, 0xFF, 0xE1, 0xFF, 0xFF,
  0xF1, 0xFF, 0xF8, 0x00, 0x00, 0x00, 0x00, 0x00, 0x00, 0x00, 0x07, 0xF3,
  0xE1, 0xFF, 0xFF, 0xE0, 0xFF, 0xF0, 0x00, 0x00, 0x00, 0x00, 0x00, 0x00,
  0x00, 0x01, 0xFF, 0xC1, 0xFF, 0xFE, 0x00, 0xFF, 0xE0, 0x00, 0x00, 0x00,
  0x00, 0x00, 0x00, 0x00, 0x00, 0x7F, 0x01, 0xFC, 0x7C, 0x00, 0xFF, 0xC0,
  0x00, 0x00, 0x00, 0x00, 0x00, 0x00, 0x00, 0x00, 0x7F, 0x01, 0xFF, 0xF8,
  0x00, 0x7E, 0x00, 0x00, 0x00, 0x00, 0x00, 0x00, 0x00, 0x00, 0x00, 0x00,
  0x00, 0x7F, 0xF0, 0x00, 0x00, 0x00, 0x00, 0x00, 0x00, 0x00, 0x00, 0x00,
  0x00, 0x00, 0x00, 0x00, 0x00, 0x00, 0x00, 0x00, 0x00, 0x00, 0x00, 0x00,
  0x00, 0x00, 0x00, 0x00, 0x00, 0x00, 0x00, 0x00, 0x00, 0x00, 0x00, 0x00,
  0x00, 0x00, 0x00, 0x00, 0x00, 0x00, 0x00, 0x00, 0x00, 0x00, 0x00, 0x00,
  0x00, 0x00, 0x00, 0x00, 0x00, 0x00, 0x00, 0x00, 0x00, 0x00, 0x00, 0x00,
  0x00, 0x00, 0x00, 0x00, 0x00, 0x00, 0x00, 0x00, 0x00, 0x00, 0x00, 0x00,
  0x00, 0x00, 0x00, 0x00, 0x00, 0x00, 0x00, 0x00, 0x00, 0x00, 0x00, 0x00,
  0x00, 0x00, 0x00, 0x00, 0x00, 0x00, 0x00, 0x00, 0x00, 0x00, 0x00, 0x00,
  0x00, 0x00, 0x00, 0x00, 0x00, 0x00, 0x00, 0x00, 0x00, 0x00, 0x00, 0x00,
  0x00, 0x00, 0x00, 0x00, 0x00, 0x00, 0x00, 0x00, 0x00, 0x00, 0x00, 0x00,
  0x00, 0x00, 0x00, 0x00, 0x00, 0x00, 0x00, 0x00, 0x00, 0x00, 0x00, 0x00,
  0x00, 0x00, 0x00, 0x00, 0x00, 0x00, 0x00, 0x00, 0x00, 0x00, 0x00, 0x00,
};

const uint8_t HAMSTER_IDLE_WINK_BITMAP[] BITMAP_PROGMEM = {
  0x00, 0x00, 0x00, 0x00, 0x00, 0x00, 0x00, 0x00, 0x00, 0x00, 0x00, 0x00,
  0x00, 0x00, 0x00, 0x00, 0x00, 0x00, 0x00, 0x00, 0x00, 0x00, 0x00, 0x00,
  0x00, 0x00, 0x00, 0x00, 0x00, 0x00, 0x00, 0x00, 0x1F, 0xFF, 0x00, 0x00,
  0x00, 0x00, 0x00, 0x00, 0x03, 0xFF, 0xE0, 0x00, 0x00, 0x00, 0x00, 0x1F,
  0xFF, 0x80, 0x00, 0x00, 0x00, 0x00, 0x00, 0x1F, 0xFF, 0xFC, 0x00, 0x00,
  0x00, 0x00, 0xFF, 0xFF, 0xF0, 0x00, 0x00, 0x00, 0x00, 0x00, 0x3F, 0xFF,
  0xFC, 0x00, 0x00, 0x00, 0x01, 0xFC, 0x03, 0xF8, 0x00, 0x00, 0x3E, 0x00,
  0x00, 0x7F, 0x00, 0x7F, 0x00, 0x00, 0x00, 0x03, 0xF8, 0x01, 0xFC, 0x00,
  0x00, 0x7F, 0x00, 0x00, 0xF8, 0x00, 0x0F, 0x80, 0x00, 0x00, 0x07, 0xC0,
  0x00, 0x3E, 0x00, 0x01, 0xFF, 0x00, 0x01, 0xE0, 0x00, 0x0F, 0x80, 0x00,
  0x00, 0x0F, 0x80, 0x00, 0x0E, 0x00, 0x03, 0xFE, 0xFC, 0x03, 0xE0, 0x00,
  0x07, 0xC0, 0x00, 0x00, 0x1F, 0x00, 0x00, 0x0F, 0x00, 0x0F, 0xCF, 0xF8,
  0x07, 0x80, 0x00, 0x03, 0xE0, 0x00, 0x00, 0x1F, 0x3F, 0x80, 0x07, 0x80,
  0x7F, 0x9F, 0xFC, 0x07, 0x80, 0x07, 0xF3, 0xE0, 0x00, 0x00, 0x1E, 0xFF,
  0xC0, 0x07, 0x80, 0xFF, 0x1F, 0x3F, 0xC7, 0x00, 0x0F, 0xFB, 0xE0, 0x00,
  0x00, 0x1C, 0xFF, 0xE0, 0x03, 0x8F, 0xFE, 0x1C, 0x3F, 0xE7, 0x00, 0x1F,
  0xFC, 0xE0, 0x00, 0x00, 0x3D, 0xC1, 0xF8, 0x03, 0xFF, 0xFC, 0x00, 0x7F,
  0xFF, 0x00, 0x3E, 0x1E, 0xF0, 0x00, 0x00, 0x3D, 0xC0, 0xFC, 0x03, 0xFC,
  0x0C, 0x00, 0xFF, 0xFF, 0x00, 0x7C, 0x0E, 0xF0, 0x00, 0x00, 0x3B, 0x80,
  0x3C, 0x03, 0xFC, 0x00, 0x00, 0xFC, 0x3F, 0x80, 0xF8, 0x07, 0x70, 0x00,
  0x00, 0x37, 0x00, 0x3E, 0x07, 0x80, 0x00, 0x00, 0x1C, 0x07, 0xC0, 0xF0,
  0x03, 0xF0, 0x00, 0x00, 0x36, 0x00, 0x1E, 0x06, 0x00, 0x00, 0x00, 0x0E,
  0x00, 0xC1, 0xE0, 0x01, 0xF0, 0x00, 0x00, 0x36, 0x00, 0x0E, 0x06, 0x00,
  0x00, 0x00, 0x7E, 0x00, 0x41, 0xC0, 0x03, 0xF0, 0x00, 0x00, 0x37, 0x00,
  0x0E, 0x00, 0x00, 0x00, 0x00, 0x7E, 0x00, 0x01, 0xE0, 0x03, 0xF0, 0x00,
  0x00, 0x37, 0x00, 0xFF, 0x00, 0x00, 0x00, 0x00, 0x0E, 0x00, 0x03, 0xFC,
  0x03, 0xF0, 0x00, 0x00, 0x37, 0x00, 0xFF, 0x00, 0x00, 0x00, 0x00, 0x00,
  0x00, 0x03, 0xFC, 0x03, 0xB0, 0x00, 0x00, 0x3F, 0x03, 0xFF, 0x00, 0x00,
  0x00, 0x00, 0x00, 0x00, 0x03, 0x8F, 0x03, 0xF0, 0x00, 0x00, 0x3F, 0x03,
  0xE7, 0x00, 0x00, 0x00, 0x00, 0x00, 0x00, 0x00, 0x1F, 0x03, 0xF0, 0x00,
  0x00, 0x3F, 0x03, 0xF8, 0x00, 0x00, 0x00, 0x00, 0x00, 0x00, 0x00, 0x7F,
  0x01, 0xF0, 0x00, 0x00, 0x1F, 0x01, 0xF8, 0x00, 0x00, 0x00, 0x00, 0x00,
  0x00, 0x00, 0x7E, 0x07, 0xE0, 0x00, 0x00, 0x1F, 0x83, 0xF0, 0x00, 0x00,
  0x00, 0x00, 0x00, 0x00, 0x00, 0x0F, 0x07, 0xE0, 0x00, 0x00, 0x1F, 0x83,
  0x80, 0x00, 0x00, 0x00, 0x00, 0x00, 0x00, 0x00, 0x07, 0x07, 0xE0, 0x00,
  0x00, 0x0F, 0xC3, 0xC0, 0x00, 0x00, 0x00, 0x00, 0x00, 0x00, 0x00, 0x0F,
  0x0F, 0x80, 0x00, 0x00, 0x07, 0xE1, 0xE0, 0x00, 0x00, 0x00, 0x00, 0x00,
  0x00, 0x00, 0x0F, 0x3F, 0x80, 0x00, 0x00, 0x07, 0xF3, 0xE0, 0x00, 0x00,
  0x00, 0x00, 0x00, 0x00, 0x00, 0x07, 0xFF, 0x00, 0x00, 0x00, 0x03, 0xFF,
  0xC0, 0x00, 0x00, 0x00, 0x00, 0x00, 0x00, 0x00, 0x07, 0xFE, 0x00, 0x00,
  0x00, 0x01, 0xFF, 0x80, 0x00, 0x00, 0x00, 0x00, 0x00, 0x00, 0x00, 0x03,
  0xF8, 0x00, 0x00, 0x00, 0x00, 0x7F, 0x00, 0x00, 0x00, 0x00, 0x00, 0x00,
  0x00, 0x00, 0x03, 0xF0, 0x00, 0x00, 0x00, 0x00, 0x0F, 0x00, 0x01, 0xF0,
  0x00, 0x00, 0x00, 0x0F, 0x80, 0x01, 0xC0, 0x00, 0x00, 0x00, 0x00, 0x0E,
  0x00, 0x01, 0xF0, 0x00, 0x00, 0x00, 0x0F, 0x80, 0x00, 0xC0, 0x00, 0x00,
  0x00, 0x00, 0x0C, 0x00, 0x00, 0x00, 0x00, 0x00, 0x00, 0x00, 0x00, 0x00,
  0xE0, 0x00, 0x00, 0x00, 0x00, 0x1E, 0x00, 0x00, 0x00, 0x00, 0x00, 0x00,
  0x00, 0x00, 0x01, 0xF0, 0x00, 0x00, 0x00, 0x00, 0x1E, 0x00, 0x00, 0x00,
  0x00, 0x00, 0x00, 0x00, 0x00, 0x00, 0xF0, 0x00, 0x00, 0x00, 0x00, 0x1C,
  0x00, 0x00, 0x00, 0x00, 0x00, 0x00, 0x00, 0x00, 0x00, 0x70, 0x00, 0x00,
  0x00, 0x00, 0x18, 0x00, 0x00, 0x00, 0x00, 0x00, 0x00, 0x00, 0x00, 0x00,
  0x70, 0x00, 0x00, 0x00, 0x00, 0x18, 0x00, 0x07, 0xF0, 0x00, 0x00, 0x00,
  0x00, 0x00, 0x00, 0x60, 0x00, 0x00, 0x00, 0x00, 0x18, 0x00, 0x07, 0xF0,
  0x00, 0x00, 0x00, 0x00, 0x00, 0x00, 0x78, 0x00, 0x00, 0x00, 0x00, 0x78,
  0x00, 0x3F, 0xFC, 0x00, 0x00, 0x00, 0x00, 0x00, 0x00, 0x78, 0x00, 0x00,
  0x00, 0x00, 0x78, 0x00, 0x7F, 0xFE, 0x00, 0x00, 0x00, 0x00, 0x00, 0x00,
  0x78, 0x00, 0x00, 0x00, 0x00, 0x78, 0x00, 0x7F, 0x8F, 0x00, 0x00, 0x00,
  0x00, 0x00, 0x00, 0x78, 0x00, 0x00, 0x00, 0x00, 0x78, 0x00, 0xFE, 0x07,
  0x80, 0x00, 0x00, 0x00, 0x00, 0x00, 0x78, 0x00, 0x00, 0x00, 0x00, 0x78,
  0x01, 0xFE, 0x07, 0x80, 0x00, 0x00, 0x07, 0xF0, 0x00, 0x78, 0x00, 0x00,
  0x00, 0x00, 0x70, 0x01, 0xFE, 0x07, 0x80, 0x00, 0x00, 0x1F, 0xFC, 0x00,
  0x3C, 0x00, 0x00, 0x00, 0x00, 0xF8, 0x01, 0xFF, 0x0F, 0x80, 0x00, 0x00,
  0x3F, 0xFE, 0x00, 0x3C, 0x00, 0x00, 0x00, 0x00, 0xF8, 0x01, 0xFF, 0xFF,
  0x80, 0x00, 0x00, 0x7F, 0xFF, 0x00, 0x3E, 0x00, 0x00, 0x00, 0x01, 0xF8,
  0x01, 0xDF, 0xFF, 0x80, 0x00, 0x00, 0xFC, 0x3F, 0x80, 0x0E, 0x00, 0x00,
  0x00, 0x01, 0xF0, 0x01, 0xDF, 0xFF, 0x80, 0x00, 0x01, 0xF8, 0x0F, 0xC0,
  0x0F, 0x80, 0x00, 0x00, 0x07, 0xE0, 0x01, 0xDF, 0xFF, 0x80, 0x00, 0x01,
  0xF0, 0x07, 0xC0, 0x0F, 0xC0, 0x00, 0x00, 0x07, 0xE0, 0x01, 0xDF, 0xFF,
  0x80, 0x1F, 0x01, 0xE0, 0x03, 0xC0, 0x07, 0xC0, 0x00, 0x00, 0x0F, 0xC0,
  0x01, 0xEF, 0xFF, 0x00, 0x3F, 0x01, 0xC0, 0x03, 0xC0, 0x03, 0xC0, 0x00,
  0x00, 0x0F, 0x80, 0x00, 0xE7, 0xFE, 0x00, 0x1F, 0x00, 0x00, 0x00, 0x00,
  0x07, 0xC0, 0x00, 0x00, 0x0F, 0x0F, 0x80, 0x7F, 0xFE, 0x00, 0x0C, 0x00,
  0x00, 0x00, 0x0F, 0xEF, 0x80, 0x00, 0x00, 0x0F, 0xCF, 0xF0, 0x3F, 0xFC,
  0x04, 0x0C, 0x08, 0x00, 0x00, 0x1F, 0xEF, 0xC0, 0x00, 0x00, 0x0F, 0xE7,
  0xFC, 0x0F, 0xF0, 0x0E, 0x1F, 0x1C, 0x00, 0x00, 0x7F, 0xC7, 0xC0, 0x00,
  0x00, 0x07, 0xE0, 0x7C, 0x00, 0x00, 0x0F, 0xFF, 0xFC, 0x00, 0x00, 0x60,
  0x03, 0xC0, 0x00, 0x00, 0x01, 0xC0, 0x00, 0x00, 0x00, 0x0F, 0xFF, 0xF8,
  0x00, 0x00, 0x00, 0x03, 0xC0, 0x00, 0x00, 0x01, 0xC0, 0x00, 0x00, 0x00,
  0x03, 0xFF, 0xF0, 0x00, 0x00, 0x00, 0x07, 0xC0, 0x00, 0x00, 0x01, 0xE0,
  0x3C, 0x00, 0x00, 0x01, 0xF3, 0xE0, 0x00, 0x00, 0x7C, 0x07, 0xC0, 0x00,
  0x00, 0x01, 0xE0, 0xFC, 0x00, 0x00, 0x01, 0xC1, 0xE0, 0x00, 0x00, 0x7F,
  0x0F, 0x80, 0x00, 0x00, 0x01, 0xF3, 0xF0, 0x00, 0x00, 0x01, 0xC1, 0xE0,
  0x00, 0x00, 0x0F, 0x9F, 0x00, 0x00, 0x00, 0x00, 0xFB, 0x00, 0x00, 0x00,
  0x01, 0xC1, 0xE0, 0x00, 0x00, 0x01, 0xFE, 0x00, 0x00, 0x00, 0x00, 0xFE,
  0x00, 0x00, 0x00, 0x00, 0xE3, 0xC0, 0x00, 0x00, 0x00, 0xFE, 0x00, 0x00,
  0x00, 0x00, 0x3E, 0x00, 0x00, 0x00, 0x00, 0xFF, 0x80, 0x00, 0x00, 0x03,
  0xF8, 0x00, 0x00, 0x00, 0x00, 0x0F, 0xC0, 0x00, 0x00, 0x00, 0x7F, 0x80,
  0x00, 0x00, 0x0F, 0xE0, 0x00, 0x00, 0x00, 0x00, 0x0F, 0xFC, 0x00, 0x00,
  0x00, 0x3F, 0x00, 0x00, 0x00, 0x7F, 0xE0, 0x00, 0x00, 0x00, 0x00, 0x01,
  0xFC, 0x00, 0x00, 0x00, 0x1C, 0x00, 0x00, 0x00, 0x7F, 0x00, 0x00, 0x00,
  0x00, 0x00, 0x00, 0xFF, 0x80, 0x00, 0x00, 0x00, 0x00, 0x00, 0x03, 0xFE,
  0x00, 0x00, 0x00, 0x00, 0x00, 0x00, 0xFF, 0x80, 0x3F, 0xF0, 0x00, 0x07,
  0xFC, 0x03, 0xFF, 0x00, 0x00, 0x00, 0x00, 0x00, 0x01, 0xE0, 0x01, 0xFF,
  0xF8, 0x00, 0x0F, 0xFF, 0x80, 0x0F, 0x00, 0x00, 0x00, 0x00, 0x00, 0x01,
  0xE0, 0x03, 0xFF, 0xFE, 0x00, 0x3F, 0xFF, 0xC0, 0x0F, 0x00, 0x00, 0x00,
  0x00, 0x00, 0x03, 0xC0, 0x03, 0xF0, 0x3F, 0x00, 0x7E, 0x07, 0xC0, 0x03,
  0x80, 0x00, 0x00, 0x00, 0x00, 0x07, 0x80, 0x01, 0xE0, 0x1F, 0x00, 0x7C,
  0x00, 0x00, 0x03, 0xC0, 0x00, 0x00, 0x00, 0x00, 0x07, 0x80, 0x00, 0x00,
  0x07, 0x81, 0xF0, 0x00, 0x00, 0x03, 0xC0, 0x00, 0x00, 0x00, 0x00, 0x07,
  0x00, 0x00, 0x00, 0x03, 0x81, 0xE0, 0x00, 0x00, 0x01, 0xC0, 0x00, 0x00,
  0x00, 0x00, 0x07, 0x00, 0x00, 0x00, 0x03, 0x81, 0xE0, 0x00, 0x00, 0x01,
  0xC0, 0x00, 0x00, 0x00, 0x00, 0x1F, 0x00, 0x00, 0x00, 0x03, 0x81, 0xE0,
  0x00, 0x00, 0x01, 0xE0, 0x00, 0x00, 0x00, 0x00, 0x1F, 0x00, 0x00, 0x00,
  0x07, 0x81, 0xF0, 0x00, 0x00, 0x01, 0xE0, 0x00, 0x00, 0x00, 0x00, 0x1F,
  0x00, 0x00, 0x00, 0x07, 0x81, 0xF0, 0x00, 0x00, 0x00, 0xE0, 0x00, 0x00,
  0x00, 0x00, 0x1C, 0x30, 0x00, 0x00, 0x0F, 0x80, 0xF8, 0x00, 0x00, 0x18,
  0x60, 0x00, 0x00, 0x00, 0x00, 0x3C, 0x3C, 0x00, 0x00, 0x1F, 0x00, 0x78,
  0x00, 0x00, 0x78, 0x78, 0x00, 0x00, 0x00, 0x00, 0x3C, 0x3C, 0x00, 0x00,
  0x3F, 0x00, 0x7C, 0x00, 0x00, 0x78, 0x78, 0x00, 0x00, 0x00, 0x00, 0x3C,
  0x1F, 0x00, 0x00, 0xFE, 0x00, 0x3F, 0x00, 0x01, 0xF0, 0x78, 0x00, 0x00,
  0x00, 0x00, 0x38, 0x0F, 0x80, 0x00, 0xF8, 0x00, 0x1F, 0x00, 0x03, 0xE0,
  0x38, 0x00, 0x00, 0x00, 0x00, 0x30, 0x07, 0xE0, 0x07, 0xF8, 0x00, 0x0F,
  0xE0, 0x0F, 0xE0, 0x38, 0x00, 0x00, 0x00, 0x00, 0x38, 0x07, 0xFF, 0xFF,
  0xF0, 0x00, 0x07, 0xFF, 0xFF, 0xC0, 0x38, 0x00, 0x00, 0x00, 0x00, 0xF8,
  0x00, 0xFF, 0xFF, 0x80, 0x00, 0x01, 0xFF, 0xFE, 0x00, 0x3C, 0x00, 0x00,
  0x00, 0x00, 0xF0, 0x00, 0xFF, 0xFF, 0x00, 0x00, 0x01, 0xFF, 0xFC, 0x00,
  0x3C, 0x00, 0x00, 0x00, 0x00, 0xE0, 0x00, 0x0F, 0xFC, 0x00, 0x00, 0x00,
  0x3F, 0xF0, 0x00, 0x0C, 0x00, 0x00, 0x00, 0x00, 0xE0, 0x0F, 0xC0, 0x00,
  0x00, 0x00, 0x00, 0x00, 0x00, 0x00, 0x0C, 0x00, 0x00, 0x00, 0x00, 0xE0,
  0x1F, 0xFC, 0x00, 0x00, 0x00, 0x00, 0x00, 0x31, 0x40, 0x0C, 0x00, 0x00,
  0x00, 0x00, 0xE0, 0x3F, 0xFE, 0x00, 0x00, 0x00, 0x00, 0x00, 0xFF, 0xF0,
  0x0C, 0x00, 0x00, 0x00, 0x00, 0xE0, 0x3C, 0xFF, 0x00, 0x00, 0x00, 0x00,
  0x01, 0xFF, 0xF8, 0x0C, 0x00, 0x00, 0x00, 0x00, 0xE0, 0xF8, 0x67, 0x80,
  0x00, 0x00, 0x00, 0x03, 0xEE, 0x7E, 0x0C, 0x00, 0x00, 0x00, 0x00, 0xE1,
  0xFA, 0x6F, 0x80, 0x00, 0x00, 0x00, 0x03, 0xCE, 0x3E, 0x0C, 0x00, 0x00,
  0x00, 0x00, 0xE1, 0xFF, 0x1F, 0xE0, 0x00, 0x00, 0x00, 0x07, 0xB0, 0xFE,
  0x0C, 0x00, 0x00, 0x00, 0x00, 0xF1, 0xD7, 0x19, 0xE0, 0x00, 0x00, 0x00,
  0x07, 0xB1, 0xFF, 0x3C, 0x00, 0x00, 0x00, 0x00, 0xF9, 0xB2, 0x00, 0xE0,
  0x00, 0x00, 0x00, 0x07, 0x31, 0xCF, 0x3C, 0x00, 0x00, 0x00, 0x00, 0x39,
  0xB0, 0xF0, 0xF0, 0x00, 0x00, 0x00, 0x0F, 0x00, 0x17, 0x38, 0x00, 0x00,
  0x00, 0x00, 0x31, 0xB1, 0xF0, 0xF0, 0x00, 0x00, 0x00, 0x1F, 0x0F, 0x3F,
  0x38, 0x00, 0x00, 0x00, 0x00, 0x3D, 0x83, 0xF8, 0x70, 0x00, 0x00, 0x00,
  0x1C, 0x3F, 0xBF, 0x78, 0x00, 0x00, 0x00, 0x00, 0x3D, 0x87, 0xFC, 0x70,
  0x00, 0x00, 0x00, 0x1C, 0x7F, 0xC7, 0x78, 0x00, 0x00, 0x00, 0x00, 0x1D,
  0x87, 0x9C, 0x70, 0x00, 0x00, 0x00, 0x1C, 0x7B, 0xC7, 0xF8, 0x00, 0x00,
  0x00, 0x00, 0x1F, 0xE7, 0x1C, 0x70, 0x00, 0x00, 0x00, 0x1C, 0x73, 0xCF,
  0xE0, 0x00, 0x00, 0x00, 0x00, 0x1F, 0xE7, 0xFC, 0x70, 0x00, 0x00, 0x00,
  0x1C, 0x7B, 0xCF, 0xE0, 0x00, 0x00, 0x00, 0x00, 0x07, 0xE1, 0xFC, 0x70,
  0x00, 0x00, 0x00, 0x1C, 0x3F, 0x0F, 0xC0, 0x00, 0x00, 0x00, 0x00, 0x03,
  0xF0, 0xF0, 0x70, 0x00, 0x00, 0x00, 0x0C, 0x1E, 0x1F, 0x80, 0x00, 0x00,
  0x00, 0x00, 0x01, 0xF8, 0x00, 0xFF, 0xE0, 0x00, 0x03, 0xFF, 0x00, 0x3F,
  0x00, 0x00, 0x00, 0x00, 0x00, 0x00, 0x7C, 0x00, 0xFF, 0xF0, 0x00, 0x07,
  0xFF, 0x00, 0x7C, 0x00, 0x00, 0x00, 0x00, 0x00, 0x00, 0x3F, 0x07, 0xFF,
  0xFF, 0xFF, 0xFF, 0xFF, 0xC1, 0xF8, 0x00, 0x00, 0x00, 0x00, 0x00, 0x00,
  0x0F, 0xFF, 0xC0, 0x1F, 0xFF, 0xFE, 0x07, 0xFF, 0xF0, 0x00, 0x00, 0x00,
  0x00, 0x00, 0x00, 0x0F, 0xFF, 0xC0, 0x1F, 0xFF, 0xFE, 0x03, 0xFF, 0xE0,
  0x00, 0x00, 0x00, 0x00, 0x00, 0x00, 0x01, 0xFE, 0x00, 0x00, 0x00, 0x00,
  0x00, 0xFF, 0x00, 0x00, 0x00, 0x00, 0x00, 0x00, 0x00, 0x00, 0x00, 0x00,
  0x00, 0x00, 0x00, 0x00, 0x00, 0x00, 0x00, 0x00, 0x00, 0x00, 0x00, 0x00,
  0x00, 0x00, 0x00, 0x00, 0x00, 0x00, 0x00, 0x00, 0x00, 0x00, 0x00, 0x00,
};

const uint8_t HAMSTER_IDLE_SPARKLE_BITMAP[] BITMAP_PROGMEM = {
  0x00, 0x00, 0x00, 0x00, 0x00, 0x00, 0x00, 0x00, 0x00, 0x00, 0x00, 0x00,
  0x00, 0x00, 0x00, 0x00, 0x00, 0x00, 0x00, 0x00, 0x00, 0x00, 0x00, 0x00,
  0x00, 0x00, 0x00, 0x00, 0x00, 0x00, 0x00, 0x00, 0x00, 0x00, 0x00, 0x00,
  0x00, 0x00, 0x00, 0x00, 0x00, 0x00, 0x00, 0x00, 0x00, 0x00, 0x00, 0x00,
  0x00, 0x00, 0x00, 0x00, 0x00, 0x00, 0x00, 0x00, 0x00, 0x00, 0x00, 0x00,
  0x00, 0x00, 0x00, 0x00, 0x00, 0x00, 0x00, 0x00, 0x00, 0x00, 0x00, 0x00,
  0x00, 0x00, 0x00, 0x00, 0x00, 0x00, 0x00, 0x00, 0x00, 0x00, 0x00, 0x00,
  0x00, 0x00, 0x00, 0x00, 0x00, 0x00, 0x00, 0x00, 0x00, 0x00, 0x00, 0x00,
  0x00, 0x00, 0x00, 0x00, 0x00, 0x00, 0x00, 0x00, 0x00, 0x00, 0x00, 0x00,
  0x00, 0x00, 0x00, 0x00, 0x00, 0x00, 0x00, 0x00, 0x00, 0x00, 0x00, 0x00,
  0x00, 0x00, 0x00, 0x00, 0x00, 0x00, 0x00, 0x00, 0x00, 0x00, 0x00, 0x00,
  0x00, 0x00, 0x00, 0x00, 0x00, 0x00, 0x00, 0x00, 0x00, 0x00, 0x00, 0x00,
  0x00, 0x00, 0x00, 0x00, 0x00, 0x00, 0x00, 0x00, 0x00, 0x00, 0x00, 0x00,
  0x00, 0x00, 0x00, 0x00, 0x00, 0x00, 0x00, 0x00, 0x00, 0x00, 0x00, 0x00,
  0x00, 0x00, 0x00, 0x00, 0x00, 0x00, 0x00, 0x00, 0x00, 0x00, 0x00, 0x00,
  0x00, 0x00, 0x00, 0x00, 0x00, 0x00, 0x00, 0x00, 0x00, 0x00, 0x00, 0x00,
  0x00, 0x00, 0x00, 0x00, 0x00, 0x00, 0x00, 0x00, 0x00, 0x00, 0x00, 0x00,
  0x00, 0x00, 0x00, 0x00, 0x00, 0x00, 0x00, 0x00, 0x00, 0x00, 0x00, 0x00,
  0x00, 0x00, 0x00, 0x00, 0x00, 0x00, 0x00, 0x00, 0x00, 0x00, 0x00, 0x00,
  0x01, 0xFF, 0x80, 0x00, 0x00, 0x00, 0x00, 0x1F, 0xFC, 0x00, 0x00, 0x00,
  0x00, 0x00, 0x00, 0x07, 0xFF, 0xF0, 0x00, 0x00, 0x00, 0x00, 0x7F, 0xFF,
  0x00, 0x00, 0x00, 0x00, 0x00, 0x00, 0x0F, 0xFF, 0xF8, 0x00, 0x03, 0xC0,
  0x00, 0xF8, 0x1F, 0x80, 0x00, 0x00, 0x00, 0x00, 0x00, 0x1F, 0x80, 0xFC,
  0x00, 0x07, 0xE0, 0x01, 0xE0, 0x07, 0xC0, 0x00, 0x00, 0x00, 0x00, 0x00,
  0x3E, 0x00, 0x1E, 0x00, 0x1F, 0xEE, 0x03, 0xC0, 0x03, 0xC0, 0x00, 0x00,
  0x00, 0x00, 0x00, 0x78, 0x00, 0x0F, 0x00, 0x3E, 0xFE, 0x07, 0x80, 0x01,
  0xE0, 0x00, 0x00, 0x00, 0x00, 0x00, 0x78, 0xC0, 0x07, 0x00, 0x79, 0xFE,
  0x07, 0x00, 0x7C, 0xE0, 0x00, 0x00, 0x00, 0x00, 0x00, 0x73, 0xF8, 0x07,
  0x07, 0xF1, 0xE7, 0x06, 0x00, 0xFE, 0xE0, 0x00, 0x00, 0x00, 0x00, 0x00,
  0xEF, 0xFC, 0x03, 0xFF, 0xF1, 0x8F, 0xFE, 0x01, 0xFF, 0x70, 0x00, 0x00,
  0x00, 0x00, 0x00, 0xEC, 0x1E, 0x03, 0xFF, 0xE0, 0x1F, 0xFE, 0x03, 0xC3,
  0xF8, 0x00, 0x00, 0x00, 0x00, 0x00, 0xFC, 0x0F, 0x03, 0xF0, 0x00, 0x3E,
  0x3F, 0x07, 0x81, 0xB8, 0x00, 0x00, 0x00, 0x00, 0x00, 0xD8, 0x07, 0x07,
  0x00, 0x00, 0x07, 0x07, 0x8F, 0x01, 0xF8, 0x00, 0x00, 0x00, 0x00, 0x00,
  0xF0, 0x03, 0x86, 0x00, 0x00, 0x0F, 0x01, 0x8E, 0x00, 0xF8, 0x00, 0x00,
  0x00, 0x00, 0x00, 0xF8, 0x03, 0x80, 0x00, 0x00, 0x0F, 0x00, 0x0E, 0x00,
  0xF8, 0x00, 0x00, 0x00, 0x00, 0x00, 0xF8, 0x1F, 0xC0, 0x00, 0x00, 0x07,
  0x00, 0x1F, 0xC0, 0xF8, 0x00, 0x00, 0x00, 0x00, 0x00, 0xF8, 0x3F, 0xC0,
  0x00, 0x00, 0x00, 0x00, 0x1F, 0xC0, 0xF8, 0x00, 0x00, 0x00, 0x00, 0x00,
  0xF8, 0x79, 0xC0, 0x00, 0x00, 0x00, 0x00, 0x01, 0xE0, 0xF8, 0x00, 0x00,
  0x00, 0x00, 0x00, 0xF0, 0x3C, 0x80, 0x00, 0x00, 0x00, 0x00, 0x03, 0xC0,
  0xF0, 0x00, 0x00, 0x00, 0x00, 0x00, 0x78, 0x3E, 0x00, 0x00, 0x00, 0x00,
  0x00, 0x03, 0xC1, 0xE0, 0x00, 0x00, 0x00, 0x00, 0x00, 0x78, 0x70, 0x00,
  0x00, 0x00, 0x00, 0x00, 0x00, 0xE3, 0xE0, 0x00, 0x00, 0x00, 0x00, 0x00,
  0x78, 0x70, 0x00, 0x00, 0x00, 0x00, 0x00, 0x00, 0xE7, 0xC0, 0x00, 0x00,
  0x00, 0x00, 0x00, 0x3E, 0x38, 0x00, 0x00, 0x00, 0x00, 0x00, 0x01, 0xE7,
  0xC0, 0x00, 0x00, 0x00, 0x00, 0x00, 0x3F, 0x38, 0x00, 0x00, 0x00, 0x00,
  0x00, 0x00, 0xFF, 0x80, 0x00, 0x00, 0x00, 0x00, 0x00, 0x0F, 0xF0, 0x01,
  0xC0, 0x00, 0x00, 0x1E, 0x00, 0x7F, 0x00, 0x00, 0x00, 0x00, 0x00, 0x00,
  0x03, 0xE0, 0x03, 0xE0, 0x00, 0x00, 0x1E, 0x00, 0x78, 0x00, 0x00, 0x00,
  0x00, 0x00, 0x00, 0x01, 0xE0, 0x01, 0xE0, 0x00, 0x00, 0x1E, 0x00, 0x30,
  0x00, 0x00, 0x00, 0x00, 0x00, 0x00, 0x01, 0xC0, 0x00, 0x00, 0x00, 0x00,
  0x00, 0x00, 0x38, 0x00, 0x00, 0x00, 0x00, 0x00, 0x00, 0x01, 0xC0, 0x00,
  0x00, 0x00, 0x00, 0x00, 0x00, 0x38, 0x00, 0x00, 0x00, 0x00, 0x00, 0x00,
  0x01, 0xC0, 0x00, 0x00, 0x00, 0x00, 0x00, 0x00, 0x38, 0x00, 0x00, 0x00,
  0x00, 0x03, 0x00, 0x01, 0x80, 0x00, 0x00, 0x00, 0x00, 0x00, 0x00, 0x18,
  0x00, 0x00, 0x00, 0x00, 0x03, 0x00, 0x01, 0x80, 0x0F, 0xE0, 0x00, 0x00,
  0x1F, 0x80, 0x18, 0x00, 0x00, 0x00, 0x00, 0x03, 0x80, 0x01, 0x80, 0x3F,
  0xF0, 0x00, 0x00, 0x3F, 0xE0, 0x1C, 0x00, 0x00, 0x00, 0x00, 0x07, 0xC0,
  0x03, 0x80, 0x3F, 0xF8, 0x00, 0x00, 0x7F, 0xF0, 0x1C, 0x00, 0x00, 0x00,
  0x00, 0x0F, 0xE0, 0x07, 0x80, 0x7F, 0x38, 0x00, 0x00, 0xF3, 0xF8, 0x1C,
  0x00, 0x00, 0x00, 0x00, 0x3C, 0xF0, 0x07, 0x80, 0xFE, 0x1C, 0x00, 0x01,
  0xE1, 0xF8, 0x1C, 0x00, 0x00, 0x00, 0x00, 0x3E, 0xF0, 0x03, 0x00, 0xFC,
  0x1C, 0x00, 0x01, 0xC1, 0xFC, 0x1C, 0x00, 0x00, 0x00, 0x00, 0x0F, 0xC0,
  0x07, 0x00, 0xFE, 0x3C, 0x00, 0x01, 0xE3, 0xFC, 0x0E, 0x00, 0x00, 0x00,
  0x00, 0x07, 0x80, 0x07, 0x01, 0xFF, 0x3C, 0x00, 0x01, 0xFF, 0xFC, 0x0F,
  0x00, 0x00, 0x00, 0x00, 0x03, 0x00, 0x0F, 0x01, 0xDF, 0xFC, 0x00, 0x01,
  0xFF, 0xFC, 0x0F, 0x00, 0x00, 0x00, 0x00, 0x03, 0x00, 0x0F, 0x01, 0xDF,
  0xFC, 0x00, 0x01, 0xFF, 0xFC, 0x07, 0x80, 0x00, 0x00, 0x00, 0x03, 0x00,
  0x1E, 0x00, 0xDF, 0xFC, 0x03, 0x81, 0xFF, 0xFC, 0x03, 0xC0, 0x00, 0x00,
  0x00, 0x00, 0x00, 0x3E, 0x00, 0xEF, 0xFC, 0x07, 0xC0, 0xFF, 0xDC, 0x01,
  0xC0, 0x00, 0x00, 0x00, 0x00, 0x00, 0x78, 0x00, 0x77, 0xF8, 0x03, 0xC0,
  0x7F, 0xB8, 0x03, 0xC0, 0x00, 0x00, 0x00, 0x00, 0x00, 0x78, 0xE0, 0x3F,
  0xF0, 0x01, 0x80, 0x3F, 0xF0, 0x7F, 0x80, 0x00, 0x00, 0x00, 0x00, 0x00,
  0x7E, 0xFC, 0x1F, 0xE0, 0x61, 0x8C, 0x1F, 0xC1, 0xFF, 0xC0, 0x00, 0x00,
  0x00, 0x00, 0x00, 0x3E, 0x3F, 0x07, 0xC0, 0x67, 0xCC, 0x00, 0x07, 0xC1,
  0xC0, 0x00, 0x00, 0x00, 0x00, 0x00, 0x1C, 0x06, 0x00, 0x00, 0x7F, 0xFC,
  0x00, 0x02, 0x00, 0xC0, 0x00, 0x00, 0x00, 0x00, 0x00, 0x1C, 0x06, 0x00,
  0x00, 0x3F, 0xF8, 0x00, 0x00, 0x01, 0xC0, 0xC0, 0x00, 0x00, 0x00, 0x00,
  0x1E, 0x3F, 0x00, 0x00, 0x1C, 0x70, 0x00, 0x07, 0xC3, 0xC0, 0xC0, 0x00,
  0x00, 0x00, 0x00, 0x0E, 0x78, 0x00, 0x00, 0x18, 0x30, 0x00, 0x01, 0xF7,
  0x80, 0xC0, 0x00, 0x00, 0x00, 0x00, 0x0F, 0xE0, 0x00, 0x00, 0x18, 0x30,
  0x00, 0x00, 0x7F, 0x01, 0xE0, 0x00, 0x00, 0x00, 0x00, 0x07, 0xC0, 0x00,
  0x00, 0x1C, 0x70, 0x00, 0x00, 0x3E, 0x07, 0x38, 0x00, 0x00, 0x00, 0x18,
  0x03, 0xF0, 0x00, 0x00, 0x0E, 0xE0, 0x00, 0x00, 0xFC, 0x07, 0xF8, 0x00,
  0x00, 0x00, 0x18, 0x00, 0xFE, 0x00, 0x00, 0x0F, 0xE0, 0x00, 0x07, 0xF8,
  0x01, 0xE0, 0x00, 0x00, 0x00, 0x1C, 0x00, 0x3F, 0x80, 0x00, 0x07, 0xC0,
  0x00, 0x0F, 0xE0, 0x00, 0xC0, 0x00, 0x00, 0x00, 0x3E, 0x00, 0x1F, 0xC0,
  0x00, 0x00, 0x00, 0x00, 0x1F, 0xC0, 0x00, 0xC0, 0x00, 0x00, 0x00, 0xF7,
  0x80, 0x3B, 0x80, 0x7F, 0xC0, 0x07, 0xF8, 0x0C, 0xC0, 0x00, 0xC0, 0x00,
  0x00, 0x00, 0xFF, 0x00, 0x38, 0x03, 0xFF, 0xF0, 0x1F, 0xFF, 0x00, 0xE0,
  0x00, 0x00, 0x00, 0x00, 0x00, 0x3C, 0x00, 0x30, 0x03, 0xE0, 0xF0, 0x3E,
  0x1F, 0x00, 0x60, 0x00, 0x00, 0x00, 0x00, 0x00, 0x18, 0x00, 0x70, 0x00,
  0x00, 0x38, 0x78, 0x00, 0x00, 0x70, 0x00, 0x00, 0x00, 0x00, 0x00, 0x18,
  0x00, 0x70, 0x00, 0x00, 0x38, 0x78, 0x00, 0x00, 0x70, 0x00, 0x00, 0x00,
  0x00, 0x00, 0x08, 0x00, 0x60, 0x00, 0x00, 0x18, 0x70, 0x00, 0x00, 0x30,
  0x00, 0x00, 0x00, 0x00, 0x00, 0x00, 0x00, 0xE0, 0x00, 0x00, 0x38, 0x70,
  0x00, 0x00, 0x38, 0x00, 0x00, 0x00, 0x00, 0x00, 0x00, 0x00, 0xE0, 0x00,
  0x00, 0x38, 0x78, 0x00, 0x00, 0x38, 0x00, 0x00, 0x00, 0x00, 0x00, 0x00,
  0x00, 0xC4, 0x00, 0x00, 0x78, 0x78, 0x00, 0x01, 0x18, 0x00, 0x00, 0x00,
  0x00, 0x00, 0x00, 0x01, 0xC6, 0x00, 0x00, 0xF0, 0x3C, 0x00, 0x03, 0x1C,
  0x00, 0x00, 0x00, 0x00, 0x00, 0x00, 0x03, 0xC7, 0x00, 0x01, 0xF0, 0x3E,
  0x00, 0x07, 0x1E, 0x00, 0x00, 0x00, 0x00, 0x00, 0x00, 0x03, 0xC3, 0xC0,
  0x03, 0xE0, 0x0F, 0x00, 0x1E, 0x1E, 0x00, 0x00, 0x00, 0x00, 0x00, 0x00,
  0x03, 0x83, 0xF0, 0x1F, 0xC0, 0x0F, 0xC0, 0x7E, 0x0E, 0x00, 0x00, 0x00,
  0x00, 0x00, 0x00, 0x03, 0x81, 0xFF, 0xFF, 0x80, 0x07, 0xFF, 0xFC, 0x0E,
  0x00, 0x00, 0x00, 0x00, 0x00, 0x00, 0x07, 0x80, 0x7F, 0xFE, 0x00, 0x01,
  0xFF, 0xF0, 0x0F, 0x00, 0x00, 0x00, 0x00, 0x00, 0x00, 0x07, 0x00, 0x0F,
  0xF0, 0x00, 0x00, 0x3F, 0x80, 0x07, 0x00, 0x00, 0x00, 0x00, 0x00, 0x00,
  0x06, 0x03, 0xC0, 0x00, 0x00, 0x00, 0x00, 0x00, 0x07, 0x00, 0x00, 0x00,
  0x00, 0x00, 0x00, 0x06, 0x07, 0xFC, 0x00, 0x00, 0x00, 0x01, 0xDE, 0x07,
  0x00, 0x00, 0x00, 0x00, 0x00, 0x00, 0x06, 0x0F, 0xFE, 0x00, 0x00, 0x00,
  0x03, 0xFF, 0x07, 0x00, 0x00, 0x00, 0x00, 0x00, 0x00, 0x06, 0x1E, 0x7F,
  0x00, 0x00, 0x00, 0x07, 0xFF, 0xC7, 0x00, 0x00, 0x00, 0x00, 0x00, 0x00,
  0x06, 0x3F, 0xA7, 0x00, 0x00, 0x00, 0x0F, 0x63, 0xC7, 0x00, 0x00, 0x00,
  0x00, 0x00, 0x00, 0x07, 0x3F, 0x9B, 0x80, 0x00, 0x00, 0x0E, 0xCF, 0xE7,
  0x00, 0x00, 0x00, 0x00, 0x00, 0x00, 0x07, 0xB5, 0x81, 0x80, 0x00, 0x00,
  0x0C, 0xCF, 0xEF, 0x00, 0x00, 0x00, 0x00, 0x00, 0x00, 0x03, 0xBE, 0x61,
  0xC0, 0x00, 0x00, 0x1C, 0x01, 0x6E, 0x00, 0x00, 0x00, 0x00, 0x00, 0x00,
  0x03, 0xB6, 0xF1, 0xE0, 0x00, 0x00, 0x3C, 0x73, 0x6E, 0x00, 0x00, 0x00,
  0x00, 0x00, 0x00, 0x03, 0xF1, 0xF8, 0xE0, 0x00, 0x00, 0x39, 0xFB, 0x7E,
  0x00, 0x00, 0x00, 0x00, 0x00, 0x00, 0x03, 0xF1, 0xDC, 0xE0, 0x00, 0x00,
  0x39, 0xDC, 0x7C, 0x00, 0x00, 0x00, 0x00, 0x00, 0x00, 0x01, 0xF9, 0xDC,
  0xE0, 0x00, 0x00, 0x39, 0x9C, 0xF8, 0x00, 0x00, 0x00, 0x00, 0x00, 0x00,
  0x00, 0xF9, 0xFC, 0xE0, 0x00, 0x00, 0x39, 0xF8, 0xF8, 0x00, 0x00, 0x00,
  0x00, 0x00, 0x00, 0x00, 0x7C, 0xF8, 0xC0, 0x00, 0x00, 0x18, 0xF1, 0xF0,
  0x00, 0x00, 0x00, 0x00, 0x00, 0x00, 0x00, 0x3E, 0x31, 0xFF, 0x00, 0x03,
  0xFC, 0x63, 0xE0, 0x00, 0x00, 0x00, 0x00, 0x00, 0x00, 0x00, 0x0F, 0x83,
  0xFF, 0xFF, 0xFF, 0xFE, 0x07, 0x80, 0x00, 0x00, 0x00, 0x00, 0x00, 0x00,
  0x00, 0x07, 0xC7, 0xFF, 0xFF, 0xFF, 0xFF, 0x1F, 0x00, 0x00, 0x00, 0x00,
  0x00, 0x00, 0x00, 0x00, 0x03, 0xFF, 0x80, 0xFF, 0xFE, 0x07, 0xFE, 0x00,
  0x00, 0x00, 0x00, 0x00, 0x00, 0x00, 0x00, 0x00, 0xFE, 0x00, 0x00, 0x00,
  0x03, 0xF8, 0x00, 0x00, 0x00, 0x00, 0x00, 0x00, 0x00, 0x00, 0x00, 0x00,
  0x00, 0x00, 0x00, 0x00, 0x00, 0x00, 0x00, 0x00, 0x00, 0x00, 0x00, 0x00,
  0x00, 0x00, 0x00, 0x00, 0x00, 0x00, 0x00, 0x00, 0x00, 0x00, 0x00, 0x00,
  0x00, 0x00, 0x00, 0x00, 0x00, 0x00, 0x00, 0x00, 0x00, 0x00, 0x00, 0x00,
  0x00, 0x00, 0x00, 0x00, 0x00, 0x00, 0x00, 0x00, 0x00, 0x00, 0x00, 0x00,
  0x00, 0x00, 0x00, 0x00, 0x00, 0x00, 0x00, 0x00, 0x00, 0x00, 0x00, 0x00,
  0x00, 0x00, 0x00, 0x00, 0x00, 0x00, 0x00, 0x00, 0x00, 0x00, 0x00, 0x00,
  0x00, 0x00, 0x00, 0x00, 0x00, 0x00, 0x00, 0x00, 0x00, 0x00, 0x00, 0x00,
  0x00, 0x00, 0x00, 0x00, 0x00, 0x00, 0x00, 0x00, 0x00, 0x00, 0x00, 0x00,
  0x00, 0x00, 0x00, 0x00, 0x00, 0x00, 0x00, 0x00, 0x00, 0x00, 0x00, 0x00,
  0x00, 0x00, 0x00, 0x00, 0x00, 0x00, 0x00, 0x00, 0x00, 0x00, 0x00, 0x00,
  0x00, 0x00, 0x00, 0x00, 0x00, 0x00, 0x00, 0x00, 0x00, 0x00, 0x00, 0x00,
  0x00, 0x00, 0x00, 0x00, 0x00, 0x00, 0x00, 0x00, 0x00, 0x00, 0x00, 0x00,
  0x00, 0x00, 0x00, 0x00, 0x00, 0x00, 0x00, 0x00, 0x00, 0x00, 0x00, 0x00,
  0x00, 0x00, 0x00, 0x00, 0x00, 0x00, 0x00, 0x00, 0x00, 0x00, 0x00, 0x00,
  0x00, 0x00, 0x00, 0x00, 0x00, 0x00, 0x00, 0x00, 0x00, 0x00, 0x00, 0x00,
  0x00, 0x00, 0x00, 0x00, 0x00, 0x00, 0x00, 0x00, 0x00, 0x00, 0x00, 0x00,
  0x00, 0x00, 0x00, 0x00, 0x00, 0x00, 0x00, 0x00, 0x00, 0x00, 0x00, 0x00,
};

const uint8_t HAMSTER_IDLE_PERK_BITMAP[] BITMAP_PROGMEM = {
  0x00, 0x00, 0x00, 0x00, 0x00, 0x00, 0x00, 0x00, 0x00, 0x00, 0x00, 0x00,
  0x00, 0x00, 0x00, 0x00, 0x00, 0x00, 0x00, 0x00, 0x00, 0x00, 0x00, 0x00,
  0x00, 0x00, 0x00, 0x00, 0x00, 0x00, 0x00, 0x00, 0x00, 0x00, 0x00, 0x00,
  0x00, 0x00, 0x00, 0x00, 0x00, 0x00, 0x00, 0x00, 0x00, 0x00, 0x00, 0x00,
  0x00, 0x00, 0x00, 0x00, 0x00, 0x00, 0x00, 0x00, 0x00, 0x00, 0x00, 0x00,
  0x00, 0x00, 0x00, 0x00, 0x00, 0x00, 0x00, 0x00, 0x00, 0x00, 0x00, 0x00,
  0x00, 0x00, 0x00, 0x00, 0x00, 0x00, 0x00, 0x00, 0x00, 0x00, 0x00, 0x00,
  0x00, 0x00, 0x00, 0x00, 0x00, 0x00, 0x00, 0x00, 0x00, 0x00, 0x00, 0x00,
  0x00, 0x00, 0x00, 0x00, 0x00, 0x00, 0x00, 0x00, 0x00, 0x00, 0x00, 0x00,
  0x00, 0x00, 0x00, 0x00, 0x00, 0x00, 0x00, 0x00, 0x00, 0x00, 0x00, 0x00,
  0x00, 0x00, 0x00, 0x00, 0x00, 0x00, 0x00, 0x00, 0x00, 0x00, 0x00, 0x00,
  0x00, 0x00, 0x00, 0x00, 0x00, 0x00, 0x00, 0x00, 0x00, 0x00, 0x00, 0x00,
  0x00, 0x00, 0x00, 0x00, 0x00, 0x00, 0x00, 0x00, 0x00, 0x00, 0x00, 0x00,
  0x00, 0x00, 0x00, 0x00, 0x00, 0x00, 0x00, 0x00, 0x00, 0x00, 0x00, 0x00,
  0x7F, 0xF8, 0x00, 0x00, 0x00, 0x00, 0x00, 0x3F, 0xF8, 0x00, 0x00, 0x00,
  0x00, 0x00, 0x01, 0xFF, 0xFE, 0x00, 0x00, 0x00, 0x00, 0x01, 0xFF, 0xFE,
  0x00, 0x00, 0x00, 0x00, 0x00, 0x03, 0xFF, 0xFF, 0x00, 0x00, 0x00, 0x00,
  0x03, 0xF0, 0x1F, 0x80, 0x00, 0x00, 0x00, 0x00, 0x07, 0xE0, 0x1F, 0x80,
  0x00, 0x3E, 0x00, 0x07, 0x80, 0x1F, 0x80, 0x00, 0x00, 0x00, 0x00, 0x0F,
  0x80, 0x03, 0xC0, 0x00, 0xFE, 0x00, 0x0F, 0x00, 0x07, 0xC0, 0x00, 0x00,
  0x00, 0x00, 0x1F, 0x00, 0x01, 0xE0, 0x01, 0xFF, 0xF0, 0x1E, 0x00, 0x01,
  0xE0, 0x00, 0x00, 0x00, 0x00, 0x1E, 0x00, 0x00, 0xF0, 0x03, 0xCF, 0xF0,
  0x3C, 0x00, 0x00, 0xE0, 0x00, 0x00, 0x00, 0x00, 0x1C, 0xFE, 0x00, 0xF0,
  0x3F, 0x9F, 0x70, 0x3C, 0x01, 0xFD, 0xE0, 0x00, 0x00, 0x00, 0x00, 0x1D,
  0xFF, 0x00, 0x77, 0xFF, 0x1E, 0x7F, 0xB8, 0x03, 0xFE, 0xE0, 0x00, 0x00,
  0x00, 0x00, 0x7B, 0x87, 0xC0, 0x7F, 0xFE, 0x18, 0xFF, 0xF8, 0x07, 0x87,
  0x78, 0x00, 0x00, 0x00, 0x00, 0x7B, 0x07, 0xC0, 0x7F, 0x04, 0x01, 0xFF,
  0xF8, 0x0F, 0x83, 0x78, 0x00, 0x00, 0x00, 0x00, 0x7F, 0x01, 0xE0, 0x70,
  0x00, 0x01, 0xF0, 0x3C, 0x0E, 0x03, 0x38, 0x00, 0x00, 0x00, 0x00, 0x7C,
  0x00, 0xF0, 0xF0, 0x00, 0x00, 0x38, 0x1E, 0x3C, 0x00, 0xF8, 0x00, 0x00,
  0x00, 0x00, 0x7C, 0x00, 0x70, 0xC0, 0x00, 0x00, 0xF8, 0x06, 0x38, 0x01,
  0xF8, 0x00, 0x00, 0x00, 0x00, 0x7E, 0x00, 0x70, 0x00, 0x00, 0x00, 0xF8,
  0x00, 0x3C, 0x01, 0xF8, 0x00, 0x00, 0x00, 0x00, 0x7C, 0x07, 0xF8, 0x00,
  0x00, 0x00, 0x38, 0x00, 0x7F, 0x01, 0xF8, 0x00, 0x00, 0x00, 0x00, 0x7C,
  0x07, 0xF8, 0x00, 0x00, 0x00, 0x00, 0x00, 0x7F, 0x81, 0xF8, 0x00, 0x00,
  0x00, 0x00, 0x7E, 0x0F, 0x38, 0x00, 0x00, 0x00, 0x00, 0x00, 0x33, 0xC1,
  0xF8, 0x00, 0x00, 0x00, 0x00, 0x7C, 0x0F, 0x90, 0x00, 0x00, 0x00, 0x00,
  0x00, 0x0F, 0xC1, 0xF8, 0x00, 0x00, 0x00, 0x00, 0x1E, 0x07, 0xC0, 0x00,
  0x00, 0x00, 0x00, 0x00, 0x0F, 0x81, 0xE0, 0x00, 0x00, 0x00, 0x00, 0x1F,
  0x0F, 0xC0, 0x00, 0x00, 0x00, 0x00, 0x00, 0x01, 0xC3, 0xE0, 0x00, 0x00,
  0x00, 0x00, 0x1F, 0x0E, 0x00, 0x00, 0x00, 0x00, 0x00, 0x00, 0x03, 0xC7,
  0xE0, 0x00, 0x00, 0x00, 0x00, 0x0F, 0x8F, 0x00, 0x00, 0x00, 0x00, 0x00,
  0x00, 0x03, 0xCF, 0xC0, 0x00, 0x00, 0x00, 0x00, 0x0F, 0xC7, 0x00, 0x00,
  0x00, 0x00, 0x00, 0x00, 0x01, 0xFF, 0x80, 0x00, 0x00, 0x00, 0x00, 0x07,
  0xFE, 0x00, 0x00, 0x00, 0x00, 0x00, 0x00, 0x00, 0xFF, 0x80, 0x00, 0x00,
  0x00, 0x00, 0x03, 0xFE, 0x00, 0x00, 0x00, 0x00, 0x00, 0x00, 0x00, 0xFE,
  0x00, 0x00, 0x00, 0x00, 0x00, 0x00, 0xFC, 0x00, 0x3C, 0x00, 0x00, 0x00,
  0x60, 0x00, 0x78, 0x00, 0x00, 0x00, 0x00, 0x00, 0x00, 0x38, 0x00, 0x7C,
  0x00, 0x00, 0x00, 0xF8, 0x00, 0x30, 0x00, 0x00, 0x00, 0x00, 0x00, 0x00,
  0x38, 0x00, 0x3C, 0x00, 0x00, 0x00, 0xF8, 0x00, 0x38, 0x00, 0x00, 0x00,
  0x00, 0x00, 0x00, 0x78, 0x00, 0x00, 0x00, 0x00, 0x00, 0x00, 0x00, 0x38,
  0x00, 0x00, 0x00, 0x00, 0x00, 0x00, 0x78, 0x00, 0x00, 0x00, 0x00, 0x00,
  0x00, 0x00, 0x38, 0x00, 0x00, 0x00, 0x00, 0x0E, 0x00, 0x70, 0x00, 0x00,
  0x00, 0x00, 0x00, 0x00, 0x00, 0x18, 0x00, 0xE0, 0x00, 0x00, 0x0E, 0x00,
  0x60, 0x00, 0x00, 0x00, 0x00, 0x00, 0x00, 0x00, 0x18, 0x00, 0xE0, 0x00,
  0x00, 0x0F, 0x00, 0x60, 0x00, 0x00, 0x00, 0x00, 0x00, 0x00, 0x00, 0x1C,
  0x01, 0xE0, 0x00, 0x00, 0x07, 0x80, 0x60, 0x00, 0x00, 0x00, 0x00, 0x00,
  0x00, 0x00, 0x1C, 0x07, 0xC0, 0x00, 0x00, 0x03, 0xC0, 0xE0, 0x00, 0x00,
  0x00, 0x00, 0x00, 0x00, 0x00, 0x1C, 0x07, 0x80, 0x00, 0x00, 0x00, 0xC0,
  0xE0, 0x00, 0x00, 0x00, 0x00, 0x00, 0x00, 0x00, 0x1C, 0x06, 0x00, 0x00,
  0x00, 0x00, 0x00, 0xE0, 0x00, 0xFC, 0x00, 0x00, 0x00, 0xFC, 0x00, 0x1C,
  0x00, 0x00, 0x00, 0x00, 0x00, 0x00, 0xC0, 0x03, 0xFE, 0x00, 0x00, 0x03,
  0xFF, 0x00, 0x1C, 0x00, 0x00, 0x00, 0x00, 0x3E, 0x01, 0xC0, 0x07, 0xFF,
  0x80, 0x00, 0x07, 0xFF, 0x80, 0x0E, 0x00, 0xF8, 0x00, 0x00, 0x3E, 0x01,
  0xC0, 0x0F, 0xCF, 0x80, 0x00, 0x07, 0xEF, 0xC0, 0x0F, 0x00, 0xF8, 0x00,
  0x00, 0x00, 0x01, 0xC0, 0x1F, 0x07, 0xC0, 0x00, 0x0F, 0x03, 0xE0, 0x0F,
  0x00, 0x00, 0x00, 0x00, 0x00, 0x07, 0xC0, 0x3E, 0x03, 0xC0, 0x00, 0x0F,
  0x03, 0xF0, 0x07, 0xC0, 0x00, 0x00, 0x00, 0x00, 0x0F, 0xC0, 0x3C, 0x01,
  0xC0, 0xF0, 0x0E, 0x01, 0xF0, 0x07, 0xE0, 0x00, 0x00, 0x00, 0x00, 0x0F,
  0x80, 0x3C, 0x00, 0xC0, 0xF8, 0x0C, 0x00, 0xF0, 0x03, 0xE0, 0x00, 0x00,
  0x00, 0x00, 0x1F, 0x60, 0x00, 0x00, 0x00, 0xF0, 0x00, 0x00, 0x00, 0xE1,
  0xE0, 0x00, 0x00, 0x00, 0x00, 0x1E, 0x7E, 0x00, 0x00, 0x00, 0x60, 0x00,
  0x00, 0x03, 0xF7, 0xC0, 0x00, 0x00, 0x00, 0x00, 0x1F, 0xFF, 0x00, 0x00,
  0x18, 0x61, 0x80, 0x00, 0x0F, 0xE7, 0xC0, 0x00, 0x00, 0x00, 0x00, 0x0F,
  0xC7, 0x80, 0x00, 0x18, 0xF1, 0x80, 0x00, 0x0F, 0x03, 0xE0, 0x00, 0x00,
  0x00, 0x00, 0x07, 0xC1, 0x00, 0x00, 0x1F, 0xFF, 0x80, 0x00, 0x00, 0x03,
  0xC0, 0x00, 0x00, 0x00, 0x00, 0x03, 0x80, 0x00, 0x00, 0x0F, 0xFF, 0x80,
  0x00, 0x0E, 0x03, 0x80, 0x00, 0x00, 0x00, 0x00, 0x03, 0x87, 0x80, 0x00,
  0x03, 0xDE, 0x00, 0x00, 0x0F, 0x87, 0x80, 0x00, 0x00, 0x00, 0x00, 0x03,
  0xBF, 0x00, 0x00, 0x03, 0x0E, 0x00, 0x00, 0x03, 0xE7, 0x80, 0x00, 0x00,
  0x00, 0x00, 0x03, 0xFC, 0x00, 0x00, 0x03, 0x0E, 0x00, 0x00, 0x00, 0xEF,
  0x00, 0x00, 0x00, 0x00, 0x00, 0x01, 0xE0, 0x00, 0x00, 0x03, 0x8E, 0x00,
  0x00, 0x00, 0x3F, 0x00, 0x00, 0x00, 0x00, 0x00, 0x01, 0xF8, 0x00, 0x00,
  0x01, 0xDC, 0x00, 0x00, 0x00, 0x7C, 0x00, 0x00, 0x00, 0x00, 0x00, 0x00,
  0x7E, 0x00, 0x00, 0x01, 0xFC, 0x00, 0x00, 0x03, 0xF8, 0x00, 0x00, 0x00,
  0x00, 0x00, 0x00, 0x1F, 0xC0, 0x00, 0x00, 0xF8, 0x00, 0x00, 0x1F, 0xE0,
  0x00, 0x00, 0x00, 0x00, 0x00, 0x00, 0x1F, 0xE0, 0x00, 0x00, 0x00, 0x00,
  0x00, 0x7F, 0xC0, 0x00, 0x00, 0x00, 0x00, 0x00, 0x00, 0x07, 0xE0, 0xFF,
  0x00, 0x00, 0x00, 0x00, 0xFF, 0x80, 0x00, 0x00, 0x00, 0x00, 0x00, 0x00,
  0x0F, 0x07, 0xFF, 0xC0, 0x00, 0x03, 0xFC, 0x17, 0x80, 0x00, 0x00, 0x00,
  0x00, 0x00, 0x00, 0x0E, 0x0F, 0xFF, 0xF0, 0x00, 0x07, 0xFF, 0x03, 0xC0,
  0x00, 0x00, 0x00, 0x00, 0x00, 0x00, 0x1E, 0x0F, 0xC1, 0xF0, 0x00, 0x0F,
  0xFF, 0x01, 0xC0, 0x00, 0x00, 0x00, 0x00, 0x00, 0x00, 0x1C, 0x0E, 0x00,
  0x78, 0x00, 0x1F, 0x8F, 0x00, 0xC0, 0x00, 0x00, 0x00, 0x00, 0x00, 0x00,
  0x3C, 0x00, 0x00, 0x78, 0x00, 0x3E, 0x00, 0x00, 0xE0, 0x00, 0x00, 0x00,
  0x00, 0x00, 0x00, 0x3C, 0x00, 0x00, 0x38, 0x00, 0x3C, 0x00, 0x00, 0xF0,
  0x00, 0x00, 0x00, 0x00, 0x00, 0x00, 0x38, 0x00, 0x00, 0x38, 0x00, 0x38,
  0x00, 0x00, 0x60, 0x00, 0x00, 0x00, 0x00, 0x00, 0x00, 0x38, 0x00, 0x00,
  0x38, 0x00, 0x38, 0x00, 0x00, 0x70, 0x00, 0x00, 0x00, 0x00, 0x00, 0x00,
  0x78, 0x00, 0x00, 0x78, 0x00, 0x3C, 0x00, 0x00, 0x78, 0x00, 0x00, 0x00,
  0x00, 0x00, 0x00, 0x78, 0x00, 0x00, 0x78, 0x00, 0x3E, 0x00, 0x00, 0x78,
  0x00, 0x00, 0x00, 0x00, 0x00, 0x00, 0x60, 0x00, 0x00, 0x70, 0x00, 0x1E,
  0x00, 0x00, 0x38, 0x00, 0x00, 0x00, 0x00, 0x00, 0x00, 0x66, 0x00, 0x00,
  0xF0, 0x00, 0x1F, 0x00, 0x06, 0x38, 0x00, 0x00, 0x00, 0x00, 0x00, 0x00,
  0xE7, 0x80, 0x03, 0xE0, 0x00, 0x0F, 0x80, 0x0E, 0x3C, 0x00, 0x00, 0x00,
  0x00, 0x00, 0x01, 0xE3, 0xE0, 0x1F, 0xC0, 0x00, 0x07, 0x80, 0x3E, 0x3C,
  0x00, 0x00, 0x00, 0x00, 0x00, 0x01, 0xC3, 0xF0, 0x1F, 0x80, 0x00, 0x03,
  0xE0, 0x7C, 0x1C, 0x00, 0x00, 0x00, 0x00, 0x00, 0x01, 0xC0, 0xFF, 0xFE,
  0x00, 0x00, 0x01, 0xFF, 0xF8, 0x1C, 0x00, 0x00, 0x00, 0x00, 0x00, 0x01,
  0xC0, 0x7F, 0xF8, 0x00, 0x00, 0x00, 0x7F, 0xE0, 0x1C, 0x00, 0x00, 0x00,
  0x00, 0x00, 0x01, 0xC0, 0x1F, 0xF0, 0x00, 0x00, 0x00, 0x3F, 0xC0, 0x1C,
  0x00, 0x00, 0x00, 0x00, 0x00, 0x01, 0xC0, 0xF0, 0x00, 0x00, 0x00, 0x00,
  0x00, 0x00, 0x1C, 0x00, 0x00, 0x00, 0x00, 0x00, 0x01, 0xC1, 0xFF, 0x00,
  0x00, 0x00, 0x00, 0x33, 0xC0, 0x1C, 0x00, 0x00, 0x00, 0x00, 0x00, 0x01,
  0xC3, 0xFF, 0x80, 0x00, 0x00, 0x00, 0x7F, 0xC0, 0x1C, 0x00, 0x00, 0x00,
  0x00, 0x00, 0x01, 0xE7, 0xFF, 0xC0, 0x00, 0x00, 0x00, 0xFF, 0xF0, 0x3C,
  0x00, 0x00, 0x00, 0x00, 0x00, 0x00, 0xEF, 0x9D, 0xE0, 0x00, 0x00, 0x01,
  0xEE, 0xF8, 0x3C, 0x00, 0x00, 0x00, 0x00, 0x00, 0x00, 0x6F, 0xEE, 0xF0,
  0x00, 0x00, 0x03, 0xCD, 0xF8, 0x38, 0x00, 0x00, 0x00, 0x00, 0x00, 0x00,
  0x7F, 0xE6, 0xF0, 0x00, 0x00, 0x03, 0xB9, 0xFC, 0x78, 0x00, 0x00, 0x00,
  0x00, 0x00, 0x00, 0x7C, 0x60, 0x70, 0x00, 0x00, 0x03, 0x91, 0xBC, 0x78,
  0x00, 0x00, 0x00, 0x00, 0x00, 0x00, 0x3F, 0x80, 0x38, 0x00, 0x00, 0x07,
  0x00, 0x0C, 0x60, 0x00, 0x00, 0x00, 0x00, 0x00, 0x00, 0x3F, 0x3E, 0x3C,
  0x00, 0x00, 0x07, 0x1E, 0x6C, 0xE0, 0x00, 0x00, 0x00, 0x00, 0x00, 0x00,
  0x1C, 0x7F, 0x3C, 0x00, 0x00, 0x06, 0x3F, 0x6F, 0xE0, 0x00, 0x00, 0x00,
  0x00, 0x00, 0x00, 0x1E, 0x77, 0x1C, 0x00, 0x00, 0x06, 0x73, 0x0F, 0xC0,
  0x00, 0x00, 0x00, 0x00, 0x00, 0x00, 0x0E, 0x73, 0x1E, 0x00, 0x00, 0x06,
  0x77, 0x1F, 0x80, 0x00, 0x00, 0x00, 0x00, 0x00, 0x00, 0x07, 0x3F, 0x1F,
  0xE0, 0x00, 0x06, 0x3F, 0x1F, 0x00, 0x00, 0x00, 0x00, 0x00, 0x00, 0x00,
  0x07, 0x1E, 0x1F, 0xFF, 0xFF, 0xFE, 0x1E, 0x3C, 0x00, 0x00, 0x00, 0x00,
  0x00, 0x00, 0x00, 0x03, 0xC0, 0x3F, 0xFF, 0xFF, 0xFF, 0x00, 0x78, 0x00,
  0x00, 0x00, 0x00, 0x00, 0x00, 0x00, 0x03, 0xE0, 0x7C, 0x3F, 0xFF, 0xFF,
  0x81, 0xF8, 0x00, 0x00, 0x00, 0x00, 0x00, 0x00, 0x00, 0x00, 0xFF, 0xF8,
  0x00, 0x00, 0x03, 0xC3, 0xE0, 0x00, 0x00, 0x00, 0x00, 0x00, 0x00, 0x00,
  0x00, 0x7F, 0xF0, 0x00, 0x00, 0x03, 0xFF, 0xC0, 0x00, 0x00, 0x00, 0x00,
  0x00, 0x00, 0x00, 0x00, 0x1F, 0xE0, 0x00, 0x00, 0x00, 0xFF, 0x00, 0x00,
  0x00, 0x00, 0x00, 0x00, 0x00, 0x00, 0x00, 0x00, 0x00, 0x00, 0x00, 0x00,
  0x00, 0x00, 0x00, 0x00, 0x00, 0x00, 0x00, 0x00, 0x00, 0x00, 0x00, 0x00,
  0x00, 0x00, 0x00, 0x00, 0x00, 0x00, 0x00, 0x00, 0x00, 0x00, 0x00, 0x00,
  0x00, 0x00, 0x00, 0x00, 0x00, 0x00, 0x00, 0x00, 0x00, 0x00, 0x00, 0x00,
  0x00, 0x00, 0x00, 0x00, 0x00, 0x00, 0x00, 0x00, 0x00, 0x00, 0x00, 0x00,
  0x00, 0x00, 0x00, 0x00, 0x00, 0x00, 0x00, 0x00, 0x00, 0x00, 0x00, 0x00,
  0x00, 0x00, 0x00, 0x00, 0x00, 0x00, 0x00, 0x00, 0x00, 0x00, 0x00, 0x00,
  0x00, 0x00, 0x00, 0x00, 0x00, 0x00, 0x00, 0x00, 0x00, 0x00, 0x00, 0x00,
  0x00, 0x00, 0x00, 0x00, 0x00, 0x00, 0x00, 0x00, 0x00, 0x00, 0x00, 0x00,
  0x00, 0x00, 0x00, 0x00, 0x00, 0x00, 0x00, 0x00, 0x00, 0x00, 0x00, 0x00,
  0x00, 0x00, 0x00, 0x00, 0x00, 0x00, 0x00, 0x00, 0x00, 0x00, 0x00, 0x00,
  0x00, 0x00, 0x00, 0x00, 0x00, 0x00, 0x00, 0x00, 0x00, 0x00, 0x00, 0x00,
  0x00, 0x00, 0x00, 0x00, 0x00, 0x00, 0x00, 0x00, 0x00, 0x00, 0x00, 0x00,
  0x00, 0x00, 0x00, 0x00, 0x00, 0x00, 0x00, 0x00, 0x00, 0x00, 0x00, 0x00,
};

const uint8_t PENGUIN_IDLE_WINK_BITMAP[] BITMAP_PROGMEM = {
  0x00, 0x00, 0x00, 0x00, 0x00, 0x00, 0x00, 0x00, 0x00, 0x00, 0x00, 0x00,
  0x00, 0x00, 0x00, 0x00, 0x00, 0x00, 0x00, 0x00, 0x00, 0x00, 0x00, 0x00,
  0x00, 0x00, 0x00, 0x00, 0x00, 0x00, 0x00, 0x00, 0x00, 0x00, 0x00, 0x00,
  0x00, 0xFC, 0x00, 0x00, 0x00, 0x00, 0x00, 0x00, 0x00, 0x00, 0x00, 0x00,
  0x00, 0x00, 0x00, 0x00, 0xFE, 0x00, 0x00, 0x00, 0x00, 0x00, 0x00, 0x00,
  0x00, 0x00, 0x00, 0x00, 0x00, 0x00, 0x00, 0xFF, 0x00, 0x00, 0x00, 0x00,
  0x00, 0x00, 0x00, 0x00, 0x00, 0x00, 0x00, 0x00, 0x00, 0x0F, 0xFF, 0x00,
  0x00, 0x00, 0x00, 0x00, 0x00, 0x00, 0x00, 0x00, 0x00, 0x00, 0x00, 0x00,
  0x0F, 0xFF, 0x00, 0x00, 0x00, 0x00, 0x00, 0x00, 0x00, 0x00, 0x00, 0x00,
  0x00, 0x00, 0x00, 0x3F, 0xFF, 0xE0, 0x00, 0x00, 0x00, 0x00, 0x00, 0x00,
  0x00, 0x00, 0x00, 0x00, 0x00, 0x0F, 0xFF, 0xFF, 0xFF, 0xE0, 0x00, 0x00,
  0x00, 0x00, 0x00, 0x00, 0x00, 0x00, 0x00, 0x00, 0x0F, 0xFF, 0xFF, 0xFF,
  0xE0, 0x00, 0x00, 0x00, 0x00, 0x00, 0x00, 0x00, 0x00, 0x00, 0x01, 0xFF,
  0xFF, 0xFF, 0xFF, 0xFF, 0x00, 0x00, 0x00, 0x00, 0x00, 0x00, 0x00, 0x00,
  0x00, 0x03, 0xFF, 0xFF, 0xFF, 0xFF, 0xFF, 0x80, 0x00, 0x00, 0x00, 0x00,
  0x00, 0x00, 0x00, 0x00, 0x0F, 0xFF, 0xFF, 0xFF, 0xFF, 0xFF, 0xE0, 0x00,
  0x00, 0x00, 0x00, 0x00, 0x00, 0x00, 0x00, 0x3F, 0xFF, 0xFF, 0xFF, 0xFF,
  0xFF, 0xF8, 0x00, 0x00, 0x00, 0x00, 0x00, 0x00, 0x00, 0x00, 0x3F, 0xFF,
  0xFF, 0xFF, 0xFF, 0xFF, 0xF8, 0x00, 0x00, 0x00, 0x00, 0x00, 0x00, 0x00,
  0x00, 0xFF, 0xFF, 0xFF, 0xFF, 0xFF, 0xFF, 0xFE, 0x00, 0x00, 0x00, 0x00,
  0x00, 0x00, 0x00, 0x00, 0xFF, 0xFF, 0xFF, 0xFF, 0xFF, 0xFF, 0xFE, 0x00,
  0x00, 0x00, 0x00, 0x00, 0x00, 0x00, 0x03, 0xFF, 0xFF, 0xFF, 0xFF, 0xFF,
  0xFF, 0xFF, 0x80, 0x00, 0x00, 0x00, 0x00, 0x00, 0x00, 0x07, 0xFF, 0xFF,
  0xFF, 0xFF, 0xFF, 0xFF, 0xFF, 0x80, 0x00, 0x00, 0x00, 0x00, 0x00, 0x00,
  0x07, 0xFF, 0xFF, 0xFF, 0xFF, 0xFF, 0xFF, 0xFF, 0xE0, 0x00, 0x00, 0x00,
  0x00, 0x00, 0x00, 0x0F, 0xFF, 0xFF, 0xFF, 0xFF, 0xFF, 0xFF, 0xFF, 0xE0,
  0x00, 0x00, 0x00, 0x00, 0x00, 0x00, 0x3F, 0xFF, 0xFF, 0xFF, 0xFF, 0xFF,
  0xFF, 0xFF, 0xF8, 0x00, 0x00, 0x00, 0x00, 0x00, 0x00, 0x3F, 0xFF, 0xFF,
  0xFF, 0xFF, 0xFF, 0xFF, 0xFF, 0xF8, 0x00, 0x00, 0x00, 0x00, 0x00, 0x00,
  0x3F, 0xFF, 0xFF, 0xFF, 0xFF, 0xFF, 0xFF, 0xFF, 0xF8, 0x00, 0x00, 0x00,
  0x00, 0x00, 0x00, 0x3F, 0xFF, 0xFF, 0xFF, 0xFF, 0xFF, 0xFF, 0xFF, 0xFC,
  0x00, 0x00, 0x00, 0x00, 0x00, 0x00, 0xFF, 0xFF, 0xFF, 0xFF, 0xFF, 0xFF,
  0xFF, 0xFF, 0xFE, 0x00, 0x00, 0x00, 0x00, 0x00, 0x00, 0xFF, 0xFF, 0xFF,
  0xFF, 0xFF, 0xFF, 0xFF, 0xFF, 0xFE, 0x00, 0x00, 0x00, 0x00, 0x00, 0x00,
  0xFF, 0xFF, 0xFF, 0xFF, 0xFF, 0xFF, 0xFF, 0xFF, 0xFE, 0x00, 0x00, 0x00,
  0x00, 0x00, 0x01, 0xFF, 0xFF, 0xFF, 0xFF, 0xFF, 0xFF, 0xFF, 0xFF, 0xFF,
  0x00, 0x00, 0x00, 0x00, 0x00, 0x01, 0xFF, 0xE0, 0x07, 0xFF, 0xFF, 0xFF,
  0x80, 0x1F, 0xFF, 0x00, 0x00, 0x00, 0x00, 0x00, 0x01, 0xFF, 0x80, 0x00,
  0xFF, 0xFF, 0xFC, 0x00, 0x07, 0xFF, 0x00, 0x00, 0x00, 0x00, 0x00, 0x03,
  0xFF, 0x00, 0x00, 0xFF, 0xFF, 0xFC, 0x00, 0x03, 0xFF, 0x80, 0x00, 0x00,
  0x00, 0x00, 0x07, 0xFC, 0x00, 0x00, 0x1F, 0xFF, 0xF0, 0x00, 0x00, 0xFF,
  0xC0, 0x00, 0x00, 0x00, 0x00, 0x07, 0xFC, 0x00, 0x00, 0x1F, 0xFF, 0xE0,
  0x00, 0x00, 0xFF, 0xC0, 0x00, 0x00, 0x00, 0x00, 0x07, 0xF0, 0x00, 0x00,
  0x1F, 0xFF, 0xC0, 0x00, 0x00, 0x3F, 0xC0, 0x00, 0x00, 0x00, 0x00, 0x07,
  0xF0, 0x00, 0x00, 0x0F, 0xFF, 0x80, 0x00, 0x00, 0x3F, 0xC0, 0x00, 0x00,
  0x00, 0x00, 0x07, 0xF0, 0x03, 0x80, 0x07, 0xFF, 0x80, 0x1C, 0x00, 0x3F,
  0xC0, 0x00, 0x00, 0x00, 0x00, 0x07, 0xE0, 0x07, 0xC0, 0x07, 0xFF, 0x80,
  0x3C, 0x00, 0x0F, 0xC0, 0x00, 0x00, 0x00, 0x00, 0x0F, 0xE0, 0x03, 0xC0,
  0x07, 0xFF, 0x80, 0x3C, 0x00, 0x0F, 0xE0, 0x00, 0x00, 0x00, 0x00, 0x1F,
  0xE0, 0x00, 0x00, 0x01, 0xFF, 0x00, 0x00, 0x00, 0x0F, 0xE0, 0x00, 0x00,
  0x00, 0x00, 0x1F, 0xE0, 0x00, 0x00, 0x03, 0xFF, 0x00, 0x00, 0x00, 0x0F,
  0xE0, 0x00, 0x00, 0x00, 0x00, 0x1F, 0x80, 0x00, 0x00, 0x03, 0xFF, 0x00,
  0x00, 0x00, 0x07, 0xE0, 0x00, 0x00, 0x00, 0x00, 0x1F, 0x80, 0x00, 0x00,
  0x00, 0xFC, 0x00, 0x00, 0x00, 0x07, 0xE0, 0x00, 0x00, 0x00, 0x00, 0x1F,
  0x80, 0x00, 0x00, 0x00, 0xFC, 0x00, 0x00, 0x00, 0x07, 0xE0, 0x00, 0x00,
  0x00, 0x00, 0x1F, 0x80, 0x00, 0x00, 0x00, 0xF8, 0x00, 0x00, 0x00, 0x07,
  0xE0, 0x00, 0x00, 0x00, 0x00, 0x1F, 0x80, 0x07, 0xC0, 0x00, 0x70, 0x00,
  0x00, 0x00, 0x07, 0xE0, 0x00, 0x00, 0x00, 0x00, 0x1F, 0x80, 0x0F, 0xC0,
  0x00, 0x00, 0x00, 0x00, 0x00, 0x07, 0xE0, 0x00, 0x00, 0x00, 0x00, 0x1F,
  0x80, 0x3F, 0xF8, 0x00, 0x00, 0x00, 0x00, 0x00, 0x07, 0xE0, 0x00, 0x00,
  0x00, 0x00, 0x1F, 0x80, 0x7F, 0xF8, 0x00, 0x00, 0x00, 0x00, 0x00, 0x07,
  0xE0, 0x00, 0x00, 0x00, 0x00, 0x1F, 0x80, 0xFF, 0x9E, 0x00, 0x00, 0x00,
  0x3F, 0x80, 0x07, 0xE0, 0x00, 0x00, 0x00, 0x00, 0x1F, 0x80, 0xFF, 0x0E,
  0x00, 0x00, 0x00, 0x7F, 0xF0, 0x07, 0xE0, 0x00, 0x00, 0x00, 0x00, 0x1F,
  0x81, 0xDF, 0x0F, 0x00, 0x00, 0x00, 0xFF, 0xF0, 0x07, 0xE0, 0x00, 0x00,
  0x00, 0x00, 0x0F, 0x83, 0xFF, 0x0F, 0x00, 0x00, 0x01, 0xFF, 0xF8, 0x07,
  0xE0, 0x00, 0x00, 0x00, 0x00, 0x07, 0x83, 0xBF, 0x9F, 0x00, 0x00, 0x03,
  0xFF, 0xFC, 0x03, 0xE0, 0x00, 0x00, 0x00, 0x00, 0x07, 0x03, 0xBF, 0xFF,
  0x01, 0xFC, 0x07, 0xE0, 0x7C, 0x01, 0xC0, 0x00, 0x00, 0x00, 0x00, 0x07,
  0x03, 0xBF, 0xFF, 0x03, 0xFF, 0x07, 0x80, 0x3C, 0x01, 0xC0, 0x00, 0x00,
  0x00, 0x00, 0x07, 0x03, 0xBF, 0xFF, 0x07, 0x87, 0x87, 0x00, 0x1C, 0x01,
  0xC0, 0x00, 0x00, 0x00, 0x00, 0x07, 0x01, 0xBF, 0xFF, 0x1F, 0x07, 0x83,
  0x00, 0x0C, 0x01, 0xC0, 0x00, 0x00, 0x00, 0x00, 0x07, 0x00, 0xBD, 0xFF,
  0x1C, 0x01, 0xC0, 0x00, 0x00, 0x03, 0xC0, 0x00, 0x00, 0x00, 0x00, 0x07,
  0x00, 0x1E, 0x7F, 0x1F, 0x03, 0xE0, 0x00, 0x00, 0x01, 0xC0, 0x00, 0x00,
  0x00, 0x00, 0x07, 0x02, 0x4F, 0xFE, 0x1F, 0xFF, 0xC0, 0x00, 0x00, 0x03,
  0xC0, 0x00, 0x00, 0x00, 0x00, 0x0F, 0x86, 0xE7, 0xF8, 0x0F, 0xFF, 0xC0,
  0x00, 0x00, 0x07, 0xC0, 0x00, 0x00, 0x00, 0x00, 0x07, 0x86, 0xE7, 0xF0,
  0x0F, 0xFF, 0x80, 0x00, 0x00, 0x07, 0xC0, 0x00, 0x00, 0x00, 0x00, 0x03,
  0x80, 0x00, 0x00, 0x0F, 0x07, 0x80, 0x00, 0x00, 0x07, 0x80, 0x00, 0x00,
  0x00, 0x00, 0x03, 0xE0, 0x00, 0x00, 0x07, 0x07, 0x80, 0x00, 0x00, 0x0F,
  0x80, 0x00, 0x00, 0x00, 0x00, 0x01, 0xE0, 0x00, 0x00, 0x07, 0x8F, 0x00,
  0x00, 0x00, 0x1F, 0x00, 0x00, 0x00, 0x00, 0x00, 0x00, 0xF0, 0x00, 0x00,
  0x03, 0xDE, 0x00, 0x00, 0x00, 0x3E, 0x00, 0x00, 0x00, 0x00, 0x00, 0x00,
  0xFC, 0x00, 0x00, 0x01, 0xFC, 0x00, 0x00, 0x00, 0xFC, 0x00, 0x00, 0x00,
  0x00, 0x00, 0x00, 0x3E, 0x00, 0x00, 0x00, 0xF8, 0x00, 0x00, 0x01, 0xF8,
  0x00, 0x00, 0x00, 0x00, 0x00, 0x00, 0x1F, 0xC0, 0x00, 0x00, 0x70, 0x00,
  0x00, 0x0F, 0xF0, 0x00, 0x00, 0x00, 0x00, 0x00, 0x00, 0x07, 0xFC, 0x00,
  0x00, 0x00, 0x00, 0x00, 0xFF, 0xE0, 0x00, 0x00, 0x00, 0x00, 0x00, 0x00,
  0x0F, 0xFF, 0xC0, 0x00, 0x00, 0x00, 0x07, 0xFF, 0xF8, 0x00, 0x00, 0x00,
  0x00, 0x00, 0x00, 0x3F, 0xFF, 0xC0, 0x00, 0x00, 0x00, 0x0F, 0xFC, 0xFC,
  0x00, 0x00, 0x00, 0x00, 0x00, 0x00, 0x7E, 0x7F, 0x00, 0x00, 0x00, 0x00,
  0x07, 0xF0, 0x3E, 0x00, 0x00, 0x00, 0x00, 0x00, 0x00, 0xF8, 0xF0, 0x80,
  0x00, 0x00, 0x00, 0x00, 0x00, 0x3F, 0x00, 0x00, 0x00, 0x00, 0x00, 0x03,
  0xF0, 0xF1, 0xC0, 0x00, 0x00, 0x00, 0x04, 0x00, 0x0F, 0x80, 0x00, 0x00,
  0x00, 0x00, 0x07, 0xC0, 0xE1, 0xC0, 0x00, 0x00, 0x00, 0x0C, 0x00, 0x03,
  0xC0, 0x00, 0x00, 0x00, 0x00, 0x0F, 0x81, 0xC1, 0xE0, 0x00, 0x00, 0x00,
  0x3C, 0x70, 0x01, 0xE0, 0x00, 0x00, 0x00, 0x00, 0x1F, 0x01, 0xC0, 0xF0,
  0x00, 0x00, 0x00, 0x3C, 0x70, 0x00, 0xF0, 0x00, 0x00, 0x00, 0x00, 0x1E,
  0x03, 0xC0, 0x7C, 0x00, 0x00, 0x01, 0xF8, 0x70, 0x00, 0x78, 0x00, 0x00,
  0x00, 0x00, 0x3C, 0x03, 0x80, 0x3F, 0x00, 0x00, 0x07, 0xE0, 0x70, 0x00,
  0x78, 0x00, 0x00, 0x00, 0x00, 0xF8, 0x07, 0x80, 0x1F, 0xE0, 0x00, 0x7F,
  0xC0, 0x78, 0x00, 0x3E, 0x00, 0x00, 0x00, 0x00, 0xF0, 0x07, 0x00, 0x03,
  0xF0, 0x01, 0xFF, 0x00, 0x38, 0x00, 0x1E, 0x00, 0x00, 0x00, 0x00, 0xE0,
  0x06, 0x00, 0x01, 0xFC, 0x0F, 0xFC, 0x00, 0x3C, 0x00, 0x0E, 0x00, 0x00,
  0x00, 0x00, 0xE0, 0x0E, 0x00, 0x00, 0x3F, 0xFF, 0xE0, 0x00, 0x3C, 0x00,
  0x0E, 0x00, 0x00, 0x00, 0x03, 0xE0, 0x0E, 0x00, 0x00, 0x3F, 0xFF, 0xC0,
  0x00, 0x1C, 0x00, 0x0F, 0x00, 0x00, 0x00, 0x03, 0xC0, 0x1E, 0x00, 0x00,
  0x07, 0xF8, 0x00, 0x00, 0x1E, 0x00, 0x07, 0x80, 0x00, 0x00, 0x03, 0x80,
  0x1C, 0x00, 0x00, 0x00, 0x00, 0x00, 0x00, 0x1E, 0x00, 0x03, 0x80, 0x00,
  0x00, 0x03, 0x80, 0x1C, 0x00, 0x00, 0x00, 0x00, 0x00, 0x00, 0x0F, 0x00,
  0x03, 0x80, 0x00, 0x00, 0x07, 0x80, 0x1C, 0x00, 0x00, 0x00, 0x00, 0x00,
  0x00, 0x07, 0x80, 0x03, 0x00, 0x00, 0x00, 0x07, 0x80, 0x1C, 0x00, 0x00,
  0x00, 0x00, 0x00, 0x00, 0x07, 0xC0, 0x03, 0xC0, 0x00, 0x00, 0x07, 0x00,
  0x3C, 0x00, 0x00, 0x00, 0x00, 0x00, 0x00, 0x03, 0xE0, 0x03, 0xC0, 0x00,
  0x00, 0x07, 0x00, 0xF8, 0x00, 0x00, 0x00, 0x00, 0x00, 0x00, 0x01, 0xF0,
  0x01, 0xC0, 0x00, 0x00, 0x07, 0x00, 0xF0, 0x00, 0x00, 0x00, 0x00, 0x00,
  0x00, 0x00, 0xF8, 0x01, 0xC0, 0x00, 0x00, 0x07, 0x87, 0xF0, 0x00, 0x00,
  0x00, 0x00, 0x00, 0x00, 0x00, 0x3C, 0x01, 0xC0, 0x00, 0x00, 0x07, 0xFF,
  0xF7, 0xC0, 0x00, 0x00, 0x00, 0x00, 0x00, 0x00, 0x3F, 0x81, 0xC0, 0x00,
  0x00, 0x03, 0xFF, 0x3F, 0xE0, 0x00, 0x00, 0x00, 0x00, 0x0F, 0x00, 0x0F,
  0x83, 0xC0, 0x00, 0x00, 0x01, 0xFC, 0xFF, 0xE4, 0x00, 0x00, 0x00, 0x00,
  0x3F, 0x80, 0x0F, 0xFF, 0xC0, 0x00, 0x00, 0x00, 0x01, 0xFC, 0xFE, 0x00,
  0x00, 0x00, 0x03, 0xBF, 0x80, 0x03, 0xFF, 0x80, 0x00, 0x00, 0x00, 0x03,
  0xFC, 0x7F, 0x80, 0x00, 0x00, 0x0F, 0xF1, 0xFC, 0x01, 0xFF, 0x00, 0x00,
  0x00, 0x00, 0x07, 0xBC, 0x3B, 0x80, 0x00, 0x00, 0x1E, 0xF1, 0xFE, 0x03,
  0x80, 0x00, 0x00, 0x00, 0x00, 0x07, 0x1C, 0x3B, 0xC0, 0x00, 0x00, 0x1C,
  0xE1, 0xFF, 0x01, 0x80, 0x00, 0x00, 0x00, 0x00, 0x07, 0x8C, 0x13, 0xC0,
  0x00, 0x00, 0x1C, 0xE1, 0xC7, 0x03, 0x80, 0x00, 0x00, 0x00, 0x00, 0x07,
  0x0C, 0x01, 0xC0, 0x00, 0x00, 0x3C, 0xC1, 0x87, 0x07, 0x80, 0x00, 0x00,
  0x00, 0x00, 0x07, 0x80, 0x01, 0xC0, 0x00, 0x00, 0x38, 0x01, 0x87, 0x07,
  0x80, 0x00, 0x00, 0x00, 0x00, 0x03, 0x80, 0x01, 0xC0, 0x00, 0x00, 0x38,
  0x00, 0x07, 0x07, 0x00, 0x00, 0x00, 0x00, 0x00, 0x01, 0x80, 0x01, 0xC0,
  0x00, 0x00, 0x38, 0x00, 0x0F, 0x0F, 0x00, 0x00, 0x00, 0x00, 0x00, 0x01,
  0xE0, 0x01, 0xC0, 0x00, 0x00, 0x38, 0x00, 0x1E, 0x0F, 0x00, 0x00, 0x00,
  0x00, 0x00, 0x00, 0xE0, 0x01, 0xC0, 0x00, 0x00, 0x38, 0x00, 0x1C, 0x3E,
  0x00, 0x00, 0x00, 0x00, 0x00, 0x00, 0xF0, 0x01, 0xC0, 0x00, 0x00, 0x38,
  0x00, 0x1C, 0x3C, 0x00, 0x00, 0x00, 0x00, 0x00, 0x00, 0xF0, 0x03, 0xC0,
  0x00, 0x00, 0x38, 0x00, 0x3C, 0xF8, 0x00, 0x00, 0x00, 0x00, 0x00, 0x00,
  0x3C, 0x03, 0xFC, 0x00, 0x00, 0x3C, 0x00, 0x79, 0xF0, 0x00, 0x00, 0x00,
  0x00, 0x00, 0x00, 0x3E, 0x07, 0xFF, 0x00, 0x00, 0x3C, 0x01, 0xFF, 0xE0,
  0x00, 0x00, 0x00, 0x00, 0x00, 0x00, 0x1F, 0x0F, 0xFF, 0xFF, 0xFF, 0xFC,
  0x01, 0xFF, 0xC0, 0x00, 0x00, 0x00, 0x00, 0x00, 0x00, 0x0F, 0xFF, 0xFF,
  0xFF, 0xFF, 0xFF, 0x07, 0xFF, 0x80, 0x00, 0x00, 0x00, 0x00, 0x00, 0x00,
  0x07, 0xFF, 0x03, 0xFF, 0xFF, 0xFF, 0xFF, 0xF8, 0x00, 0x00, 0x00, 0x00,
  0x00, 0x00, 0x00, 0x01, 0xFC, 0x00, 0x00, 0x00, 0x0F, 0xFF, 0x80, 0x00,
  0x00, 0x00, 0x00, 0x00, 0x00, 0x00, 0x00, 0x00, 0x00, 0x00, 0x00, 0x01,
  0xF8, 0x00, 0x00, 0x00, 0x00, 0x00, 0x00, 0x00, 0x00, 0x00, 0x00, 0x00,
  0x00, 0x00, 0x00, 0x00, 0x00, 0x00, 0x00, 0x00, 0x00, 0x00, 0x00, 0x00,
  0x00, 0x00, 0x00, 0x00, 0x00, 0x00, 0x00, 0x00, 0x00, 0x00, 0x00, 0x00,
};

const uint8_t PENGUIN_IDLE_SPARKLE_BITMAP[] BITMAP_PROGMEM = {
  0x00, 0x00, 0x00, 0x00, 0x00, 0x00, 0x00, 0x00, 0x00, 0x00, 0x00, 0x00,
  0x00, 0x00, 0x00, 0x00, 0x00, 0x00, 0x00, 0x00, 0x00, 0x00, 0x00, 0x00,
  0x00, 0x00, 0x00, 0x00, 0x00, 0x00, 0x00, 0x00, 0x00, 0x00, 0x00, 0x00,
  0x00, 0x00, 0x00, 0x00, 0x00, 0x00, 0x00, 0x00, 0x00, 0x00, 0x00, 0x00,
  0x00, 0x00, 0x00, 0x00, 0x00, 0x00, 0x00, 0x00, 0x00, 0x00, 0x00, 0x00,
  0x00, 0x00, 0x00, 0x00, 0x00, 0x00, 0x00, 0x00, 0x00, 0x00, 0x00, 0x00,
  0x00, 0x00, 0x00, 0x00, 0x00, 0x00, 0x00, 0x00, 0x00, 0x00, 0x00, 0x00,
  0x00, 0x00, 0x00, 0x00, 0x00, 0x00, 0x00, 0x00, 0x00, 0x00, 0x00, 0x00,
  0x00, 0x00, 0x00, 0x00, 0x00, 0x00, 0x00, 0x00, 0x00, 0x00, 0x00, 0x00,
  0x00, 0x00, 0x00, 0x00, 0x00, 0x00, 0x00, 0x00, 0x00, 0x00, 0x00, 0x00,
  0x00, 0x00, 0x00, 0x00, 0x00, 0x00, 0x00, 0x00, 0x00, 0x00, 0x00, 0x00,
  0x00, 0x00, 0x00, 0x00, 0x00, 0x00, 0x00, 0x00, 0x00, 0x00, 0x00, 0x00,
  0x00, 0x00, 0x00, 0x00, 0x00, 0x00, 0x00, 0x00, 0x00, 0x00, 0x00, 0x00,
  0x00, 0x1E, 0x00, 0x00, 0x00, 0x00, 0x00, 0x00, 0x00, 0x00, 0x00, 0x00,
  0x00, 0x00, 0x00, 0x00, 0x3F, 0x00, 0x00, 0x00, 0x00, 0x00, 0x00, 0x00,
  0x00, 0x00, 0x00, 0x00, 0x00, 0x00, 0x01, 0xFF, 0x80, 0x00, 0x00, 0x00,
  0x00, 0x00, 0x00, 0x00, 0x00, 0x00, 0x00, 0x00, 0x00, 0x03, 0xFF, 0x80,
  0x00, 0x00, 0x00, 0x00, 0x00, 0x00, 0x00, 0x00, 0x00, 0x00, 0x00, 0x00,
  0x07, 0xFF, 0xE0, 0x00, 0x00, 0x00, 0x00, 0x00, 0x00, 0x00, 0x00, 0x00,
  0x00, 0x00, 0x01, 0xFF, 0xFF, 0xFF, 0x80, 0x00, 0x00, 0x00, 0x00, 0x00,
  0x00, 0x00, 0x00, 0x00, 0x00, 0x03, 0xFF, 0xFF, 0xFF, 0xC0, 0x00, 0x00,
  0x00, 0x00, 0x00, 0x00, 0x00, 0x00, 0x00, 0x00, 0x1F, 0xFF, 0xFF, 0xFF,
  0xFC, 0x00, 0x00, 0x00, 0x00, 0x00, 0x00, 0x00, 0x00, 0x00, 0x00, 0xFF,
  0xFF, 0xFF, 0xFF, 0xFF, 0x80, 0x00, 0x00, 0x00, 0x00, 0x00, 0x00, 0x00,
  0x00, 0x00, 0xFF, 0xFF, 0xFF, 0xFF, 0xFF, 0x80, 0x00, 0x00, 0x00, 0x00,
  0x00, 0x00, 0x00, 0x00, 0x03, 0xFF, 0xFF, 0xFF, 0xFF, 0xFF, 0xE0, 0x00,
  0x00, 0x00, 0x00, 0x00, 0x00, 0x00, 0x00, 0x07, 0xFF, 0xFF, 0xFF, 0xFF,
  0xFF, 0xF0, 0x00, 0x00, 0x00, 0x00, 0x00, 0x00, 0x00, 0x00, 0x0F, 0xFF,
  0xFF, 0xFF, 0xFF, 0xFF, 0xF8, 0x00, 0x00, 0x00, 0x00, 0x00, 0x00, 0x00,
  0x00, 0x1F, 0xFF, 0xFF, 0xFF, 0xFF, 0xFF, 0xFC, 0x00, 0x00, 0x00, 0x00,
  0x00, 0x00, 0x00, 0x00, 0x3F, 0xFF, 0xFF, 0xFF, 0xFF, 0xFF, 0xFE, 0x00,
  0x00, 0x00, 0x00, 0x00, 0x00, 0x00, 0x00, 0x7F, 0xFF, 0xFF, 0xFF, 0xFF,
  0xFF, 0xFF, 0x00, 0x00, 0x00, 0x00, 0x00, 0x00, 0x00, 0x00, 0xFF, 0xFF,
  0xFF, 0xFF, 0xFF, 0xFF, 0xFF, 0x80, 0x00, 0x00, 0x00, 0x00, 0x00, 0x00,
  0x01, 0xFF, 0xFF, 0xFF, 0xFF, 0xFF, 0xFF, 0xFF, 0xC0, 0x00, 0x00, 0x00,
  0x00, 0x00, 0x00, 0x01, 0xFF, 0xFF, 0xFF, 0xFF, 0xFF, 0xFF, 0xFF, 0xC0,
  0x00, 0x00, 0x00, 0x00, 0x00, 0x00, 0x01, 0xFF, 0xFF, 0xFF, 0xFF, 0xFF,
  0xFF, 0xFF, 0xC0, 0x00, 0x00, 0x00, 0x00, 0x00, 0x00, 0x07, 0xFF, 0xFF,
  0xFF, 0xFF, 0xFF, 0xFF, 0xFF, 0xE0, 0x00, 0x00, 0x00, 0x00, 0x00, 0x00,
  0x07, 0xFF, 0xFF, 0xFF, 0xFF, 0xFF, 0xFF, 0xFF, 0xE0, 0x00, 0x00, 0x00,
  0x00, 0x00, 0x00, 0x07, 0xFF, 0xFF, 0xFF, 0xFF, 0xFF, 0xFF, 0xFF, 0xE0,
  0x00, 0x00, 0x00, 0x00, 0x00, 0x00, 0x0F, 0xFE, 0x00, 0xFF, 0xFF, 0xFF,
  0x00, 0x7F, 0xF8, 0x00, 0x00, 0x00, 0x00, 0x00, 0x00, 0x0F, 0xFE, 0x00,
  0xFF, 0xFF, 0xFF, 0x00, 0x7F, 0xF8, 0x00, 0x00, 0x00, 0x00, 0x00, 0x00,
  0x0F, 0xF8, 0x00, 0x1F, 0xFF, 0xFC, 0x00, 0x0F, 0xF8, 0x00, 0x00, 0x00,
  0x00, 0x00, 0x00, 0x3F, 0xE0, 0x00, 0x07, 0xFF, 0xF0, 0x00, 0x07, 0xFC,
  0x00, 0x00, 0x00, 0x00, 0x00, 0x00, 0x3F, 0xC0, 0x00, 0x07, 0xFF, 0xE0,
  0x00, 0x03, 0xFC, 0x00, 0x00, 0x00, 0x00, 0x00, 0x00, 0x3F, 0x80, 0x00,
  0x03, 0xFF, 0xE0, 0x00, 0x01, 0xFC, 0x00, 0x00, 0x00, 0x00, 0x00, 0x00,
  0x3F, 0x80, 0x00, 0x03, 0xFF, 0xC0, 0x00, 0x01, 0xFC, 0x00, 0x00, 0x00,
  0x00, 0x00, 0x00, 0x3F, 0x80, 0x38, 0x03, 0xFF, 0x80, 0x78, 0x01, 0xFC,
  0x00, 0x00, 0x00, 0x00, 0x00, 0x00, 0x7F, 0x00, 0x78, 0x00, 0xFF, 0x00,
  0x7C, 0x00, 0x7E, 0x00, 0x00, 0x00, 0x00, 0x00, 0x00, 0x7F, 0x00, 0x00,
  0x01, 0xFF, 0x80, 0x00, 0x00, 0x7F, 0x00, 0x00, 0x00, 0x00, 0x00, 0x00,
  0x7F, 0x00, 0x00, 0x00, 0xFF, 0x00, 0x00, 0x00, 0x7F, 0x00, 0x00, 0x00,
  0x00, 0x00, 0x00, 0x7C, 0x00, 0x00, 0x00, 0x7E, 0x00, 0x00, 0x00, 0x3F,
  0x00, 0x00, 0x00, 0x00, 0x00, 0x00, 0x7C, 0x00, 0x00, 0x00, 0x7E, 0x00,
  0x00, 0x00, 0x3F, 0x00, 0x00, 0x00, 0x00, 0x00, 0x00, 0x7C, 0x00, 0x00,
  0x00, 0x3E, 0x00, 0x00, 0x00, 0x3F, 0x00, 0x00, 0x00, 0x00, 0x00, 0x00,
  0x7C, 0x00, 0x00, 0x00, 0x38, 0x00, 0x00, 0x00, 0x3F, 0x00, 0x00, 0x00,
  0x00, 0x00, 0x00, 0x7C, 0x00, 0xF8, 0x00, 0x00, 0x00, 0x3E, 0x00, 0x3F,
  0x00, 0x00, 0x00, 0x00, 0x00, 0x00, 0x7C, 0x03, 0xFE, 0x00, 0x00, 0x00,
  0xFF, 0xC0, 0x3F, 0x00, 0x00, 0x00, 0x00, 0x00, 0x00, 0x7C, 0x07, 0xFF,
  0x00, 0x00, 0x00, 0xFF, 0xC0, 0x3F, 0x00, 0x00, 0x00, 0x00, 0x00, 0x00,
  0x7C, 0x0F, 0xF3, 0xC0, 0x00, 0x03, 0x8F, 0xE0, 0x3F, 0x00, 0x00, 0x00,
  0x00, 0x06, 0x00, 0x7C, 0x0F, 0xF1, 0xC0, 0x00, 0x03, 0x07, 0xF0, 0x3F,
  0x00, 0x00, 0x00, 0x00, 0x06, 0x00, 0x7C, 0x1D, 0xE1, 0xE0, 0x00, 0x07,
  0x0F, 0xF0, 0x3F, 0x00, 0x00, 0x00, 0x00, 0x06, 0x00, 0x38, 0x1B, 0xF1,
  0xE0, 0x00, 0x07, 0x8F, 0xF8, 0x3F, 0x00, 0x00, 0x00, 0x00, 0x06, 0x00,
  0x38, 0x1B, 0xFF, 0xE0, 0x7C, 0x07, 0xFF, 0xF8, 0x1E, 0x00, 0x00, 0x00,
  0x00, 0x0F, 0x00, 0x38, 0x1B, 0xFF, 0xE0, 0xFE, 0x07, 0xFF, 0xF8, 0x0C,
  0x00, 0x00, 0x00, 0x00, 0x1F, 0x80, 0x38, 0x1B, 0xFF, 0xE3, 0xFF, 0x07,
  0xFF, 0xF8, 0x0E, 0x00, 0x00, 0x00, 0x00, 0x7B, 0xE0, 0x38, 0x1B, 0xFF,
  0xE7, 0x87, 0x87, 0xFF, 0xF8, 0x0E, 0x00, 0x00, 0x00, 0x00, 0x70, 0xE0,
  0x38, 0x09, 0xDF, 0xC7, 0x01, 0xC7, 0xFB, 0xD0, 0x0E, 0x02, 0x00, 0x00,
  0x00, 0x7B, 0xE0, 0x38, 0x01, 0xEF, 0xC7, 0x87, 0xC3, 0xE7, 0x80, 0x0E,
  0x07, 0x00, 0x00, 0x00, 0x1F, 0x80, 0x38, 0x34, 0xFF, 0x87, 0xFF, 0xC1,
  0xFF, 0x6C, 0x1E, 0x07, 0x00, 0x00, 0x00, 0x07, 0x00, 0x38, 0x36, 0x7E,
  0x03, 0xFF, 0x80, 0xFE, 0x6C, 0x1C, 0x03, 0x00, 0x00, 0x00, 0x06, 0x00,
  0x1C, 0x00, 0x00, 0x03, 0x83, 0x80, 0x00, 0x00, 0x38, 0x07, 0x80, 0x00,
  0x00, 0x06, 0x00, 0x1E, 0x00, 0x00, 0x03, 0x87, 0x80, 0x00, 0x00, 0x78,
  0x0F, 0xC0, 0x00, 0x00, 0x06, 0x00, 0x0F, 0x00, 0x00, 0x01, 0xC7, 0x00,
  0x00, 0x00, 0xF8, 0x3D, 0xF0, 0x00, 0x00, 0x04, 0x00, 0x07, 0x80, 0x00,
  0x00, 0xFE, 0x00, 0x00, 0x01, 0xF0, 0x78, 0xF0, 0x00, 0x00, 0x00, 0x00,
  0x07, 0xE0, 0x00, 0x00, 0xFE, 0x00, 0x00, 0x03, 0xE0, 0x7D, 0xF0, 0x00,
  0x00, 0x00, 0x00, 0x01, 0xF8, 0x00, 0x00, 0x38, 0x00, 0x00, 0x1F, 0xC0,
  0x0F, 0xC0, 0x00, 0x00, 0x00, 0x00, 0x00, 0xFF, 0x00, 0x00, 0x00, 0x00,
  0x00, 0x7F, 0x00, 0x0F, 0x80, 0x00, 0x00, 0x00, 0x00, 0x01, 0xFF, 0xF0,
  0x00, 0x00, 0x00, 0x0F, 0xFF, 0x80, 0x03, 0x00, 0x00, 0x00, 0x00, 0x00,
  0x07, 0xFF, 0xF0, 0x00, 0x00, 0x00, 0x1F, 0xFF, 0xC0, 0x07, 0x00, 0x00,
  0x00, 0x00, 0x00, 0x0F, 0x8C, 0xF0, 0x00, 0x00, 0x00, 0x0F, 0xC3, 0xE0,
  0x07, 0x00, 0x00, 0x00, 0x00, 0x00, 0x3E, 0x1C, 0x30, 0x00, 0x00, 0x00,
  0x00, 0x01, 0xF0, 0x02, 0x00, 0x00, 0x00, 0x00, 0x00, 0x78, 0x3C, 0x78,
  0x00, 0x00, 0x00, 0x18, 0x00, 0x78, 0x00, 0x00, 0x00, 0x00, 0x00, 0x00,
  0xF0, 0x38, 0x78, 0x00, 0x00, 0x00, 0x38, 0xC0, 0x3C, 0x00, 0x00, 0x00,
  0x00, 0x00, 0x01, 0xE0, 0x78, 0x3E, 0x00, 0x00, 0x00, 0xF1, 0xC0, 0x1E,
  0x00, 0x00, 0x00, 0x00, 0x00, 0x03, 0xC0, 0x70, 0x1F, 0x00, 0x00, 0x01,
  0xE1, 0xC0, 0x0E, 0x00, 0x00, 0x00, 0x00, 0x00, 0x03, 0x80, 0xF0, 0x0F,
  0xE0, 0x00, 0x0F, 0xC1, 0xC0, 0x0F, 0x00, 0x00, 0x00, 0x00, 0x00, 0x07,
  0x80, 0xE0, 0x03, 0xF8, 0x00, 0x7F, 0x81, 0xC0, 0x07, 0x80, 0x30, 0x00,
  0x00, 0x00, 0x07, 0x00, 0xE0, 0x00, 0xFF, 0x07, 0xFC, 0x00, 0xE0, 0x03,
  0x80, 0x30, 0x00, 0x00, 0x00, 0x06, 0x01, 0xC0, 0x00, 0x3F, 0x0F, 0xF0,
  0x01, 0xE0, 0x03, 0x80, 0x30, 0x00, 0x00, 0x00, 0x1E, 0x01, 0xC0, 0x00,
  0x0F, 0xFF, 0xC0, 0x00, 0xE0, 0x03, 0xC0, 0xFC, 0x00, 0x00, 0x00, 0x1C,
  0x03, 0x80, 0x00, 0x03, 0xFC, 0x00, 0x00, 0x70, 0x01, 0xC0, 0xFC, 0x00,
  0x00, 0x00, 0x1C, 0x03, 0x80, 0x00, 0x00, 0x00, 0x00, 0x00, 0x70, 0x00,
  0xE0, 0x38, 0x00, 0x00, 0x00, 0x1C, 0x03, 0x80, 0x00, 0x00, 0x00, 0x00,
  0x00, 0x78, 0x00, 0xE0, 0x30, 0x00, 0x00, 0x00, 0x3C, 0x03, 0x80, 0x00,
  0x00, 0x00, 0x00, 0x00, 0x38, 0x00, 0xE0, 0x30, 0x00, 0x00, 0x00, 0x38,
  0x07, 0x80, 0x00, 0x00, 0x00, 0x00, 0x00, 0x3C, 0x00, 0xF0, 0x00, 0x00,
  0x00, 0x00, 0x38, 0x07, 0x00, 0x00, 0x00, 0x00, 0x00, 0x00, 0x1E, 0x00,
  0x70, 0x00, 0x00, 0x00, 0x00, 0x38, 0x1F, 0x00, 0x00, 0x00, 0x00, 0x00,
  0x00, 0x0F, 0x00, 0x70, 0x00, 0x00, 0x00, 0x00, 0x3C, 0x7F, 0x7C, 0x00,
  0x00, 0x00, 0x00, 0x00, 0x0F, 0x80, 0x70, 0x00, 0x00, 0x00, 0x00, 0x3F,
  0xFE, 0xFE, 0x00, 0x00, 0x00, 0x00, 0x3C, 0x03, 0xE0, 0x70, 0x00, 0x00,
  0x00, 0x00, 0x1F, 0xE7, 0xFE, 0xC0, 0x00, 0x00, 0x00, 0x7E, 0x01, 0xFC,
  0xF0, 0x00, 0x00, 0x00, 0x00, 0x0F, 0xCF, 0xC7, 0xE0, 0x00, 0x00, 0x07,
  0xFF, 0xE0, 0xFF, 0xE0, 0x00, 0x00, 0x00, 0x00, 0x00, 0x1F, 0xC3, 0xF0,
  0x00, 0x00, 0x0F, 0xE7, 0xF0, 0x3F, 0xC0, 0x00, 0x00, 0x00, 0x00, 0x00,
  0x3C, 0xC3, 0x70, 0x00, 0x00, 0x1D, 0xC7, 0xF8, 0x3F, 0x80, 0x00, 0x00,
  0x00, 0x00, 0x00, 0x3C, 0xC3, 0x78, 0x00, 0x00, 0x1D, 0xC7, 0x38, 0x30,
  0x00, 0x00, 0x00, 0x00, 0x00, 0x00, 0x3C, 0x00, 0x38, 0x00, 0x00, 0x3C,
  0x87, 0x38, 0x38, 0x00, 0x00, 0x00, 0x00, 0x00, 0x00, 0x3C, 0x00, 0x18,
  0x00, 0x00, 0x38, 0x06, 0x38, 0x78, 0x00, 0x00, 0x00, 0x00, 0x00, 0x00,
  0x1C, 0x00, 0x18, 0x00, 0x00, 0x38, 0x00, 0x38, 0x70, 0x00, 0x00, 0x00,
  0x00, 0x00, 0x00, 0x0E, 0x00, 0x18, 0x00, 0x00, 0x38, 0x00, 0x78, 0xE0,
  0x00, 0x00, 0x00, 0x00, 0x00, 0x00, 0x0F, 0x00, 0x18, 0x00, 0x00, 0x38,
  0x00, 0x71, 0xE0, 0x00, 0x00, 0x00, 0x00, 0x00, 0x00, 0x0F, 0x00, 0x18,
  0x00, 0x00, 0x38, 0x00, 0x71, 0xE0, 0x00, 0x00, 0x00, 0x00, 0x00, 0x00,
  0x07, 0x80, 0x38, 0x00, 0x00, 0x38, 0x00, 0xF3, 0xC0, 0x00, 0x00, 0x00,
  0x00, 0x00, 0x00, 0x03, 0xC0, 0x78, 0x00, 0x00, 0x3C, 0x01, 0xEF, 0x80,
  0x00, 0x00, 0x00, 0x00, 0x00, 0x00, 0x01, 0xE0, 0x7F, 0xC0, 0x00, 0x1C,
  0x03, 0xFF, 0x00, 0x00, 0x00, 0x00, 0x00, 0x00, 0x00, 0x00, 0xFF, 0xFF,
  0xFF, 0xFF, 0xFE, 0x0F, 0xFE, 0x00, 0x00, 0x00, 0x00, 0x00, 0x00, 0x00,
  0x00, 0x7F, 0xFF, 0xFF, 0xFF, 0xFF, 0xFF, 0xE0, 0x00, 0x00, 0x00, 0x00,
  0x00, 0x00, 0x00, 0x00, 0x3F, 0xC0, 0x7F, 0xFF, 0xFF, 0xFF, 0xE0, 0x00,
  0x00, 0x00, 0x00, 0x00, 0x00, 0x00, 0x00, 0x00, 0x00, 0x00, 0x00, 0x03,
  0xF8, 0x00, 0x00, 0x00, 0x00, 0x00, 0x00, 0x00, 0x00, 0x00, 0x00, 0x00,
  0x00, 0x00, 0x00, 0x00, 0x00, 0x00, 0x00, 0x00, 0x00, 0x00, 0x00, 0x00,
  0x00, 0x00, 0x00, 0x00, 0x00, 0x00, 0x00, 0x00, 0x00, 0x00, 0x00, 0x00,
  0x00, 0x00, 0x00, 0x00, 0x00, 0x00, 0x00, 0x00, 0x00, 0x00, 0x00, 0x00,
  0x00, 0x00, 0x00, 0x00, 0x00, 0x00, 0x00, 0x00, 0x00, 0x00, 0x00, 0x00,
  0x00, 0x00, 0x00, 0x00, 0x00, 0x00, 0x00, 0x00, 0x00, 0x00, 0x00, 0x00,
  0x00, 0x00, 0x00, 0x00, 0x00, 0x00, 0x00, 0x00, 0x00, 0x00, 0x00, 0x00,
  0x00, 0x00, 0x00, 0x00, 0x00, 0x00, 0x00, 0x00, 0x00, 0x00, 0x00, 0x00,
  0x00, 0x00, 0x00, 0x00, 0x00, 0x00, 0x00, 0x00, 0x00, 0x00, 0x00, 0x00,
  0x00, 0x00, 0x00, 0x00, 0x00, 0x00, 0x00, 0x00, 0x00, 0x00, 0x00, 0x00,
  0x00, 0x00, 0x00, 0x00, 0x00, 0x00, 0x00, 0x00, 0x00, 0x00, 0x00, 0x00,
  0x00, 0x00, 0x00, 0x00, 0x00, 0x00, 0x00, 0x00, 0x00, 0x00, 0x00, 0x00,
  0x00, 0x00, 0x00, 0x00, 0x00, 0x00, 0x00, 0x00, 0x00, 0x00, 0x00, 0x00,
};

const uint8_t PENGUIN_IDLE_PERK_BITMAP[] BITMAP_PROGMEM = {
  0x00, 0x00, 0x00, 0x00, 0x00, 0x00, 0x00, 0x00, 0x00, 0x00, 0x00, 0x00,
  0x00, 0x00, 0x00, 0x00, 0x00, 0x00, 0x00, 0x00, 0x00, 0x00, 0x00, 0x00,
  0x00, 0x00, 0x00, 0x00, 0x00, 0x00, 0x00, 0x00, 0x00, 0x00, 0x00, 0x00,
  0x00, 0x00, 0x00, 0x00, 0x00, 0x00, 0x00, 0x00, 0x00, 0x00, 0x00, 0x00,
  0x00, 0x00, 0x00, 0x00, 0x00, 0x00, 0x00, 0x00, 0x00, 0x00, 0x00, 0x00,
  0x00, 0x00, 0x00, 0x00, 0x00, 0x00, 0x00, 0x00, 0x00, 0x00, 0x00, 0x00,
  0x00, 0x00, 0x00, 0x00, 0x00, 0x00, 0x00, 0x00, 0x00, 0x00, 0x00, 0x00,
  0x00, 0x00, 0x00, 0x00, 0x00, 0x00, 0x00, 0x00, 0x00, 0x00, 0x00, 0x00,
  0x00, 0x00, 0x00, 0x00, 0x00, 0x00, 0x00, 0x00, 0x00, 0x00, 0x00, 0x00,
  0x00, 0x00, 0x00, 0x00, 0x00, 0x00, 0x00, 0x00, 0x00, 0x00, 0x00, 0x00,
  0x00, 0x00, 0x00, 0x00, 0x00, 0x00, 0x00, 0x00, 0x00, 0x00, 0x00, 0x00,
  0x00, 0x00, 0x00, 0x00, 0x00, 0x00, 0x00, 0x00, 0x00, 0x00, 0x00, 0x00,
  0x00, 0x00, 0x00, 0x00, 0x00, 0x00, 0x00, 0x00, 0x00, 0x00, 0x00, 0x00,
  0x00, 0x3C, 0x00, 0x00, 0x00, 0x00, 0x00, 0x00, 0x00, 0x00, 0x00, 0x00,
  0x00, 0x00, 0x00, 0x00, 0x7F, 0x00, 0x00, 0x00, 0x00, 0x00, 0x00, 0x00,
  0x00, 0x00, 0x00, 0x00, 0x00, 0x00, 0x00, 0xFF, 0x80, 0x00, 0x00, 0x00,
  0x00, 0x00, 0x00, 0x00, 0x00, 0x00, 0x00, 0x00, 0x00, 0x03, 0xFF, 0x80,
  0x00, 0x00, 0x00, 0x00, 0x00, 0x00, 0x00, 0x00, 0x00, 0x00, 0x00, 0x00,
  0x0F, 0xFF, 0xC0, 0x00, 0x00, 0x00, 0x00, 0x00, 0x00, 0x00, 0x00, 0x00,
  0x00, 0x00, 0x00, 0x0F, 0xFF, 0xE0, 0x00, 0x00, 0x00, 0x00, 0x00, 0x00,
  0x00, 0x00, 0x00, 0x00, 0x00, 0x03, 0xFF, 0xFF, 0xFF, 0xC0, 0x00, 0x00,
  0x00, 0x00, 0x00, 0x00, 0x00, 0x00, 0x00, 0x00, 0x0F, 0xFF, 0xFF, 0xFF,
  0xE0, 0x00, 0x00, 0x00, 0x00, 0x00, 0x00, 0x00, 0x00, 0x00, 0x00, 0x7F,
  0xFF, 0xFF, 0xFF, 0xFE, 0x00, 0x00, 0x00, 0x00, 0x00, 0x00, 0x00, 0x00,
  0x00, 0x01, 0xFF, 0xFF, 0xFF, 0xFF, 0xFF, 0x80, 0x00, 0x00, 0x00, 0x00,
  0x00, 0x00, 0x00, 0x00, 0x03, 0xFF, 0xFF, 0xFF, 0xFF, 0xFF, 0xC0, 0x00,
  0x00, 0x00, 0x00, 0x00, 0x00, 0x00, 0x00, 0x07, 0xFF, 0xFF, 0xFF, 0xFF,
  0xFF, 0xE0, 0x00, 0x00, 0x00, 0x00, 0x00, 0x00, 0x00, 0x00, 0x1F, 0xFF,
  0xFF, 0xFF, 0xFF, 0xFF, 0xF8, 0x00, 0x00, 0x00, 0x00, 0x00, 0x00, 0x00,
  0x00, 0x1F, 0xFF, 0xFF, 0xFF, 0xFF, 0xFF, 0xF8, 0x00, 0x00, 0x00, 0x00,
  0x00, 0x00, 0x00, 0x00, 0x3F, 0xFF, 0xFF, 0xFF, 0xFF, 0xFF, 0xFC, 0x00,
  0x00, 0x00, 0x00, 0x00, 0x00, 0x00, 0x00, 0xFF, 0xFF, 0xFF, 0xFF, 0xFF,
  0xFF, 0xFF, 0x00, 0x00, 0x00, 0x00, 0x00, 0x00, 0x00, 0x01, 0xFF, 0xFF,
  0xFF, 0xFF, 0xFF, 0xFF, 0xFF, 0x00, 0x00, 0x00, 0x00, 0x00, 0x00, 0x00,
  0x01, 0xFF, 0xFF, 0xFF, 0xFF, 0xFF, 0xFF, 0xFF, 0xC0, 0x00, 0x00, 0x00,
  0x00, 0x00, 0x00, 0x03, 0xFF, 0xFF, 0xFF, 0xFF, 0xFF, 0xFF, 0xFF, 0xC0,
  0x00, 0x00, 0x00, 0x00, 0x00, 0x00, 0x03, 0xFF, 0xFF, 0xFF, 0xFF, 0xFF,
  0xFF, 0xFF, 0xC0, 0x00, 0x00, 0x00, 0x00, 0x00, 0x00, 0x07, 0xFE, 0x03,
  0xFF, 0xFF, 0xFF, 0x81, 0xFF, 0xE0, 0x00, 0x00, 0x00, 0x00, 0x00, 0x00,
  0x0F, 0xFE, 0x01, 0xFF, 0xFF, 0xFF, 0x00, 0xFF, 0xF0, 0x00, 0x00, 0x00,
  0x00, 0x00, 0x00, 0x0F, 0xF0, 0x00, 0x7F, 0xFF, 0xF8, 0x00, 0x1F, 0xF0,
  0x00, 0x00, 0x00, 0x00, 0x00, 0x00, 0x0F, 0xE0, 0x00, 0x3F, 0xFF, 0xF0,
  0x00, 0x0F, 0xF0, 0x00, 0x00, 0x00, 0x00, 0x00, 0x00, 0x1F, 0xE0, 0x00,
  0x1F, 0xFF, 0xF0, 0x00, 0x0F, 0xF8, 0x00, 0x00, 0x00, 0x00, 0x00, 0x00,
  0x1F, 0x80, 0x00, 0x0F, 0xFF, 0xE0, 0x00, 0x03, 0xF8, 0x00, 0x00, 0x00,
  0x00, 0x00, 0x00, 0x1F, 0x80, 0x00, 0x0F, 0xFF, 0xC0, 0x00, 0x03, 0xF8,
  0x00, 0x00, 0x00, 0x00, 0x00, 0x00, 0x7F, 0x00, 0x78, 0x07, 0xFF, 0x80,
  0xF8, 0x01, 0xFC, 0x00, 0x00, 0x00, 0x00, 0x00, 0x00, 0x7F, 0x00, 0x7C,
  0x03, 0xFF, 0x00, 0xFC, 0x01, 0xFC, 0x00, 0x00, 0x00, 0x00, 0x00, 0x00,
  0x7E, 0x00, 0x4C, 0x03, 0xFF, 0x00, 0xCC, 0x01, 0xFC, 0x00, 0x00, 0x00,
  0x00, 0x00, 0x00, 0x7C, 0x00, 0x00, 0x01, 0xFC, 0x00, 0x00, 0x00, 0x7C,
  0x00, 0x00, 0x00, 0x00, 0x00, 0x00, 0x7C, 0x00, 0x00, 0x01, 0xFC, 0x00,
  0x00, 0x00, 0x7C, 0x00, 0x00, 0x00, 0x00, 0x00, 0x00, 0x7C, 0x00, 0x00,
  0x01, 0xFC, 0x00, 0x00, 0x00, 0x7E, 0x00, 0x00, 0x00, 0x00, 0x18, 0x00,
  0x78, 0x00, 0x00, 0x01, 0xF8, 0x00, 0x00, 0x00, 0x7F, 0x00, 0x00, 0x00,
  0x00, 0x3C, 0x00, 0x78, 0x00, 0x00, 0x00, 0x70, 0x00, 0x00, 0x00, 0x3F,
  0x00, 0x00, 0x00, 0x00, 0x1E, 0x00, 0x78, 0x00, 0x00, 0x00, 0x00, 0x00,
  0x00, 0x00, 0x3F, 0x00, 0x30, 0x00, 0x00, 0x0F, 0x00, 0xF0, 0x00, 0x00,
  0x00, 0x00, 0x00, 0x00, 0x00, 0x3F, 0x00, 0x70, 0x00, 0x00, 0x07, 0x80,
  0xF0, 0x03, 0xF0, 0x00, 0x00, 0x00, 0xF8, 0x00, 0x3F, 0x01, 0xF0, 0x00,
  0x00, 0x03, 0x80, 0xF0, 0x07, 0xFC, 0x00, 0x00, 0x01, 0xFE, 0x00, 0x3F,
  0x03, 0xE0, 0x00, 0x00, 0x00, 0x00, 0xF0, 0x0F, 0xFE, 0x00, 0x00, 0x03,
  0xFF, 0x00, 0x3F, 0x03, 0x80, 0x00, 0x00, 0x00, 0x00, 0xF0, 0x1F, 0xFF,
  0x00, 0x00, 0x07, 0xFF, 0x80, 0x3F, 0x03, 0x80, 0x00, 0x00, 0x00, 0x00,
  0xF0, 0x3F, 0x1F, 0x00, 0x00, 0x0F, 0xFF, 0xC0, 0x3F, 0x00, 0x00, 0x00,
  0x00, 0x7E, 0x00, 0xF0, 0x7C, 0x0F, 0x83, 0xF8, 0x1F, 0x87, 0xE0, 0x3F,
  0x00, 0x00, 0x00, 0x00, 0x7F, 0x00, 0x70, 0x7C, 0x07, 0x87, 0xFC, 0x1F,
  0x03, 0xE0, 0x3E, 0x00, 0x00, 0x00, 0x00, 0x7E, 0x00, 0xF0, 0x78, 0x03,
  0x9F, 0x1E, 0x1E, 0x01, 0xE0, 0x3C, 0x01, 0xFC, 0x00, 0x00, 0x00, 0x00,
  0xE0, 0x38, 0x03, 0x1C, 0x07, 0x1C, 0x01, 0xC0, 0x1C, 0x01, 0xFC, 0x00,
  0x00, 0x00, 0x00, 0xE0, 0x10, 0x00, 0x38, 0x03, 0x88, 0x00, 0xC0, 0x1E,
  0x01, 0xFC, 0x00, 0x00, 0x00, 0x00, 0xE0, 0x00, 0x00, 0x3E, 0x07, 0x80,
  0x00, 0x00, 0x0E, 0x00, 0x00, 0x00, 0x00, 0x00, 0x00, 0xE0, 0x00, 0x00,
  0x3F, 0xFF, 0x80, 0x00, 0x00, 0x0E, 0x00, 0x00, 0x00, 0x00, 0x00, 0x00,
  0xE0, 0x00, 0x00, 0x1F, 0xFF, 0x80, 0x00, 0x00, 0x0F, 0x00, 0x00, 0x00,
  0x00, 0x00, 0x00, 0xE0, 0x00, 0x00, 0x1F, 0xFF, 0x00, 0x00, 0x00, 0x1F,
  0xE0, 0x00, 0x00, 0x00, 0x00, 0x00, 0x60, 0x00, 0x00, 0x1E, 0x0F, 0x00,
  0x00, 0x00, 0x3F, 0xE0, 0x00, 0x00, 0x00, 0x00, 0x3F, 0x78, 0x00, 0x00,
  0x1E, 0x0F, 0x00, 0x00, 0x00, 0x7F, 0xF8, 0x00, 0x00, 0x00, 0x00, 0x7F,
  0xF8, 0x00, 0x00, 0x0E, 0x0E, 0x00, 0x00, 0x01, 0xFC, 0x78, 0x00, 0x00,
  0x00, 0x00, 0x7B, 0xF8, 0x00, 0x00, 0x07, 0x3C, 0x00, 0x00, 0x03, 0xE0,
  0x38, 0x00, 0x00, 0x00, 0x00, 0x70, 0xFE, 0x00, 0x00, 0x07, 0xFC, 0x00,
  0x00, 0x07, 0xC0, 0x38, 0x00, 0x00, 0x00, 0x00, 0x70, 0x7F, 0x00, 0x00,
  0x03, 0xF8, 0x00, 0x00, 0x1F, 0x80, 0x38, 0x00, 0x00, 0x00, 0x00, 0x70,
  0x1F, 0x80, 0x00, 0x01, 0xE0, 0x00, 0x00, 0x3E, 0x00, 0x38, 0x00, 0x00,
  0x00, 0x00, 0x70, 0x0F, 0xE0, 0x00, 0x00, 0x00, 0x00, 0x00, 0xFC, 0x00,
  0x78, 0x00, 0x00, 0x00, 0x00, 0x70, 0x03, 0xFC, 0x00, 0x00, 0x00, 0x00,
  0x03, 0xF8, 0x00, 0x78, 0x00, 0x00, 0x00, 0x00, 0x78, 0x01, 0xFF, 0xE0,
  0x00, 0x00, 0x00, 0x3F, 0xE0, 0x00, 0x60, 0x00, 0x00, 0x00, 0x00, 0x38,
  0x00, 0x7F, 0xF0, 0x00, 0x00, 0x00, 0xFF, 0xC0, 0x00, 0xE0, 0x00, 0x00,
  0x00, 0x00, 0x3C, 0x00, 0x0F, 0xE0, 0x00, 0x00, 0x00, 0xFF, 0x00, 0x01,
  0xE0, 0x00, 0x00, 0x00, 0x00, 0x1C, 0x00, 0x0C, 0x20, 0x00, 0x00, 0x00,
  0x00, 0x00, 0x01, 0xE0, 0x00, 0x00, 0x00, 0x00, 0x1E, 0x00, 0x3C, 0x70,
  0x00, 0x00, 0x00, 0xC0, 0x00, 0x01, 0xC0, 0x00, 0x00, 0x00, 0x00, 0x0F,
  0x00, 0x38, 0x78, 0x00, 0x00, 0x03, 0xC0, 0x00, 0x03, 0xC0, 0x00, 0x00,
  0x00, 0x00, 0x07, 0x00, 0x38, 0x3C, 0x00, 0x00, 0x03, 0xC0, 0x00, 0x07,
  0x80, 0x00, 0x00, 0x00, 0x00, 0x03, 0xC0, 0x78, 0x1F, 0x00, 0x00, 0x1F,
  0x80, 0x00, 0x0F, 0x00, 0x00, 0x00, 0x00, 0x00, 0x03, 0xE0, 0x70, 0x0F,
  0xC0, 0x00, 0xFE, 0x00, 0x00, 0x1E, 0x00, 0x00, 0x00, 0x00, 0x00, 0x00,
  0xF0, 0xE0, 0x03, 0xF8, 0x0F, 0xF8, 0x00, 0x40, 0x7C, 0x00, 0x00, 0x00,
  0x00, 0x00, 0x00, 0xF8, 0xE0, 0x00, 0xFF, 0xFF, 0xC0, 0x00, 0x70, 0xFC,
  0x00, 0x00, 0x00, 0x00, 0x00, 0x00, 0x7C, 0xE0, 0x00, 0x7F, 0xFF, 0xC0,
  0x00, 0x7F, 0xF0, 0x00, 0x00, 0x00, 0x00, 0x00, 0x00, 0x1F, 0xC0, 0x00,
  0x07, 0xF8, 0x00, 0x00, 0x3F, 0xC0, 0x00, 0x00, 0x00, 0x00, 0x00, 0x00,
  0x0F, 0xC0, 0x00, 0x00, 0x00, 0x00, 0x00, 0x1F, 0x80, 0x00, 0x00, 0x00,
  0x00, 0x00, 0x00, 0x03, 0xC0, 0x00, 0x00, 0x00, 0x00, 0x00, 0x03, 0x80,
  0x00, 0x00, 0x00, 0x00, 0x00, 0x00, 0x01, 0xC0, 0x00, 0x00, 0x00, 0x00,
  0x00, 0x03, 0xC0, 0x00, 0x00, 0x00, 0x00, 0x00, 0x00, 0x01, 0xC0, 0x00,
  0x00, 0x00, 0x00, 0x00, 0x03, 0xC0, 0x00, 0x00, 0x00, 0x00, 0x00, 0x00,
  0x03, 0xC0, 0x00, 0x00, 0x00, 0x00, 0x00, 0x01, 0xC0, 0x00, 0x00, 0x00,
  0x00, 0x00, 0x00, 0x03, 0x80, 0x00, 0x00, 0x00, 0x00, 0x00, 0x01, 0xC0,
  0x00, 0x00, 0x00, 0x00, 0x00, 0x00, 0x03, 0x80, 0x00, 0x00, 0x00, 0x00,
  0x00, 0x01, 0xC0, 0x00, 0x00, 0x00, 0x00, 0x00, 0x00, 0x03, 0x80, 0x00,
  0x00, 0x00, 0x00, 0x00, 0x00, 0xE0, 0x00, 0x00, 0x00, 0x00, 0x00, 0x00,
  0x03, 0xBE, 0x00, 0x00, 0x00, 0x00, 0x00, 0x00, 0xF0, 0x00, 0x00, 0x00,
  0x00, 0x00, 0x00, 0x00, 0x7F, 0x00, 0x00, 0x00, 0x00, 0x3E, 0x00, 0x70,
  0x00, 0x00, 0x00, 0x00, 0x00, 0x00, 0x03, 0xF7, 0xF0, 0x00, 0x00, 0x03,
  0x7F, 0x00, 0x70, 0x00, 0x00, 0x00, 0x00, 0x00, 0x00, 0x0F, 0xE3, 0xF8,
  0x00, 0x00, 0x0F, 0xF7, 0xE0, 0x70, 0x00, 0x00, 0x00, 0x00, 0x00, 0x00,
  0x0E, 0xE1, 0x9C, 0x00, 0x00, 0x1F, 0xE3, 0xF8, 0x70, 0x00, 0x00, 0x00,
  0x00, 0x00, 0x00, 0x0E, 0x70, 0xDC, 0x00, 0x00, 0x1C, 0xC3, 0xF8, 0x70,
  0x00, 0x00, 0x00, 0x00, 0x00, 0x00, 0x0E, 0x20, 0x9E, 0x00, 0x00, 0x18,
  0xC7, 0x98, 0xF0, 0x00, 0x00, 0x00, 0x00, 0x00, 0x00, 0x0E, 0x00, 0x1E,
  0x00, 0x00, 0x38, 0x07, 0x19, 0xF0, 0x00, 0x00, 0x00, 0x00, 0x00, 0x00,
  0x0E, 0x00, 0x0E, 0x00, 0x00, 0x38, 0x02, 0x19, 0xC0, 0x00, 0x00, 0x00,
  0x00, 0x00, 0x00, 0x07, 0x00, 0x0E, 0x00, 0x00, 0x38, 0x00, 0x19, 0xC0,
  0x00, 0x00, 0x00, 0x00, 0x00, 0x00, 0x07, 0x00, 0x0E, 0x00, 0x00, 0x30,
  0x00, 0x3B, 0xC0, 0x00, 0x00, 0x00, 0x00, 0x00, 0x00, 0x07, 0x80, 0x0E,
  0x00, 0x00, 0x30, 0x00, 0x33, 0x80, 0x00, 0x00, 0x00, 0x00, 0x00, 0x00,
  0x03, 0xC0, 0x0E, 0x00, 0x00, 0x38, 0x00, 0x77, 0x00, 0x00, 0x00, 0x00,
  0x00, 0x00, 0x00, 0x01, 0xE0, 0x1E, 0x00, 0x00, 0x30, 0x00, 0xFF, 0x00,
  0x00, 0x00, 0x00, 0x00, 0x00, 0x00, 0x00, 0xF0, 0x1F, 0xC0, 0x00, 0x38,
  0x01, 0xFE, 0x00, 0x00, 0x00, 0x00, 0x00, 0x00, 0x00, 0x00, 0x78, 0x3F,
  0xE0, 0x00, 0x38, 0x03, 0xF8, 0x00, 0x00, 0x00, 0x00, 0x00, 0x00, 0x00,
  0x00, 0x3F, 0xFF, 0xFF, 0xFF, 0xFE, 0x0F, 0xE0, 0x00, 0x00, 0x00, 0x00,
  0x00, 0x00, 0x00, 0x00, 0x1F, 0xFF, 0xFF, 0xFF, 0xFF, 0x0F, 0x80, 0x00,
  0x00, 0x00, 0x00, 0x00, 0x00, 0x00, 0x00, 0x0F, 0xE0, 0x3F, 0xFF, 0xFF,
  0xFF, 0x00, 0x00, 0x00, 0x00, 0x00, 0x00, 0x00, 0x00, 0x00, 0x00, 0x00,
  0x00, 0x00, 0x07, 0xF8, 0x00, 0x00, 0x00, 0x00, 0x00, 0x00, 0x00, 0x00,
  0x00, 0x00, 0x00, 0x00, 0x00, 0x00, 0x00, 0x00, 0x00, 0x00, 0x00, 0x00,
  0x00, 0x00, 0x00, 0x00, 0x00, 0x00, 0x00, 0x00, 0x00, 0x00, 0x00, 0x00,
  0x00, 0x00, 0x00, 0x00, 0x00, 0x00, 0x00, 0x00, 0x00, 0x00, 0x00, 0x00,
  0x00, 0x00, 0x00, 0x00, 0x00, 0x00, 0x00, 0x00, 0x00, 0x00, 0x00, 0x00,
  0x00, 0x00, 0x00, 0x00, 0x00, 0x00, 0x00, 0x00, 0x00, 0x00, 0x00, 0x00,
  0x00, 0x00, 0x00, 0x00, 0x00, 0x00, 0x00, 0x00, 0x00, 0x00, 0x00, 0x00,
  0x00, 0x00, 0x00, 0x00, 0x00, 0x00, 0x00, 0x00, 0x00, 0x00, 0x00, 0x00,
  0x00, 0x00, 0x00, 0x00, 0x00, 0x00, 0x00, 0x00, 0x00, 0x00, 0x00, 0x00,
  0x00, 0x00, 0x00, 0x00, 0x00, 0x00, 0x00, 0x00, 0x00, 0x00, 0x00, 0x00,
  0x00, 0x00, 0x00, 0x00, 0x00, 0x00, 0x00, 0x00, 0x00, 0x00, 0x00, 0x00,
  0x00, 0x00, 0x00, 0x00, 0x00, 0x00, 0x00, 0x00, 0x00, 0x00, 0x00, 0x00,
};
