#pragma once

#include <Arduino.h>

const uint8_t CAT_WIDTH = 88;
const uint8_t CAT_HEIGHT = 96;
const uint8_t CAT_BITMAP[] PROGMEM = {
  0x00, 0x00, 0x00, 0x00, 0x00, 0x00, 0x00, 0x00, 0x00, 0x00, 0x00, 0x00,
  0x00, 0x00, 0x00, 0x00, 0x00, 0x00, 0x00, 0x00, 0x00, 0x00, 0x00, 0x00,
  0x00, 0x00, 0x00, 0x00, 0x00, 0x00, 0x00, 0x00, 0x00, 0x00, 0x00, 0x00,
  0x00, 0x00, 0x00, 0x00, 0x00, 0x00, 0x00, 0x00, 0x00, 0x00, 0x00, 0x00,
  0x00, 0x00, 0x00, 0x00, 0x00, 0x00, 0x00, 0x00, 0x00, 0x00, 0x00, 0x00,
  0x00, 0x00, 0x00, 0x18, 0x00, 0x00, 0x00, 0x00, 0x00, 0x00, 0x00, 0x00,
  0x00, 0x00, 0xFC, 0x00, 0x00, 0x00, 0x00, 0x00, 0x00, 0x00, 0x00, 0x00,
  0x03, 0xC4, 0x00, 0x00, 0x00, 0x00, 0x00, 0x00, 0x00, 0x00, 0x00, 0x07,
  0x06, 0x00, 0x00, 0x00, 0x00, 0x00, 0x00, 0x00, 0x00, 0x00, 0x1C, 0x06,
  0x00, 0x00, 0x00, 0x00, 0x00, 0x00, 0x00, 0x00, 0x00, 0x30, 0x22, 0x00,
  0x00, 0x00, 0x00, 0x00, 0x00, 0x00, 0x00, 0x00, 0xE0, 0x23, 0x00, 0x00,
  0x00, 0x00, 0x00, 0x00, 0x00, 0x00, 0x01, 0xC0, 0x63, 0x00, 0x00, 0x00,
  0x00, 0x00, 0x00, 0x00, 0x00, 0x01, 0x84, 0x41, 0x80, 0x00, 0x00, 0x0F,
  0xFF, 0xE0, 0x00, 0x00, 0x03, 0x04, 0xC1, 0x80, 0x00, 0x00, 0x18, 0x00,
  0xFC, 0x00, 0x00, 0x06, 0x05, 0xB0, 0x80, 0x00, 0x00, 0x18, 0x00, 0x0F,
  0x00, 0x00, 0x06, 0x07, 0xC0, 0xC0, 0x00, 0x00, 0x19, 0x00, 0x03, 0x80,
  0x00, 0x04, 0x06, 0x00, 0xC0, 0x00, 0x00, 0x08, 0xC2, 0x00, 0xC0, 0x00,
  0x04, 0x84, 0x00, 0xC0, 0x00, 0x00, 0x08, 0x62, 0x00, 0xC0, 0x00, 0x0C,
  0xCC, 0x08, 0xC0, 0x00, 0x00, 0x08, 0x32, 0x10, 0x60, 0x00, 0x04, 0x58,
  0x18, 0xC0, 0x00, 0x00, 0x08, 0x1A, 0x18, 0x20, 0x3F, 0xFC, 0x71, 0xE0,
  0xC0, 0x00, 0x00, 0x0C, 0x06, 0x18, 0x31, 0xF8, 0x1E, 0x3F, 0x80, 0x80,
  0x00, 0x00, 0x0C, 0x03, 0x18, 0x37, 0x80, 0x00, 0x38, 0x01, 0x80, 0x00,
  0x00, 0x0C, 0x63, 0x90, 0x3C, 0x00, 0x00, 0x00, 0x01, 0x00, 0x00, 0x00,
  0x0C, 0x3F, 0xF1, 0x18, 0x00, 0x00, 0x00, 0x13, 0x00, 0x00, 0x00, 0x0C,
  0x00, 0x71, 0x30, 0x00, 0x00, 0x00, 0x66, 0x00, 0x00, 0x00, 0x0C, 0x00,
  0x33, 0x00, 0x00, 0x00, 0x00, 0x7C, 0x00, 0x00, 0x00, 0x0C, 0x77, 0xFA,
  0x00, 0x00, 0x00, 0x00, 0x38, 0x00, 0x00, 0x00, 0x04, 0x1F, 0x3E, 0x00,
  0x00, 0x00, 0x00, 0x18, 0x00, 0x00, 0x00, 0x06, 0x00, 0x0C, 0x00, 0x00,
  0x00, 0x00, 0x0C, 0x00, 0x00, 0x00, 0x06, 0x00, 0x04, 0x00, 0x00, 0x00,
  0x00, 0x06, 0x00, 0x00, 0x00, 0x03, 0x00, 0x00, 0x00, 0x00, 0x00, 0x00,
  0x03, 0x00, 0x00, 0x00, 0x03, 0x80, 0x00, 0x00, 0x00, 0x00, 0x00, 0x03,
  0x00, 0x00, 0x00, 0x01, 0xC3, 0xE0, 0x00, 0x00, 0x00, 0x30, 0x01, 0x80,
  0x00, 0x00, 0x00, 0x78, 0x00, 0x00, 0x00, 0x00, 0x00, 0x01, 0x80, 0x00,
  0x00, 0x00, 0x1F, 0x80, 0x00, 0x00, 0x00, 0x00, 0x00, 0xC0, 0x00, 0x00,
  0x00, 0x03, 0x80, 0x00, 0x00, 0x00, 0x07, 0xE0, 0xC0, 0x00, 0x00, 0x00,
  0x03, 0x00, 0x01, 0x00, 0x00, 0x0F, 0xF0, 0x40, 0x00, 0x00, 0x00, 0x03,
  0x00, 0x03, 0x00, 0x00, 0x1B, 0xD8, 0x60, 0x00, 0x00, 0x00, 0x02, 0x00,
  0x00, 0x00, 0x00, 0x31, 0xEC, 0x60, 0x00, 0x00, 0x00, 0x06, 0x00, 0x00,
  0x00, 0x00, 0x30, 0xF4, 0x20, 0x00, 0x00, 0x00, 0x06, 0x00, 0x00, 0x00,
  0x00, 0x31, 0xF6, 0x30, 0x00, 0x00, 0x00, 0x06, 0x00, 0x1F, 0x80, 0x00,
  0x3F, 0xF6, 0x18, 0x00, 0x00, 0x00, 0x04, 0x00, 0x3F, 0xC0, 0x00, 0x3F,
  0xF2, 0x0C, 0x00, 0x00, 0x00, 0x04, 0x00, 0x79, 0xE0, 0x00, 0x3F, 0xB0,
  0x18, 0x00, 0x00, 0x00, 0x04, 0x00, 0xF0, 0xF0, 0x00, 0x3F, 0x10, 0x18,
  0x00, 0x00, 0x00, 0x04, 0x00, 0xB0, 0xF8, 0x0C, 0x1F, 0x30, 0x18, 0x00,
  0x00, 0x00, 0x04, 0x01, 0xB9, 0xF8, 0x1C, 0x1F, 0x31, 0xD8, 0x00, 0x00,
  0x00, 0x06, 0x01, 0xBF, 0xF8, 0x08, 0x0F, 0xE2, 0x1E, 0x00, 0x00, 0x00,
  0x06, 0x01, 0xBF, 0xF8, 0x00, 0x81, 0x80, 0x10, 0x00, 0x00, 0x00, 0x06,
  0x01, 0xBF, 0xB8, 0x0F, 0x80, 0x02, 0x30, 0x00, 0x00, 0x00, 0x02, 0x01,
  0xBF, 0x18, 0x9F, 0x00, 0x01, 0xE0, 0x00, 0x00, 0x00, 0x03, 0x00, 0x9F,
  0x30, 0x73, 0x00, 0x00, 0x60, 0x00, 0x00, 0x00, 0x03, 0x00, 0x1F, 0x70,
  0x21, 0x00, 0x00, 0xC0, 0x00, 0x00, 0x00, 0x01, 0x00, 0x0F, 0xC0, 0x21,
  0x00, 0x01, 0x80, 0x00, 0x00, 0x00, 0x01, 0x80, 0x03, 0x00, 0x33, 0x00,
  0x03, 0x00, 0x00, 0x00, 0x00, 0x01, 0x81, 0xC0, 0x00, 0x1E, 0x00, 0x06,
  0x00, 0x00, 0x00, 0x00, 0x01, 0x03, 0x00, 0x00, 0x00, 0x00, 0x1C, 0x00,
  0x00, 0x00, 0x03, 0xF1, 0xC0, 0x20, 0x00, 0x00, 0x00, 0x30, 0x00, 0x00,
  0x00, 0x0E, 0x1C, 0xC0, 0x60, 0x00, 0x00, 0x00, 0xE0, 0x00, 0x00, 0x00,
  0x18, 0x06, 0x70, 0xC0, 0x00, 0x00, 0x07, 0xE0, 0x00, 0x00, 0x00, 0x30,
  0x02, 0x1C, 0x80, 0x00, 0x00, 0x04, 0x30, 0x00, 0x00, 0x00, 0x60, 0xE3,
  0x07, 0x00, 0x00, 0x00, 0x00, 0x18, 0x00, 0x00, 0x00, 0xC1, 0xE3, 0x03,
  0xF0, 0x00, 0x00, 0x00, 0x70, 0x00, 0x00, 0x00, 0x82, 0x0F, 0x01, 0xFF,
  0xFE, 0x00, 0x00, 0x20, 0x00, 0x00, 0x01, 0x84, 0x3F, 0x07, 0x00, 0xE0,
  0x00, 0x00, 0x20, 0x00, 0x00, 0x01, 0x0C, 0x67, 0x0C, 0x00, 0x40, 0x00,
  0x00, 0x20, 0x00, 0x00, 0x01, 0x08, 0xDD, 0x18, 0x00, 0x62, 0x00, 0x01,
  0x60, 0x00, 0x00, 0x03, 0x08, 0x99, 0x30, 0x00, 0x3E, 0x00, 0x01, 0xE0,
  0x00, 0x00, 0x03, 0x09, 0xBB, 0x30, 0x00, 0x09, 0x80, 0x01, 0xE0, 0x00,
  0x00, 0x03, 0x09, 0xB2, 0x60, 0x00, 0x00, 0xF0, 0x01, 0x60, 0x00, 0x00,
  0x01, 0x09, 0x8C, 0x60, 0x00, 0x00, 0x18, 0x03, 0x60, 0x00, 0x00, 0x01,
  0x0C, 0xD8, 0x40, 0x00, 0x00, 0x04, 0x0E, 0x60, 0x00, 0x00, 0x01, 0x84,
  0xF0, 0x40, 0x00, 0x00, 0x00, 0x0C, 0x60, 0x00, 0x00, 0x01, 0x86, 0x40,
  0xC0, 0x00, 0x00, 0x00, 0x18, 0x60, 0x00, 0x00, 0x00, 0xC3, 0x83, 0xC0,
  0x00, 0x00, 0x00, 0x10, 0x60, 0x00, 0x00, 0x00, 0xC0, 0xFE, 0x40, 0x00,
  0x00, 0x00, 0x20, 0x40, 0x00, 0x00, 0x00, 0x60, 0x00, 0x40, 0x00, 0x40,
  0x01, 0xC0, 0x40, 0x00, 0x00, 0x00, 0x30, 0x00, 0x40, 0x00, 0x60, 0x01,
  0x80, 0xC0, 0x00, 0x00, 0x00, 0x1C, 0x01, 0xE0, 0x00, 0x20, 0x03, 0x00,
  0xC0, 0x00, 0x00, 0x00, 0x07, 0xFF, 0xC0, 0x00, 0x20, 0x03, 0x00, 0xC0,
  0x00, 0x00, 0x00, 0x01, 0xFE, 0xC0, 0x08, 0x30, 0x03, 0x80, 0x80, 0x00,
  0x00, 0x00, 0x00, 0x00, 0xC0, 0x1F, 0xF0, 0x03, 0x80, 0x80, 0x00, 0x00,
  0x00, 0x00, 0x00, 0x40, 0x73, 0xF8, 0x03, 0x80, 0xC0, 0x00, 0x00, 0x00,
  0x00, 0x00, 0x60, 0x13, 0x08, 0x03, 0xC0, 0x40, 0x00, 0x00, 0x00, 0x00,
  0x00, 0x20, 0x19, 0xCC, 0x01, 0xC5, 0xC0, 0x00, 0x00, 0x00, 0x00, 0x00,
  0x39, 0x30, 0xFE, 0x05, 0x7F, 0xC0, 0x00, 0x00, 0x00, 0x00, 0x00, 0x1F,
  0xE0, 0x03, 0x27, 0x1F, 0x00, 0x00, 0x00, 0x00, 0x00, 0x00, 0x03, 0x80,
  0x01, 0xFE, 0x00, 0x00, 0x00, 0x00, 0x00, 0x00, 0x00, 0x00, 0x00, 0x00,
  0x00, 0x00, 0x00, 0x00, 0x00, 0x00, 0x00, 0x00, 0x00, 0x00, 0x00, 0x00,
  0x00, 0x00, 0x00, 0x00, 0x00, 0x00, 0x00, 0x00, 0x00, 0x00, 0x00, 0x00,
  0x00, 0x00, 0x00, 0x00, 0x00, 0x00, 0x00, 0x00, 0x00, 0x00, 0x00, 0x00,
  0x00, 0x00, 0x00, 0x00, 0x00, 0x00, 0x00, 0x00, 0x00, 0x00, 0x00, 0x00,
  0x00, 0x00, 0x00, 0x00, 0x00, 0x00, 0x00, 0x00, 0x00, 0x00, 0x00, 0x00,
};

const uint8_t CAT_BLINK_BITMAP[] PROGMEM = {
  0x00, 0x00, 0x00, 0x00, 0x00, 0x00, 0x00, 0x00, 0x00, 0x00, 0x00, 0x00,
  0x00, 0x00, 0x00, 0x00, 0x00, 0x00, 0x00, 0x00, 0x00, 0x00, 0x00, 0x00,
  0x00, 0x00, 0x00, 0x00, 0x00, 0x00, 0x00, 0x00, 0x00, 0x00, 0x00, 0x00,
  0x00, 0x00, 0x00, 0x00, 0x00, 0x00, 0x00, 0x00, 0x00, 0x00, 0x00, 0x00,
  0x00, 0x00, 0x00, 0x00, 0x00, 0x00, 0x00, 0x00, 0x00, 0x00, 0x00, 0x00,
  0x00, 0x00, 0x00, 0x18, 0x00, 0x00, 0x00, 0x00, 0x00, 0x00, 0x00, 0x00,
  0x00, 0x00, 0xFC, 0x00, 0x00, 0x00, 0x00, 0x00, 0x00, 0x00, 0x00, 0x00,
  0x03, 0xC4, 0x00, 0x00, 0x00, 0x00, 0x00, 0x00, 0x00, 0x00, 0x00, 0x07,
  0x06, 0x00, 0x00, 0x00, 0x00, 0x00, 0x00, 0x00, 0x00, 0x00, 0x1C, 0x06,
  0x00, 0x00, 0x00, 0x00, 0x00, 0x00, 0x00, 0x00, 0x00, 0x30, 0x22, 0x00,
  0x00, 0x00, 0x00, 0x00, 0x00, 0x00, 0x00, 0x00, 0xE0, 0x23, 0x00, 0x00,
  0x00, 0x00, 0x00, 0x00, 0x00, 0x00, 0x01, 0xC0, 0x63, 0x00, 0x00, 0x00,
  0x00, 0x00, 0x00, 0x00, 0x00, 0x01, 0x84, 0x41, 0x80, 0x00, 0x00, 0x0F,
  0xFF, 0xE0, 0x00, 0x00, 0x03, 0x04, 0xC1, 0x80, 0x00, 0x00, 0x18, 0x00,
  0xFC, 0x00, 0x00, 0x06, 0x05, 0xB0, 0x80, 0x00, 0x00, 0x18, 0x00, 0x0F,
  0x00, 0x00, 0x06, 0x07, 0xC0, 0xC0, 0x00, 0x00, 0x19, 0x00, 0x03, 0x80,
  0x00, 0x04, 0x06, 0x00, 0xC0, 0x00, 0x00, 0x08, 0xC2, 0x00, 0xC0, 0x00,
  0x04, 0x84, 0x00, 0xC0, 0x00, 0x00, 0x08, 0x62, 0x00, 0xC0, 0x00, 0x0C,
  0xCC, 0x08, 0xC0, 0x00, 0x00, 0x08, 0x32, 0x10, 0x60, 0x00, 0x04, 0x58,
  0x18, 0xC0, 0x00, 0x00, 0x08, 0x1A, 0x18, 0x20, 0x3F, 0xFC, 0x71, 0xE0,
  0xC0, 0x00, 0x00, 0x0C, 0x06, 0x18, 0x31, 0xF8, 0x1E, 0x3F, 0x80, 0x80,
  0x00, 0x00, 0x0C, 0x03, 0x18, 0x37, 0x80, 0x00, 0x38, 0x01, 0x80, 0x00,
  0x00, 0x0C, 0x63, 0x90, 0x3C, 0x00, 0x00, 0x00, 0x01, 0x00, 0x00, 0x00,
  0x0C, 0x3F, 0xF1, 0x18, 0x00, 0x00, 0x00, 0x13, 0x00, 0x00, 0x00, 0x0C,
  0x00, 0x71, 0x30, 0x00, 0x00, 0x00, 0x66, 0x00, 0x00, 0x00, 0x0C, 0x00,
  0x33, 0x00, 0x00, 0x00, 0x00, 0x7C, 0x00, 0x00, 0x00, 0x0C, 0x77, 0xFA,
  0x00, 0x00, 0x00, 0x00, 0x38, 0x00, 0x00, 0x00, 0x04, 0x1F, 0x3E, 0x00,
  0x00, 0x00, 0x00, 0x18, 0x00, 0x00, 0x00, 0x06, 0x00, 0x0C, 0x00, 0x00,
  0x00, 0x00, 0x0C, 0x00, 0x00, 0x00, 0x06, 0x00, 0x04, 0x00, 0x00, 0x00,
  0x00, 0x06, 0x00, 0x00, 0x00, 0x03, 0x00, 0x00, 0x00, 0x00, 0x00, 0x00,
  0x03, 0x00, 0x00, 0x00, 0x03, 0x80, 0x00, 0x00, 0x00, 0x00, 0x00, 0x03,
  0x00, 0x00, 0x00, 0x01, 0xC3, 0xE0, 0x00, 0x00, 0x00, 0x00, 0x01, 0x80,
  0x00, 0x00, 0x00, 0x78, 0x00, 0x00, 0x00, 0x00, 0x00, 0x01, 0x80, 0x00,
  0x00, 0x00, 0x1F, 0x80, 0x07, 0xC0, 0x07, 0xC0, 0x00, 0xC0, 0x00, 0x00,
  0x00, 0x03, 0x80, 0x08, 0x20, 0x08, 0x27, 0xE0, 0xC0, 0x00, 0x00, 0x00,
  0x03, 0x00, 0x10, 0x10, 0x10, 0x1F, 0xF0, 0x40, 0x00, 0x00, 0x00, 0x03,
  0x00, 0x00, 0x00, 0x00, 0x0B, 0xD8, 0x60, 0x00, 0x00, 0x00, 0x02, 0x00,
  0x00, 0x00, 0x00, 0x01, 0xEC, 0x60, 0x00, 0x00, 0x00, 0x06, 0x00, 0x00,
  0x00, 0x00, 0x00, 0xF4, 0x20, 0x00, 0x00, 0x00, 0x06, 0x00, 0x00, 0x00,
  0x00, 0x01, 0xF6, 0x30, 0x00, 0x00, 0x00, 0x06, 0x00, 0x1F, 0x80, 0x00,
  0x3F, 0xF6, 0x18, 0x00, 0x00, 0x00, 0x04, 0x00, 0x3F, 0xC0, 0x00, 0x3F,
  0xF2, 0x0C, 0x00, 0x00, 0x00, 0x04, 0x00, 0x79, 0xE0, 0x00, 0x3F, 0xB0,
  0x18, 0x00, 0x00, 0x00, 0x04, 0x00, 0xF0, 0xF0, 0x00, 0x3F, 0x10, 0x18,
  0x00, 0x00, 0x00, 0x04, 0x00, 0xB0, 0xF8, 0x0C, 0x1F, 0x30, 0x18, 0x00,
  0x00, 0x00, 0x04, 0x01, 0xB9, 0xF8, 0x1C, 0x1F, 0x31, 0xD8, 0x00, 0x00,
  0x00, 0x06, 0x01, 0xBF, 0xF8, 0x08, 0x0F, 0xE2, 0x1E, 0x00, 0x00, 0x00,
  0x06, 0x01, 0xBF, 0xF8, 0x00, 0x81, 0x80, 0x10, 0x00, 0x00, 0x00, 0x06,
  0x01, 0xBF, 0xB8, 0x0F, 0x80, 0x02, 0x30, 0x00, 0x00, 0x00, 0x02, 0x01,
  0xBF, 0x18, 0x9F, 0x00, 0x01, 0xE0, 0x00, 0x00, 0x00, 0x03, 0x00, 0x9F,
  0x30, 0x73, 0x00, 0x00, 0x60, 0x00, 0x00, 0x00, 0x03, 0x00, 0x1F, 0x70,
  0x21, 0x00, 0x00, 0xC0, 0x00, 0x00, 0x00, 0x01, 0x00, 0x0F, 0xC0, 0x21,
  0x00, 0x01, 0x80, 0x00, 0x00, 0x00, 0x01, 0x80, 0x03, 0x00, 0x33, 0x00,
  0x03, 0x00, 0x00, 0x00, 0x00, 0x01, 0x81, 0xC0, 0x00, 0x1E, 0x00, 0x06,
  0x00, 0x00, 0x00, 0x00, 0x01, 0x03, 0x00, 0x00, 0x00, 0x00, 0x1C, 0x00,
  0x00, 0x00, 0x03, 0xF1, 0xC0, 0x20, 0x00, 0x00, 0x00, 0x30, 0x00, 0x00,
  0x00, 0x0E, 0x1C, 0xC0, 0x60, 0x00, 0x00, 0x00, 0xE0, 0x00, 0x00, 0x00,
  0x18, 0x06, 0x70, 0xC0, 0x00, 0x00, 0x07, 0xE0, 0x00, 0x00, 0x00, 0x30,
  0x02, 0x1C, 0x80, 0x00, 0x00, 0x04, 0x30, 0x00, 0x00, 0x00, 0x60, 0xE3,
  0x07, 0x00, 0x00, 0x00, 0x00, 0x18, 0x00, 0x00, 0x00, 0xC1, 0xE3, 0x03,
  0xF0, 0x00, 0x00, 0x00, 0x70, 0x00, 0x00, 0x00, 0x82, 0x0F, 0x01, 0xFF,
  0xFE, 0x00, 0x00, 0x20, 0x00, 0x00, 0x01, 0x84, 0x3F, 0x07, 0x00, 0xE0,
  0x00, 0x00, 0x20, 0x00, 0x00, 0x01, 0x0C, 0x67, 0x0C, 0x00, 0x40, 0x00,
  0x00, 0x20, 0x00, 0x00, 0x01, 0x08, 0xDD, 0x18, 0x00, 0x62, 0x00, 0x01,
  0x60, 0x00, 0x00, 0x03, 0x08, 0x99, 0x30, 0x00, 0x3E, 0x00, 0x01, 0xE0,
  0x00, 0x00, 0x03, 0x09, 0xBB, 0x30, 0x00, 0x09, 0x80, 0x01, 0xE0, 0x00,
  0x00, 0x03, 0x09, 0xB2, 0x60, 0x00, 0x00, 0xF0, 0x01, 0x60, 0x00, 0x00,
  0x01, 0x09, 0x8C, 0x60, 0x00, 0x00, 0x18, 0x03, 0x60, 0x00, 0x00, 0x01,
  0x0C, 0xD8, 0x40, 0x00, 0x00, 0x04, 0x0E, 0x60, 0x00, 0x00, 0x01, 0x84,
  0xF0, 0x40, 0x00, 0x00, 0x00, 0x0C, 0x60, 0x00, 0x00, 0x01, 0x86, 0x40,
  0xC0, 0x00, 0x00, 0x00, 0x18, 0x60, 0x00, 0x00, 0x00, 0xC3, 0x83, 0xC0,
  0x00, 0x00, 0x00, 0x10, 0x60, 0x00, 0x00, 0x00, 0xC0, 0xFE, 0x40, 0x00,
  0x00, 0x00, 0x20, 0x40, 0x00, 0x00, 0x00, 0x60, 0x00, 0x40, 0x00, 0x40,
  0x01, 0xC0, 0x40, 0x00, 0x00, 0x00, 0x30, 0x00, 0x40, 0x00, 0x60, 0x01,
  0x80, 0xC0, 0x00, 0x00, 0x00, 0x1C, 0x01, 0xE0, 0x00, 0x20, 0x03, 0x00,
  0xC0, 0x00, 0x00, 0x00, 0x07, 0xFF, 0xC0, 0x00, 0x20, 0x03, 0x00, 0xC0,
  0x00, 0x00, 0x00, 0x01, 0xFE, 0xC0, 0x08, 0x30, 0x03, 0x80, 0x80, 0x00,
  0x00, 0x00, 0x00, 0x00, 0xC0, 0x1F, 0xF0, 0x03, 0x80, 0x80, 0x00, 0x00,
  0x00, 0x00, 0x00, 0x40, 0x73, 0xF8, 0x03, 0x80, 0xC0, 0x00, 0x00, 0x00,
  0x00, 0x00, 0x60, 0x13, 0x08, 0x03, 0xC0, 0x40, 0x00, 0x00, 0x00, 0x00,
  0x00, 0x20, 0x19, 0xCC, 0x01, 0xC5, 0xC0, 0x00, 0x00, 0x00, 0x00, 0x00,
  0x39, 0x30, 0xFE, 0x05, 0x7F, 0xC0, 0x00, 0x00, 0x00, 0x00, 0x00, 0x1F,
  0xE0, 0x03, 0x27, 0x1F, 0x00, 0x00, 0x00, 0x00, 0x00, 0x00, 0x03, 0x80,
  0x01, 0xFE, 0x00, 0x00, 0x00, 0x00, 0x00, 0x00, 0x00, 0x00, 0x00, 0x00,
  0x00, 0x00, 0x00, 0x00, 0x00, 0x00, 0x00, 0x00, 0x00, 0x00, 0x00, 0x00,
  0x00, 0x00, 0x00, 0x00, 0x00, 0x00, 0x00, 0x00, 0x00, 0x00, 0x00, 0x00,
  0x00, 0x00, 0x00, 0x00, 0x00, 0x00, 0x00, 0x00, 0x00, 0x00, 0x00, 0x00,
  0x00, 0x00, 0x00, 0x00, 0x00, 0x00, 0x00, 0x00, 0x00, 0x00, 0x00, 0x00,
  0x00, 0x00, 0x00, 0x00, 0x00, 0x00, 0x00, 0x00, 0x00, 0x00, 0x00, 0x00,
};

const uint8_t CAT_EAT_BITMAP[] PROGMEM = {
  0x00, 0x00, 0x00, 0x00, 0x00, 0x00, 0x00, 0x00, 0x00, 0x00, 0x00, 0x00,
  0x00, 0x00, 0x00, 0x00, 0x00, 0x00, 0x00, 0x00, 0x00, 0x00, 0x00, 0x00,
  0x00, 0x00, 0x00, 0x00, 0x00, 0x00, 0x00, 0x00, 0x00, 0x00, 0x00, 0x00,
  0x00, 0x00, 0x00, 0x00, 0x00, 0x00, 0x00, 0x00, 0x00, 0x00, 0x00, 0x00,
  0x00, 0x00, 0x00, 0x00, 0x00, 0x00, 0x00, 0x00, 0x00, 0x00, 0x00, 0x00,
  0x00, 0x00, 0x00, 0x00, 0x00, 0x00, 0x00, 0x00, 0x00, 0x00, 0x00, 0x00,
  0x00, 0x30, 0x00, 0x00, 0x00, 0x00, 0x00, 0x00, 0x00, 0x00, 0x00, 0x00,
  0xF8, 0x00, 0x00, 0x00, 0x00, 0x00, 0x00, 0x00, 0x00, 0x00, 0x01, 0x88,
  0x00, 0x00, 0x00, 0x00, 0x00, 0x00, 0x00, 0x00, 0x00, 0x07, 0x0C, 0x00,
  0x00, 0x00, 0x00, 0x00, 0x00, 0x00, 0x00, 0x00, 0x0E, 0x0C, 0x00, 0x00,
  0x00, 0x00, 0x00, 0x00, 0x00, 0x00, 0x00, 0x38, 0x23, 0x00, 0x00, 0x00,
  0x00, 0x00, 0x00, 0x00, 0x00, 0x00, 0x30, 0x23, 0x00, 0x00, 0x00, 0x00,
  0x00, 0x00, 0x00, 0x00, 0x00, 0x60, 0x63, 0x80, 0x00, 0x00, 0x00, 0x00,
  0x00, 0x00, 0x00, 0x00, 0xC0, 0x41, 0x80, 0x00, 0x00, 0x00, 0x00, 0x00,
  0x00, 0x00, 0x01, 0x84, 0xC1, 0x80, 0x00, 0x00, 0x00, 0x00, 0x00, 0x00,
  0x00, 0x01, 0x84, 0xB0, 0xC0, 0x00, 0x00, 0x00, 0x00, 0x00, 0x00, 0x00,
  0x03, 0x05, 0xC0, 0xC0, 0x00, 0x00, 0x00, 0x00, 0x00, 0x00, 0x00, 0x06,
  0x07, 0x80, 0x60, 0x00, 0x00, 0x00, 0x00, 0x00, 0x00, 0x00, 0x03, 0x03,
  0x00, 0x60, 0x00, 0x00, 0x00, 0x00, 0x00, 0x00, 0x00, 0x02, 0x02, 0x04,
  0x60, 0x00, 0x00, 0x00, 0x03, 0xF6, 0x00, 0x00, 0x02, 0x66, 0x0C, 0x60,
  0x00, 0x00, 0x01, 0xFC, 0x7F, 0x80, 0x00, 0x06, 0x6C, 0x70, 0x40, 0x00,
  0x00, 0x06, 0x00, 0x01, 0xC0, 0x00, 0x02, 0x38, 0xC0, 0xC0, 0x00, 0x00,
  0x0C, 0x00, 0x00, 0x60, 0x00, 0x1E, 0x1F, 0x80, 0x80, 0x00, 0x00, 0x0C,
  0x81, 0x00, 0x60, 0x0F, 0xEF, 0x1C, 0x00, 0xC0, 0x00, 0x00, 0x0C, 0x61,
  0x00, 0x30, 0x1C, 0x00, 0x00, 0x04, 0x80, 0x00, 0x00, 0x04, 0x31, 0x0C,
  0x10, 0x70, 0x00, 0x00, 0x19, 0x00, 0x00, 0x00, 0x04, 0x19, 0x06, 0x0D,
  0xE0, 0x00, 0x00, 0x1F, 0x00, 0x00, 0x00, 0x02, 0x05, 0x86, 0x0F, 0x00,
  0x00, 0x00, 0x0E, 0x00, 0x00, 0x00, 0x03, 0x00, 0xC4, 0x0E, 0x00, 0x00,
  0x00, 0x06, 0x00, 0x00, 0x00, 0x03, 0x00, 0xE4, 0x44, 0x00, 0x00, 0x00,
  0x03, 0x00, 0x00, 0x00, 0x03, 0x1B, 0xFC, 0x48, 0x00, 0x00, 0x00, 0x00,
  0xE0, 0x00, 0x00, 0x03, 0x0E, 0x1C, 0xC0, 0x00, 0x00, 0x00, 0x00, 0x60,
  0x00, 0x00, 0x03, 0x00, 0x0E, 0x80, 0x00, 0x00, 0x00, 0x00, 0x30, 0x00,
  0x00, 0x03, 0x01, 0xFF, 0xC0, 0x00, 0x00, 0x00, 0x00, 0x30, 0x00, 0x00,
  0x01, 0x8F, 0xE5, 0x80, 0x00, 0x00, 0x06, 0x00, 0x18, 0x00, 0x00, 0x01,
  0x82, 0x00, 0x80, 0x00, 0x00, 0x00, 0x00, 0x18, 0x00, 0x00, 0x00, 0xC0,
  0x00, 0x00, 0x00, 0x00, 0x00, 0x3C, 0x08, 0x00, 0x00, 0x00, 0xC0, 0x00,
  0x00, 0x00, 0x00, 0x00, 0xFE, 0x06, 0x00, 0x00, 0x00, 0x60, 0x00, 0x00,
  0x00, 0x00, 0x00, 0xFD, 0xC6, 0x00, 0x00, 0x00, 0x70, 0x7C, 0x00, 0x00,
  0x00, 0x01, 0x9E, 0xC2, 0x00, 0x00, 0x00, 0x39, 0x00, 0x00, 0x00, 0x00,
  0x03, 0x0F, 0x63, 0x00, 0x00, 0x00, 0x07, 0xF8, 0x00, 0x10, 0x00, 0x03,
  0x1F, 0x61, 0xC0, 0x00, 0x00, 0x00, 0x38, 0x00, 0x30, 0x00, 0x03, 0x3F,
  0x60, 0x80, 0x00, 0x00, 0x00, 0x30, 0x00, 0x00, 0x00, 0x03, 0xFF, 0x01,
  0x80, 0x00, 0x00, 0x00, 0x30, 0x00, 0x00, 0x00, 0x03, 0xFB, 0x00, 0xC0,
  0x00, 0x00, 0x00, 0x20, 0x00, 0x00, 0x00, 0x01, 0xF8, 0x80, 0xC0, 0x00,
  0x00, 0x00, 0x60, 0x01, 0xFC, 0x00, 0x01, 0xF9, 0x8E, 0xF0, 0x00, 0x00,
  0x00, 0x60, 0x01, 0xFF, 0x00, 0x00, 0xF9, 0x90, 0x80, 0x00, 0x00, 0x00,
  0x30, 0x03, 0xCF, 0x80, 0x60, 0xFF, 0x00, 0x80, 0x00, 0x00, 0x00, 0x20,
  0x03, 0x86, 0x00, 0x20, 0x6C, 0x11, 0x80, 0x00, 0x00, 0x00, 0x20, 0x05,
  0x86, 0x00, 0x04, 0x00, 0x0F, 0x00, 0x00, 0x00, 0x00, 0x20, 0x05, 0xCE,
  0x1C, 0x0C, 0x00, 0x03, 0x80, 0x00, 0x00, 0x00, 0x20, 0x0D, 0xFE, 0x7F,
  0x38, 0x00, 0x03, 0x00, 0x00, 0x00, 0x00, 0x20, 0x0D, 0xFC, 0xE3, 0xBC,
  0x00, 0x06, 0x00, 0x00, 0x00, 0x00, 0x30, 0x06, 0xFC, 0xFF, 0x84, 0x00,
  0x0C, 0x00, 0x00, 0x00, 0x00, 0x18, 0x06, 0xFC, 0xC1, 0x84, 0x00, 0x18,
  0x00, 0x00, 0x00, 0x00, 0x18, 0x06, 0x7C, 0xE3, 0x8C, 0x00, 0x10, 0x00,
  0x00, 0x00, 0x00, 0x08, 0x02, 0x7E, 0x7F, 0x08, 0x00, 0x60, 0x00, 0x00,
  0x00, 0x00, 0x0C, 0x00, 0x3C, 0x1C, 0x30, 0x00, 0xC0, 0x00, 0x00, 0x00,
  0x00, 0x0C, 0x00, 0x0C, 0x00, 0x00, 0x01, 0xC0, 0x00, 0x00, 0x00, 0x00,
  0x04, 0x01, 0x00, 0x00, 0x00, 0x0F, 0xC0, 0x00, 0x00, 0x00, 0x00, 0x06,
  0x06, 0x00, 0x00, 0x00, 0x08, 0x70, 0x00, 0x00, 0x00, 0x00, 0x03, 0x06,
  0x40, 0x00, 0x00, 0x00, 0x20, 0x00, 0x00, 0x00, 0x00, 0x02, 0x80, 0xC0,
  0x00, 0x00, 0x00, 0xE0, 0x00, 0x00, 0x00, 0x00, 0x63, 0x81, 0x80, 0x00,
  0x00, 0x00, 0x40, 0x00, 0x00, 0x00, 0x07, 0xB9, 0xE1, 0x00, 0x00, 0x00,
  0x00, 0x40, 0x00, 0x00, 0x00, 0x1C, 0x0C, 0x38, 0x00, 0x00, 0x00, 0x00,
  0x20, 0x00, 0x00, 0x00, 0x30, 0x04, 0x0F, 0xE1, 0xFC, 0x00, 0x01, 0x60,
  0x00, 0x00, 0x00, 0x20, 0x46, 0x07, 0xFE, 0xE0, 0x00, 0x01, 0xE0, 0x00,
  0x00, 0x00, 0x41, 0xC3, 0x01, 0x00, 0x42, 0x00, 0x01, 0xE0, 0x00, 0x00,
  0x00, 0x41, 0x8F, 0x07, 0x00, 0x62, 0x00, 0x01, 0x60, 0x00, 0x00, 0x00,
  0xC2, 0x3F, 0x0C, 0x00, 0x3D, 0x80, 0x03, 0x60, 0x00, 0x00, 0x00, 0x84,
  0x67, 0x18, 0x00, 0x08, 0xF0, 0x06, 0x60, 0x00, 0x00, 0x01, 0x8C, 0x5D,
  0x30, 0x00, 0x00, 0x1C, 0x0C, 0x30, 0x00, 0x00, 0x01, 0x08, 0xD9, 0x30,
  0x00, 0x00, 0x00, 0x04, 0x30, 0x00, 0x00, 0x01, 0x08, 0xBB, 0x60, 0x00,
  0x00, 0x00, 0x08, 0x30, 0x00, 0x00, 0x03, 0x09, 0xB1, 0x30, 0x00, 0x00,
  0x00, 0x08, 0x20, 0x00, 0x00, 0x03, 0x84, 0xC6, 0x20, 0x00, 0x00, 0x00,
  0x10, 0x20, 0x00, 0x00, 0x01, 0x84, 0xEC, 0x20, 0x00, 0x00, 0x00, 0xE0,
  0x60, 0x00, 0x00, 0x00, 0x86, 0x78, 0x60, 0x00, 0x00, 0x00, 0xC0, 0x60,
  0x00, 0x00, 0x00, 0x82, 0x60, 0x60, 0x00, 0x20, 0x01, 0x80, 0x70, 0x00,
  0x00, 0x00, 0xC3, 0x01, 0xA0, 0x00, 0x30, 0x00, 0xC0, 0x20, 0x00, 0x00,
  0x00, 0xC1, 0xFF, 0x20, 0x00, 0x08, 0x00, 0xE0, 0x20, 0x00, 0x00, 0x00,
  0x60, 0x40, 0x10, 0x00, 0x08, 0x00, 0xE0, 0x30, 0x00, 0x00, 0x00, 0x78,
  0x00, 0x78, 0x00, 0x0C, 0x00, 0xE0, 0x10, 0x00, 0x00, 0x00, 0x0C, 0x00,
  0x70, 0x02, 0xFC, 0x00, 0xF1, 0x70, 0x00, 0x00, 0x00, 0x07, 0x3F, 0xF0,
  0x07, 0xFE, 0x00, 0x73, 0xF0, 0x00, 0x00, 0x00, 0x01, 0xFF, 0xB0, 0x1C,
  0xC3, 0x01, 0x5F, 0xC0, 0x00, 0x00, 0x00, 0x00, 0x60, 0x10, 0x04, 0x73,
  0x81, 0xE0, 0x00, 0x00, 0x00, 0x00, 0x00, 0x00, 0x18, 0x06, 0x1E, 0x65,
  0xC0, 0x00, 0x00, 0x00, 0x00, 0x00, 0x00, 0x04, 0x26, 0x00, 0x3E, 0x00,
  0x00, 0x00, 0x00, 0x00, 0x00, 0x00, 0x07, 0x7C, 0x00, 0x00, 0x00, 0x00,
  0x00, 0x00, 0x00, 0x00, 0x00, 0x03, 0xF0, 0x00, 0x00, 0x00, 0x00, 0x00,
  0x00, 0x00, 0x00, 0x00, 0x00, 0x00, 0x00, 0x00, 0x00, 0x00, 0x00, 0x00,
};

const uint8_t CAT_HAPPY_BITMAP[] PROGMEM = {
  0x00, 0x00, 0x00, 0x00, 0x00, 0x00, 0x00, 0x00, 0x00, 0x00, 0x00, 0x00,
  0x00, 0x00, 0x00, 0x00, 0x00, 0x00, 0x00, 0x00, 0x00, 0x00, 0x00, 0x00,
  0x00, 0x00, 0x00, 0x00, 0x00, 0x00, 0x00, 0x00, 0x00, 0x00, 0x00, 0x00,
  0x00, 0x00, 0x00, 0x00, 0x00, 0x00, 0x00, 0x00, 0x00, 0x00, 0x00, 0x00,
  0x00, 0x00, 0x00, 0x00, 0x00, 0x00, 0x00, 0x00, 0x00, 0x00, 0x00, 0x00,
  0x00, 0x00, 0x00, 0x18, 0x00, 0x00, 0x00, 0x00, 0x00, 0x00, 0x00, 0x00,
  0x00, 0x00, 0xFC, 0x00, 0x00, 0x00, 0x00, 0x00, 0x00, 0x00, 0x00, 0x00,
  0x03, 0xC4, 0x00, 0x00, 0x00, 0x00, 0x00, 0x00, 0x00, 0x00, 0x00, 0x07,
  0x06, 0x00, 0x00, 0x00, 0x00, 0x00, 0x00, 0x00, 0x00, 0x00, 0x1C, 0x06,
  0x00, 0x00, 0x00, 0x00, 0x00, 0x00, 0x00, 0x00, 0x00, 0x30, 0x22, 0x00,
  0x00, 0x00, 0x00, 0x00, 0x00, 0x00, 0x00, 0x00, 0xE0, 0x23, 0x00, 0x00,
  0x00, 0x00, 0x00, 0x00, 0x00, 0x00, 0x01, 0xC0, 0x63, 0x00, 0x00, 0x00,
  0x00, 0x00, 0x00, 0x00, 0x00, 0x01, 0x84, 0x41, 0x80, 0x00, 0x00, 0x0F,
  0xFF, 0xE0, 0x00, 0x00, 0x03, 0x04, 0xC1, 0x80, 0x00, 0x00, 0x18, 0x00,
  0xFC, 0x00, 0x00, 0x06, 0x05, 0xB0, 0x80, 0x00, 0x00, 0x18, 0x00, 0x0F,
  0x00, 0x00, 0x06, 0x07, 0xC0, 0xC0, 0x00, 0x00, 0x19, 0x00, 0x03, 0x80,
  0x00, 0x04, 0x06, 0x00, 0xC0, 0x00, 0x00, 0x08, 0xC2, 0x00, 0xC0, 0x00,
  0x04, 0x84, 0x00, 0xC0, 0x00, 0x00, 0x08, 0x62, 0x00, 0xC0, 0x00, 0x0C,
  0xCC, 0x08, 0xC0, 0x00, 0x00, 0x08, 0x32, 0x10, 0x60, 0x00, 0x04, 0x58,
  0x18, 0xC0, 0x00, 0x00, 0x08, 0x1A, 0x18, 0x20, 0x3F, 0xFC, 0x71, 0xE0,
  0xC0, 0x00, 0x00, 0x0C, 0x06, 0x18, 0x31, 0xF8, 0x1E, 0x3F, 0x80, 0x80,
  0x00, 0x00, 0x0C, 0x03, 0x18, 0x37, 0x80, 0x00, 0x38, 0x01, 0x80, 0x00,
  0x00, 0x0C, 0x63, 0x90, 0x3C, 0x00, 0x00, 0x00, 0x01, 0x00, 0x00, 0x00,
  0x0C, 0x3F, 0xF1, 0x18, 0x00, 0x00, 0x00, 0x13, 0x00, 0x00, 0x00, 0x0C,
  0x00, 0x71, 0x30, 0x00, 0x00, 0x00, 0x66, 0x00, 0x00, 0x00, 0x0C, 0x00,
  0x33, 0x00, 0x00, 0x00, 0x00, 0x7C, 0x00, 0x00, 0x00, 0x0C, 0x77, 0xFA,
  0x00, 0x00, 0x00, 0x00, 0x38, 0x00, 0x00, 0x00, 0x04, 0x1F, 0x3E, 0x00,
  0x00, 0x00, 0x00, 0x18, 0x00, 0x00, 0x00, 0x06, 0x00, 0x0C, 0x00, 0x00,
  0x00, 0x00, 0x0C, 0x00, 0x00, 0x00, 0x06, 0x00, 0x04, 0x00, 0x00, 0x00,
  0x00, 0x06, 0x00, 0x00, 0x00, 0x03, 0x00, 0x00, 0x00, 0x00, 0x00, 0x00,
  0x03, 0x00, 0x00, 0x00, 0x03, 0x80, 0x00, 0x00, 0x00, 0x00, 0x00, 0x03,
  0x00, 0x00, 0x00, 0x01, 0xC3, 0xE0, 0x00, 0x00, 0x00, 0x00, 0x01, 0x80,
  0x00, 0x00, 0x00, 0x78, 0x00, 0x00, 0x00, 0x00, 0x00, 0x01, 0x80, 0x00,
  0x00, 0x00, 0x1F, 0x80, 0x07, 0xC0, 0x07, 0xC0, 0x00, 0xC0, 0x00, 0x00,
  0x00, 0x03, 0x80, 0x08, 0x20, 0x08, 0x27, 0xE0, 0xC0, 0x00, 0x00, 0x00,
  0x03, 0x00, 0x10, 0x10, 0x10, 0x1F, 0xF0, 0x40, 0x00, 0x00, 0x00, 0x03,
  0x00, 0x00, 0x00, 0x00, 0x0B, 0xD8, 0x60, 0x00, 0x00, 0x00, 0x02, 0x00,
  0x00, 0x00, 0x00, 0x01, 0xEC, 0x60, 0x00, 0x00, 0x00, 0x06, 0x00, 0x00,
  0x00, 0x00, 0x00, 0xF4, 0x20, 0x00, 0x00, 0x00, 0x06, 0x00, 0x00, 0x00,
  0x00, 0x01, 0xF6, 0x30, 0x00, 0x00, 0x00, 0x06, 0x00, 0x1F, 0x80, 0x00,
  0x3F, 0xF6, 0x18, 0x00, 0x00, 0x00, 0x04, 0x00, 0x3F, 0xC0, 0x00, 0x3F,
  0xF2, 0x0C, 0x00, 0x00, 0x0F, 0xC4, 0x00, 0x79, 0xE0, 0x00, 0x3F, 0xB0,
  0x18, 0x00, 0x00, 0x7F, 0xC4, 0x00, 0xF0, 0xF0, 0x00, 0x3F, 0x10, 0x18,
  0x00, 0x00, 0xF0, 0x04, 0x00, 0xB0, 0xC0, 0x04, 0x1F, 0x30, 0x18, 0x00,
  0x03, 0x80, 0x04, 0x01, 0xB9, 0xC0, 0x04, 0x1F, 0x31, 0xD8, 0x00, 0x07,
  0x00, 0x06, 0x01, 0xBF, 0xC0, 0x00, 0x0F, 0xE2, 0x1E, 0x00, 0x06, 0x0F,
  0x86, 0x01, 0xBF, 0xC0, 0x00, 0x81, 0x80, 0x10, 0x00, 0x0C, 0x10, 0x00,
  0x01, 0xBF, 0x80, 0x07, 0x80, 0x02, 0x30, 0x00, 0x18, 0x60, 0x00, 0x01,
  0xBF, 0x00, 0x07, 0x00, 0x01, 0xE0, 0x00, 0x18, 0x40, 0x00, 0x00, 0x9F,
  0x38, 0x3B, 0x00, 0x00, 0x60, 0x00, 0x18, 0x80, 0x00, 0x00, 0x1F, 0x5C,
  0x71, 0x00, 0x00, 0xC0, 0x00, 0x31, 0x00, 0x00, 0x00, 0x0F, 0xCF, 0xE1,
  0x00, 0x01, 0x80, 0x00, 0x31, 0x00, 0x00, 0x00, 0x03, 0x07, 0xC3, 0x00,
  0x03, 0x00, 0x00, 0x31, 0x00, 0x00, 0x01, 0xC0, 0x00, 0x1E, 0x00, 0x06,
  0x00, 0x00, 0x31, 0x00, 0x00, 0x01, 0x00, 0x00, 0x00, 0x00, 0x1C, 0x00,
  0x00, 0x31, 0x00, 0x00, 0x00, 0x20, 0x00, 0x00, 0x00, 0x30, 0x00, 0x00,
  0x31, 0x00, 0x00, 0x00, 0x60, 0x00, 0x00, 0x00, 0xE0, 0x00, 0x00, 0x18,
  0x80, 0x00, 0x00, 0xC0, 0x00, 0x00, 0x07, 0xE0, 0x00, 0x00, 0x18, 0x40,
  0x00, 0x00, 0x80, 0x00, 0x00, 0x04, 0x30, 0x00, 0x00, 0x18, 0x60, 0x00,
  0x01, 0x00, 0x00, 0x00, 0x00, 0x18, 0x00, 0x00, 0x0C, 0x10, 0x01, 0x01,
  0xF0, 0x00, 0x00, 0x00, 0x70, 0x00, 0x00, 0x06, 0x0F, 0x83, 0x81, 0xFF,
  0xFE, 0x00, 0x00, 0x20, 0x00, 0x00, 0x07, 0x00, 0x01, 0xC1, 0x00, 0xE0,
  0x00, 0x00, 0x20, 0x00, 0x00, 0x03, 0x80, 0x00, 0xE0, 0x00, 0x40, 0x00,
  0x00, 0x20, 0x00, 0x00, 0x00, 0xF0, 0x00, 0x70, 0x00, 0x62, 0x00, 0x01,
  0x60, 0x00, 0x00, 0x00, 0x7F, 0x80, 0x1C, 0x00, 0x3E, 0x00, 0x01, 0xE0,
  0x00, 0x00, 0x00, 0x0F, 0x80, 0x0E, 0x00, 0x09, 0x80, 0x01, 0xE0, 0x00,
  0x00, 0x00, 0x00, 0x00, 0x07, 0x00, 0x00, 0xF0, 0x01, 0x60, 0x00, 0x00,
  0x00, 0x00, 0x00, 0x03, 0x80, 0x00, 0x18, 0x03, 0x60, 0x00, 0x00, 0x00,
  0x00, 0x00, 0x01, 0x00, 0x00, 0x04, 0x0E, 0x60, 0x00, 0x00, 0x00, 0x00,
  0x00, 0x00, 0x00, 0x00, 0x00, 0x0C, 0x60, 0x00, 0x00, 0x00, 0x00, 0x00,
  0x00, 0x00, 0x00, 0x00, 0x18, 0x60, 0x00, 0x00, 0x00, 0x00, 0x00, 0x00,
  0x00, 0x00, 0x00, 0x10, 0x60, 0x00, 0x00, 0x00, 0x00, 0x00, 0x00, 0x00,
  0x00, 0x00, 0x20, 0x40, 0x00, 0x00, 0x00, 0x00, 0x00, 0x00, 0x00, 0x40,
  0x01, 0xC0, 0x40, 0x00, 0x00, 0x00, 0x00, 0x00, 0x00, 0x00, 0x60, 0x01,
  0x80, 0xC0, 0x00, 0x00, 0x00, 0x00, 0x00, 0x00, 0x00, 0x20, 0x03, 0x00,
  0xC0, 0x00, 0x00, 0x00, 0x07, 0xFF, 0xC0, 0x00, 0x20, 0x03, 0x00, 0xC0,
  0x00, 0x00, 0x00, 0x01, 0xFE, 0xC0, 0x08, 0x30, 0x03, 0x80, 0x80, 0x00,
  0x00, 0x00, 0x00, 0x00, 0xC0, 0x1F, 0xF0, 0x03, 0x80, 0x80, 0x00, 0x00,
  0x00, 0x00, 0x00, 0x40, 0x73, 0xF8, 0x03, 0x80, 0xC0, 0x00, 0x00, 0x00,
  0x00, 0x00, 0x60, 0x13, 0x08, 0x03, 0xC0, 0x40, 0x00, 0x00, 0x00, 0x00,
  0x00, 0x20, 0x19, 0xCC, 0x01, 0xC5, 0xC0, 0x00, 0x00, 0x00, 0x00, 0x00,
  0x39, 0x30, 0xFE, 0x05, 0x7F, 0xC0, 0x00, 0x00, 0x00, 0x00, 0x00, 0x1F,
  0xE0, 0x03, 0x27, 0x1F, 0x00, 0x00, 0x00, 0x00, 0x00, 0x00, 0x03, 0x80,
  0x01, 0xFE, 0x00, 0x00, 0x00, 0x00, 0x00, 0x00, 0x00, 0x00, 0x00, 0x00,
  0x00, 0x00, 0x00, 0x00, 0x00, 0x00, 0x00, 0x00, 0x00, 0x00, 0x00, 0x00,
  0x00, 0x00, 0x00, 0x00, 0x00, 0x00, 0x00, 0x00, 0x00, 0x00, 0x00, 0x00,
  0x00, 0x00, 0x00, 0x00, 0x00, 0x00, 0x00, 0x00, 0x00, 0x00, 0x00, 0x00,
  0x00, 0x00, 0x00, 0x00, 0x00, 0x00, 0x00, 0x00, 0x00, 0x00, 0x00, 0x00,
  0x00, 0x00, 0x00, 0x00, 0x00, 0x00, 0x00, 0x00, 0x00, 0x00, 0x00, 0x00,
};

const uint8_t CAT_SLEEP_BITMAP[] PROGMEM = {
  0x00, 0x00, 0x00, 0x00, 0x00, 0x00, 0x00, 0x00, 0x00, 0x00, 0x00, 0x00,
  0x00, 0x00, 0x00, 0x00, 0x00, 0x00, 0x00, 0x00, 0x00, 0x00, 0x00, 0x00,
  0x00, 0x00, 0x00, 0x00, 0x00, 0x00, 0x00, 0x00, 0x00, 0x00, 0x00, 0x00,
  0x00, 0x00, 0x00, 0x00, 0x00, 0x00, 0x00, 0x00, 0x00, 0x00, 0x00, 0x00,
  0x00, 0x00, 0x00, 0x00, 0x00, 0x00, 0x00, 0x00, 0x00, 0x00, 0x00, 0x00,
  0x00, 0x00, 0x00, 0x18, 0x00, 0x00, 0x00, 0x00, 0x00, 0x00, 0x00, 0x00,
  0x00, 0x00, 0xFC, 0x00, 0x00, 0x00, 0x00, 0x00, 0x00, 0x00, 0x00, 0x00,
  0x03, 0xC4, 0x00, 0x00, 0x00, 0x00, 0x00, 0x00, 0x00, 0x00, 0x00, 0x07,
  0x06, 0x00, 0x00, 0x00, 0x00, 0x00, 0x00, 0x00, 0x00, 0x00, 0x1C, 0x06,
  0x00, 0x00, 0x00, 0x00, 0x00, 0x00, 0x00, 0x00, 0x00, 0x30, 0x22, 0x00,
  0x00, 0x00, 0x00, 0x00, 0x00, 0x00, 0x00, 0x00, 0xE0, 0x23, 0x00, 0x00,
  0x00, 0x00, 0x00, 0x00, 0x00, 0x00, 0x01, 0xC0, 0x63, 0x00, 0x00, 0x00,
  0x00, 0x00, 0x00, 0x00, 0x00, 0x01, 0x84, 0x41, 0x80, 0x00, 0x00, 0x0F,
  0xFF, 0xE0, 0x00, 0x00, 0x03, 0x04, 0xC1, 0x80, 0x00, 0x00, 0x18, 0x00,
  0xFC, 0x00, 0x00, 0x06, 0x05, 0xB0, 0x80, 0x00, 0x00, 0x18, 0x00, 0x0F,
  0x00, 0x00, 0x06, 0x07, 0xC0, 0xC0, 0x00, 0x00, 0x19, 0x00, 0x03, 0x80,
  0x00, 0x04, 0x06, 0x00, 0xC0, 0x00, 0x00, 0x08, 0xC2, 0x00, 0xC0, 0x00,
  0x04, 0x84, 0x00, 0xC0, 0x00, 0x00, 0x08, 0x62, 0x00, 0xC0, 0x00, 0x0C,
  0xCC, 0x08, 0xC0, 0x00, 0x00, 0x08, 0x32, 0x10, 0x60, 0x00, 0x04, 0x58,
  0x18, 0xC0, 0x00, 0x00, 0x08, 0x1A, 0x18, 0x20, 0x3F, 0xFC, 0x71, 0xE0,
  0xC0, 0x00, 0x00, 0x0C, 0x06, 0x18, 0x31, 0xF8, 0x1E, 0x3F, 0x80, 0x80,
  0x00, 0x00, 0x0C, 0x03, 0x18, 0x37, 0x80, 0x00, 0x38, 0x01, 0x80, 0x00,
  0x00, 0x0C, 0x63, 0x90, 0x3C, 0x00, 0x00, 0x00, 0x01, 0x00, 0x00, 0x00,
  0x0C, 0x3F, 0xF1, 0x18, 0x00, 0x00, 0x00, 0x13, 0x00, 0x00, 0x00, 0x0C,
  0x00, 0x71, 0x30, 0x00, 0x00, 0x00, 0x66, 0x00, 0x00, 0x00, 0x0C, 0x00,
  0x33, 0x00, 0x00, 0x00, 0x00, 0x7C, 0x00, 0x00, 0x00, 0x0C, 0x77, 0xFA,
  0x00, 0x00, 0x00, 0x00, 0x38, 0x00, 0x00, 0x00, 0x04, 0x1F, 0x3E, 0x00,
  0x00, 0x00, 0x00, 0x18, 0x00, 0x00, 0x00, 0x06, 0x00, 0x0C, 0x00, 0x00,
  0x00, 0x00, 0x0C, 0x00, 0x00, 0x00, 0x06, 0x00, 0x04, 0x00, 0x00, 0x00,
  0x00, 0x06, 0x00, 0x00, 0x00, 0x03, 0x00, 0x00, 0x00, 0x00, 0x00, 0x00,
  0x03, 0x00, 0x00, 0x00, 0x03, 0x80, 0x00, 0x00, 0x00, 0x00, 0x00, 0x03,
  0x00, 0x00, 0x00, 0x01, 0xC3, 0xE0, 0x00, 0x00, 0x00, 0x00, 0x01, 0x80,
  0x00, 0x00, 0x00, 0x78, 0x00, 0x00, 0x00, 0x00, 0x00, 0x01, 0x80, 0x00,
  0x00, 0x00, 0x1F, 0x80, 0x07, 0xC0, 0x07, 0xC0, 0x00, 0xC0, 0x00, 0x00,
  0x00, 0x03, 0x80, 0x08, 0x20, 0x08, 0x27, 0xE0, 0xC0, 0x00, 0x00, 0x00,
  0x03, 0x00, 0x10, 0x10, 0x10, 0x1F, 0xF0, 0x40, 0x00, 0x00, 0x00, 0x03,
  0x00, 0x00, 0x00, 0x00, 0x0B, 0xD8, 0x60, 0x00, 0x00, 0x00, 0x02, 0x00,
  0x00, 0x00, 0x00, 0x01, 0xEC, 0x60, 0x00, 0x00, 0x00, 0x06, 0x00, 0x00,
  0x00, 0x00, 0x00, 0xF4, 0x20, 0x00, 0x00, 0x00, 0x06, 0x00, 0x00, 0x00,
  0x00, 0x01, 0xF6, 0x30, 0x00, 0x00, 0x00, 0x06, 0x00, 0x1F, 0x80, 0x00,
  0x3F, 0xF6, 0x18, 0x00, 0x00, 0x00, 0x04, 0x00, 0x3F, 0xC0, 0x00, 0x3F,
  0xF2, 0x0C, 0x00, 0x00, 0x00, 0x04, 0x00, 0x79, 0xE0, 0x00, 0x3F, 0xB0,
  0x18, 0x00, 0x00, 0x00, 0x04, 0x00, 0xF0, 0xF0, 0x00, 0x3F, 0x10, 0x18,
  0x00, 0x00, 0x00, 0x04, 0x00, 0xB0, 0xC0, 0x04, 0x1F, 0x30, 0x18, 0x00,
  0x00, 0x00, 0x04, 0x01, 0xB9, 0xC0, 0x04, 0x1F, 0x31, 0xD8, 0x00, 0x00,
  0x00, 0x06, 0x01, 0xBF, 0xC3, 0x80, 0x0F, 0xE2, 0x1E, 0x00, 0x00, 0x00,
  0x06, 0x01, 0xBF, 0xC7, 0xC0, 0x81, 0x80, 0x10, 0x00, 0x00, 0x00, 0x06,
  0x01, 0xBF, 0x8C, 0x67, 0x80, 0x02, 0x30, 0x00, 0x00, 0x00, 0x02, 0x01,
  0xBF, 0x0C, 0x67, 0x00, 0x01, 0xE0, 0x00, 0x00, 0x00, 0x03, 0x00, 0x9F,
  0x0C, 0x63, 0x00, 0x00, 0x60, 0x00, 0x00, 0x00, 0x03, 0x00, 0x1F, 0x47,
  0xC1, 0x00, 0x00, 0xC0, 0x00, 0x00, 0x00, 0x01, 0x00, 0x0F, 0xC3, 0x81,
  0x00, 0x01, 0x80, 0x00, 0x00, 0x00, 0x01, 0x80, 0x03, 0x00, 0x03, 0x00,
  0x03, 0x00, 0x00, 0x00, 0x00, 0x01, 0x81, 0xC0, 0x00, 0x1E, 0x00, 0x06,
  0x00, 0x00, 0x00, 0x00, 0x01, 0x03, 0x00, 0x00, 0x00, 0x00, 0x1C, 0x00,
  0x00, 0x00, 0x03, 0xF1, 0xC0, 0x20, 0x00, 0x00, 0x00, 0x30, 0x00, 0x00,
  0x00, 0x0E, 0x1C, 0xC0, 0x60, 0x00, 0x00, 0x00, 0xE0, 0x00, 0x00, 0x00,
  0x18, 0x06, 0x70, 0xC0, 0x00, 0x00, 0x07, 0xE0, 0x00, 0x00, 0x00, 0x30,
  0x02, 0x1C, 0x80, 0x00, 0x00, 0x04, 0x30, 0x00, 0x00, 0x00, 0x60, 0xE3,
  0x07, 0x00, 0x00, 0x00, 0x00, 0x18, 0x00, 0x00, 0x00, 0xC1, 0xE3, 0x03,
  0xF0, 0x00, 0x00, 0x00, 0x70, 0x00, 0x00, 0x00, 0x82, 0x0F, 0x01, 0xFF,
  0xFE, 0x00, 0x00, 0x20, 0x00, 0x00, 0x01, 0x84, 0x3F, 0x07, 0x00, 0xE0,
  0x00, 0x00, 0x20, 0x00, 0x00, 0x01, 0x0C, 0x67, 0x0C, 0x00, 0x40, 0x00,
  0x00, 0x20, 0x00, 0x00, 0x01, 0x08, 0xDD, 0x18, 0x00, 0x62, 0x00, 0x01,
  0x60, 0x00, 0x00, 0x03, 0x08, 0x99, 0x30, 0x00, 0x3E, 0x00, 0x01, 0xE0,
  0x00, 0x00, 0x03, 0x09, 0xBB, 0x30, 0x00, 0x09, 0x80, 0x01, 0xE0, 0x00,
  0x00, 0x03, 0x09, 0xB2, 0x60, 0x00, 0x00, 0xF0, 0x01, 0x60, 0x00, 0x00,
  0x01, 0x09, 0x8C, 0x60, 0x00, 0x00, 0x18, 0x03, 0x60, 0x00, 0x00, 0x01,
  0x0C, 0xD8, 0x40, 0x00, 0x00, 0x04, 0x0E, 0x60, 0x00, 0x00, 0x01, 0x84,
  0xF0, 0x40, 0x00, 0x00, 0x00, 0x0C, 0x60, 0x00, 0x00, 0x01, 0x86, 0x40,
  0xC0, 0x00, 0x00, 0x00, 0x18, 0x60, 0x00, 0x00, 0x00, 0xC3, 0x83, 0xC0,
  0x00, 0x00, 0x00, 0x10, 0x60, 0x00, 0x00, 0x00, 0xC0, 0xFE, 0x40, 0x00,
  0x00, 0x00, 0x20, 0x40, 0x00, 0x00, 0x00, 0x60, 0x00, 0x40, 0x00, 0x40,
  0x01, 0xC0, 0x40, 0x00, 0x00, 0x00, 0x30, 0x00, 0x40, 0x00, 0x60, 0x01,
  0x80, 0xC0, 0x00, 0x00, 0x00, 0x1C, 0x01, 0xE0, 0x00, 0x20, 0x03, 0x00,
  0xC0, 0x00, 0x00, 0x00, 0x07, 0xFF, 0xC0, 0x00, 0x20, 0x03, 0x00, 0xC0,
  0x00, 0x00, 0x00, 0x01, 0xFE, 0xC0, 0x08, 0x30, 0x03, 0x80, 0x80, 0x00,
  0x00, 0x00, 0x00, 0x00, 0xC0, 0x1F, 0xF0, 0x03, 0x80, 0x80, 0x00, 0x00,
  0x00, 0x00, 0x00, 0x40, 0x73, 0xF8, 0x03, 0x80, 0xC0, 0x00, 0x00, 0x00,
  0x00, 0x00, 0x60, 0x13, 0x08, 0x03, 0xC0, 0x40, 0x00, 0x00, 0x00, 0x00,
  0x00, 0x20, 0x19, 0xCC, 0x01, 0xC5, 0xC0, 0x00, 0x00, 0x00, 0x00, 0x00,
  0x39, 0x30, 0xFE, 0x05, 0x7F, 0xC0, 0x00, 0x00, 0x00, 0x00, 0x00, 0x1F,
  0xE0, 0x03, 0x27, 0x1F, 0x00, 0x00, 0x00, 0x00, 0x00, 0x00, 0x03, 0x80,
  0x01, 0xFE, 0x00, 0x00, 0x00, 0x00, 0x00, 0x00, 0x00, 0x00, 0x00, 0x00,
  0x00, 0x00, 0x00, 0x00, 0x00, 0x00, 0x00, 0x00, 0x00, 0x00, 0x00, 0x00,
  0x00, 0x00, 0x00, 0x00, 0x00, 0x00, 0x00, 0x00, 0x00, 0x00, 0x00, 0x00,
  0x00, 0x00, 0x00, 0x00, 0x00, 0x00, 0x00, 0x00, 0x00, 0x00, 0x00, 0x00,
  0x00, 0x00, 0x00, 0x00, 0x00, 0x00, 0x00, 0x00, 0x00, 0x00, 0x00, 0x00,
  0x00, 0x00, 0x00, 0x00, 0x00, 0x00, 0x00, 0x00, 0x00, 0x00, 0x00, 0x00,
};

const uint8_t DOG_WIDTH = 96;
const uint8_t DOG_HEIGHT = 100;
const uint8_t DOG_BITMAP[] PROGMEM = {
  0x00, 0x00, 0x00, 0x00, 0x00, 0x00, 0x00, 0x00, 0x00, 0x00, 0x00, 0x00,
  0x00, 0x00, 0x00, 0x00, 0x00, 0x00, 0x00, 0x00, 0x00, 0x00, 0x00, 0x00,
  0x00, 0x00, 0x00, 0x00, 0x00, 0x00, 0x00, 0x00, 0x00, 0x00, 0x00, 0x00,
  0x00, 0x00, 0x00, 0x00, 0x00, 0x00, 0x00, 0x00, 0x00, 0x00, 0x00, 0x00,
  0x00, 0x00, 0x00, 0x00, 0x00, 0x00, 0x00, 0x00, 0x00, 0x00, 0x00, 0x00,
  0x00, 0x00, 0x00, 0x00, 0x01, 0xC0, 0x00, 0x00, 0x00, 0x00, 0x00, 0x00,
  0x00, 0x00, 0x00, 0x00, 0x03, 0xC0, 0x00, 0x00, 0x00, 0x00, 0x00, 0x00,
  0x00, 0x00, 0x00, 0x00, 0x06, 0x5F, 0x80, 0x00, 0x00, 0x00, 0x00, 0x00,
  0x00, 0x00, 0x00, 0x00, 0x0C, 0xFD, 0x80, 0x00, 0x00, 0x00, 0x00, 0x00,
  0x00, 0x00, 0x00, 0x00, 0x08, 0xC1, 0x80, 0x00, 0x00, 0x00, 0x00, 0x00,
  0x00, 0x00, 0x00, 0x00, 0x38, 0x03, 0x00, 0x00, 0x00, 0x00, 0x00, 0x00,
  0x00, 0x00, 0x00, 0x01, 0xF8, 0x07, 0xF0, 0x00, 0x00, 0x00, 0x00, 0x00,
  0x00, 0x00, 0x00, 0x07, 0x80, 0x00, 0x7C, 0x00, 0x00, 0x00, 0x00, 0x00,
  0x00, 0x00, 0x00, 0x0E, 0x00, 0x00, 0x07, 0x07, 0xF0, 0x00, 0x00, 0x00,
  0x00, 0x00, 0x00, 0x18, 0x00, 0x00, 0x01, 0xDE, 0x3C, 0x00, 0x00, 0x00,
  0x00, 0x00, 0x00, 0x70, 0x00, 0x00, 0x00, 0xF0, 0x0E, 0x00, 0x00, 0x00,
  0x00, 0x00, 0x00, 0xE0, 0x00, 0x00, 0x00, 0x20, 0x03, 0x00, 0x00, 0x00,
  0x00, 0x00, 0x0F, 0xC0, 0x00, 0x00, 0x00, 0x00, 0x01, 0x80, 0x00, 0x00,
  0x00, 0x00, 0x3F, 0x80, 0x00, 0x00, 0x00, 0x00, 0x00, 0xC0, 0x00, 0x00,
  0x00, 0x00, 0xE3, 0x00, 0x00, 0x00, 0x00, 0x00, 0x00, 0x60, 0x00, 0x00,
  0x00, 0x01, 0x86, 0x00, 0x00, 0x00, 0x00, 0x00, 0x00, 0x30, 0x00, 0x00,
  0x00, 0x03, 0x04, 0x00, 0x00, 0x00, 0x00, 0x00, 0x00, 0x18, 0x00, 0x00,
  0x00, 0x06, 0x0C, 0x00, 0x00, 0x00, 0x00, 0x20, 0x00, 0x0C, 0x00, 0x00,
  0x00, 0x0C, 0x08, 0x00, 0x00, 0x00, 0x00, 0x30, 0x00, 0x06, 0x00, 0x00,
  0x00, 0x18, 0x18, 0x00, 0x00, 0x00, 0x00, 0x30, 0x00, 0x03, 0x80, 0x00,
  0x00, 0x10, 0x10, 0x00, 0x00, 0x00, 0x00, 0x30, 0x00, 0x01, 0xC0, 0x00,
  0x00, 0x30, 0x30, 0x00, 0x00, 0x00, 0x00, 0x30, 0x00, 0x00, 0x60, 0x00,
  0x00, 0x60, 0x30, 0x00, 0x00, 0x00, 0x00, 0x10, 0x00, 0x00, 0x30, 0x00,
  0x00, 0x60, 0x20, 0x00, 0x00, 0x00, 0x00, 0x10, 0x00, 0x00, 0x30, 0x00,
  0x00, 0xC0, 0x60, 0x10, 0x00, 0x00, 0x00, 0x10, 0x00, 0x00, 0x18, 0x00,
  0x00, 0xC0, 0x60, 0x28, 0x00, 0x00, 0x00, 0x18, 0x00, 0x00, 0x08, 0x00,
  0x01, 0x80, 0x60, 0x44, 0x00, 0x07, 0x80, 0x18, 0x00, 0x00, 0x0C, 0x00,
  0x01, 0x80, 0x60, 0x38, 0x00, 0x08, 0x80, 0x18, 0x00, 0x00, 0x0C, 0x00,
  0x03, 0x00, 0x40, 0x00, 0x00, 0x08, 0x80, 0x08, 0x00, 0x00, 0x0C, 0x00,
  0x03, 0x00, 0x40, 0x00, 0x00, 0x07, 0x00, 0x0C, 0x00, 0x00, 0x0C, 0x00,
  0x06, 0x00, 0x41, 0xE0, 0x00, 0x00, 0x00, 0x04, 0x00, 0x00, 0x0C, 0x00,
  0x06, 0x00, 0x43, 0xF0, 0x00, 0x00, 0x60, 0x06, 0x00, 0x00, 0x0C, 0x00,
  0x0C, 0x00, 0x47, 0xF8, 0x00, 0x03, 0xF8, 0x03, 0x00, 0x00, 0x08, 0x00,
  0x0C, 0x00, 0x45, 0x98, 0x00, 0x07, 0xFC, 0x03, 0x00, 0x00, 0x18, 0x00,
  0x18, 0x00, 0x6D, 0x08, 0x00, 0x0F, 0x3E, 0x01, 0x80, 0x00, 0x18, 0x00,
  0x18, 0x00, 0x6B, 0x1C, 0x00, 0x0A, 0x1F, 0x00, 0xC0, 0x00, 0x30, 0x00,
  0x10, 0x00, 0x6B, 0x9C, 0x00, 0x16, 0x1F, 0x00, 0x70, 0x00, 0x60, 0x00,
  0x10, 0x00, 0x6B, 0xFC, 0x00, 0x06, 0x1F, 0x80, 0x1C, 0x00, 0xC1, 0x80,
  0x10, 0x00, 0x4B, 0xFC, 0x00, 0x07, 0xFF, 0x80, 0x1F, 0x87, 0x83, 0x80,
  0x00, 0x00, 0x4B, 0xF9, 0xFE, 0x0F, 0xFF, 0x80, 0x13, 0xFF, 0x0F, 0x80,
  0x00, 0x00, 0xC3, 0xFE, 0x03, 0x0F, 0xFF, 0x80, 0x10, 0x00, 0x1D, 0x00,
  0x10, 0x00, 0xC3, 0x78, 0x60, 0xC7, 0xFF, 0x80, 0x10, 0x00, 0x33, 0x00,
  0x10, 0x01, 0x81, 0xF0, 0xF0, 0x67, 0xC7, 0x80, 0x30, 0x00, 0x62, 0x00,
  0x10, 0x03, 0x01, 0xF0, 0x60, 0x26, 0xC3, 0x00, 0x30, 0x01, 0xC6, 0x00,
  0x18, 0x01, 0x80, 0x20, 0x00, 0x13, 0xC6, 0x00, 0x20, 0x03, 0x06, 0x00,
  0x0C, 0x01, 0x80, 0x22, 0x40, 0x11, 0xFC, 0x00, 0x60, 0x06, 0x0C, 0x00,
  0x07, 0x07, 0x80, 0x23, 0xF6, 0x10, 0x20, 0x00, 0x60, 0x0C, 0x0C, 0x00,
  0x03, 0xFC, 0xC0, 0x61, 0xDC, 0x10, 0x00, 0x00, 0xC0, 0x18, 0x08, 0x00,
  0x00, 0x00, 0x60, 0x21, 0x88, 0x10, 0x00, 0x00, 0xC0, 0x30, 0x18, 0x00,
  0x00, 0x00, 0x60, 0x20, 0x88, 0x10, 0x00, 0x01, 0x80, 0x60, 0x10, 0x00,
  0x00, 0x00, 0x30, 0x10, 0x70, 0x20, 0x00, 0x03, 0x00, 0xC0, 0x30, 0x00,
  0x00, 0x00, 0x1C, 0x18, 0x00, 0x20, 0x00, 0x06, 0x00, 0x60, 0x38, 0x00,
  0x00, 0x00, 0x07, 0x0C, 0x00, 0xC0, 0x00, 0x0C, 0x00, 0x38, 0x0C, 0x00,
  0x00, 0x00, 0x03, 0xC3, 0x03, 0x80, 0x00, 0x3F, 0x80, 0x0C, 0x07, 0x00,
  0x00, 0x00, 0x00, 0xF8, 0xFE, 0x00, 0x00, 0xFF, 0xF0, 0x06, 0x01, 0xC0,
  0x00, 0x00, 0x00, 0xDF, 0xC0, 0x00, 0x01, 0x18, 0x38, 0x06, 0x00, 0xC0,
  0x00, 0x00, 0x00, 0x81, 0xFF, 0xFC, 0x00, 0x08, 0x0E, 0x0C, 0x03, 0x80,
  0x00, 0x00, 0x01, 0x80, 0x03, 0xF0, 0x00, 0x08, 0x07, 0x18, 0x06, 0x00,
  0x00, 0x00, 0x01, 0x80, 0x00, 0x00, 0x00, 0x38, 0x03, 0x30, 0x1C, 0x00,
  0x00, 0x00, 0x01, 0xC0, 0x00, 0x00, 0x00, 0x30, 0x01, 0xE0, 0x70, 0x00,
  0x00, 0x00, 0x00, 0xC0, 0x00, 0x00, 0x06, 0xE0, 0x00, 0xC0, 0xE0, 0x00,
  0x00, 0x00, 0x00, 0xC0, 0x00, 0x00, 0x0F, 0xC0, 0x00, 0xC3, 0x80, 0x00,
  0x00, 0x00, 0x00, 0xC0, 0x00, 0x00, 0x78, 0x00, 0x00, 0x43, 0x80, 0x00,
  0x00, 0x00, 0x00, 0x50, 0x00, 0x00, 0x70, 0x00, 0x00, 0x40, 0xC0, 0x00,
  0x00, 0x00, 0x00, 0x70, 0x00, 0x0D, 0x80, 0x00, 0x00, 0x61, 0xC0, 0x00,
  0x00, 0x00, 0x00, 0x38, 0x00, 0x1F, 0x00, 0x00, 0x00, 0x7F, 0x80, 0x00,
  0x00, 0x00, 0x00, 0x08, 0x00, 0x20, 0x00, 0x00, 0x00, 0x38, 0x00, 0x00,
  0x00, 0x00, 0x00, 0x0C, 0x00, 0x40, 0x00, 0x00, 0x00, 0x20, 0x00, 0x00,
  0x00, 0x00, 0x00, 0x0E, 0x20, 0xC0, 0x00, 0x00, 0x00, 0x20, 0x00, 0x00,
  0x00, 0x00, 0x00, 0x0F, 0x30, 0x80, 0x00, 0x00, 0x00, 0x30, 0x00, 0x00,
  0x00, 0x00, 0x00, 0x0D, 0xF9, 0x80, 0x00, 0x00, 0x00, 0x30, 0x00, 0x00,
  0x00, 0x00, 0x00, 0x0C, 0x67, 0x80, 0x00, 0x08, 0x00, 0x18, 0x00, 0x00,
  0x00, 0x00, 0x00, 0x0C, 0x19, 0x80, 0x00, 0x08, 0x00, 0x08, 0x00, 0x00,
  0x00, 0x00, 0x00, 0x0C, 0x0E, 0x80, 0x02, 0x0C, 0x00, 0x0C, 0x00, 0x00,
  0x00, 0x00, 0x00, 0x0C, 0x03, 0x80, 0x02, 0x0E, 0x00, 0x0C, 0x00, 0x00,
  0x00, 0x00, 0x00, 0x0C, 0x01, 0xC0, 0x02, 0xFF, 0x00, 0x04, 0x00, 0x00,
  0x00, 0x00, 0x00, 0x08, 0x01, 0xC0, 0x07, 0xED, 0x80, 0x04, 0x00, 0x00,
  0x00, 0x00, 0x00, 0x18, 0x01, 0xC0, 0x06, 0x0C, 0xE0, 0x04, 0x00, 0x00,
  0x00, 0x00, 0x00, 0x30, 0x03, 0xC0, 0x04, 0x0C, 0x30, 0x04, 0x00, 0x00,
  0x00, 0x00, 0x00, 0x60, 0x02, 0xC0, 0x04, 0x08, 0x20, 0x0C, 0x00, 0x00,
  0x00, 0x00, 0x00, 0x60, 0x06, 0xC0, 0x0C, 0x18, 0x60, 0x0C, 0x00, 0x00,
  0x00, 0x00, 0x00, 0x40, 0x07, 0x80, 0x0C, 0x70, 0x40, 0x08, 0x00, 0x00,
  0x00, 0x00, 0x00, 0x72, 0x0D, 0x00, 0x0F, 0xE0, 0x50, 0x18, 0x00, 0x00,
  0x00, 0x00, 0x00, 0x3A, 0x3B, 0x00, 0x18, 0x00, 0x72, 0x30, 0x00, 0x00,
  0x00, 0x00, 0x00, 0x1F, 0xF3, 0x40, 0x30, 0x00, 0x3F, 0xF0, 0x00, 0x00,
  0x00, 0x00, 0x00, 0x03, 0x01, 0xC8, 0x70, 0x00, 0x1F, 0xC0, 0x00, 0x00,
  0x00, 0x00, 0x00, 0x00, 0x01, 0xED, 0xE0, 0x00, 0x00, 0x00, 0x00, 0x00,
  0x00, 0x00, 0x00, 0x00, 0x00, 0x7F, 0x80, 0x00, 0x00, 0x00, 0x00, 0x00,
  0x00, 0x00, 0x00, 0x00, 0x00, 0x00, 0x00, 0x00, 0x00, 0x00, 0x00, 0x00,
  0x00, 0x00, 0x00, 0x00, 0x00, 0x00, 0x00, 0x00, 0x00, 0x00, 0x00, 0x00,
  0x00, 0x00, 0x00, 0x00, 0x00, 0x00, 0x00, 0x00, 0x00, 0x00, 0x00, 0x00,
  0x00, 0x00, 0x00, 0x00, 0x00, 0x00, 0x00, 0x00, 0x00, 0x00, 0x00, 0x00,
  0x00, 0x00, 0x00, 0x00, 0x00, 0x00, 0x00, 0x00, 0x00, 0x00, 0x00, 0x00,
  0x00, 0x00, 0x00, 0x00, 0x00, 0x00, 0x00, 0x00, 0x00, 0x00, 0x00, 0x00,
  0x00, 0x00, 0x00, 0x00, 0x00, 0x00, 0x00, 0x00, 0x00, 0x00, 0x00, 0x00,
};

const uint8_t DOG_BLINK_BITMAP[] PROGMEM = {
  0x00, 0x00, 0x00, 0x00, 0x00, 0x00, 0x00, 0x00, 0x00, 0x00, 0x00, 0x00,
  0x00, 0x00, 0x00, 0x00, 0x00, 0x00, 0x00, 0x00, 0x00, 0x00, 0x00, 0x00,
  0x00, 0x00, 0x00, 0x00, 0x00, 0x00, 0x00, 0x00, 0x00, 0x00, 0x00, 0x00,
  0x00, 0x00, 0x00, 0x00, 0x00, 0x00, 0x00, 0x00, 0x00, 0x00, 0x00, 0x00,
  0x00, 0x00, 0x00, 0x00, 0x00, 0x00, 0x00, 0x00, 0x00, 0x00, 0x00, 0x00,
  0x00, 0x00, 0x00, 0x00, 0x01, 0xC0, 0x00, 0x00, 0x00, 0x00, 0x00, 0x00,
  0x00, 0x00, 0x00, 0x00, 0x03, 0xC0, 0x00, 0x00, 0x00, 0x00, 0x00, 0x00,
  0x00, 0x00, 0x00, 0x00, 0x06, 0x5F, 0x80, 0x00, 0x00, 0x00, 0x00, 0x00,
  0x00, 0x00, 0x00, 0x00, 0x0C, 0xFD, 0x80, 0x00, 0x00, 0x00, 0x00, 0x00,
  0x00, 0x00, 0x00, 0x00, 0x08, 0xC1, 0x80, 0x00, 0x00, 0x00, 0x00, 0x00,
  0x00, 0x00, 0x00, 0x00, 0x38, 0x03, 0x00, 0x00, 0x00, 0x00, 0x00, 0x00,
  0x00, 0x00, 0x00, 0x01, 0xF8, 0x07, 0xF0, 0x00, 0x00, 0x00, 0x00, 0x00,
  0x00, 0x00, 0x00, 0x07, 0x80, 0x00, 0x7C, 0x00, 0x00, 0x00, 0x00, 0x00,
  0x00, 0x00, 0x00, 0x0E, 0x00, 0x00, 0x07, 0x07, 0xF0, 0x00, 0x00, 0x00,
  0x00, 0x00, 0x00, 0x18, 0x00, 0x00, 0x01, 0xDE, 0x3C, 0x00, 0x00, 0x00,
  0x00, 0x00, 0x00, 0x70, 0x00, 0x00, 0x00, 0xF0, 0x0E, 0x00, 0x00, 0x00,
  0x00, 0x00, 0x00, 0xE0, 0x00, 0x00, 0x00, 0x20, 0x03, 0x00, 0x00, 0x00,
  0x00, 0x00, 0x0F, 0xC0, 0x00, 0x00, 0x00, 0x00, 0x01, 0x80, 0x00, 0x00,
  0x00, 0x00, 0x3F, 0x80, 0x00, 0x00, 0x00, 0x00, 0x00, 0xC0, 0x00, 0x00,
  0x00, 0x00, 0xE3, 0x00, 0x00, 0x00, 0x00, 0x00, 0x00, 0x60, 0x00, 0x00,
  0x00, 0x01, 0x86, 0x00, 0x00, 0x00, 0x00, 0x00, 0x00, 0x30, 0x00, 0x00,
  0x00, 0x03, 0x04, 0x00, 0x00, 0x00, 0x00, 0x00, 0x00, 0x18, 0x00, 0x00,
  0x00, 0x06, 0x0C, 0x00, 0x00, 0x00, 0x00, 0x20, 0x00, 0x0C, 0x00, 0x00,
  0x00, 0x0C, 0x08, 0x00, 0x00, 0x00, 0x00, 0x30, 0x00, 0x06, 0x00, 0x00,
  0x00, 0x18, 0x18, 0x00, 0x00, 0x00, 0x00, 0x30, 0x00, 0x03, 0x80, 0x00,
  0x00, 0x10, 0x10, 0x00, 0x00, 0x00, 0x00, 0x30, 0x00, 0x01, 0xC0, 0x00,
  0x00, 0x30, 0x30, 0x00, 0x00, 0x00, 0x00, 0x30, 0x00, 0x00, 0x60, 0x00,
  0x00, 0x60, 0x30, 0x00, 0x00, 0x00, 0x00, 0x10, 0x00, 0x00, 0x30, 0x00,
  0x00, 0x60, 0x20, 0x00, 0x00, 0x00, 0x00, 0x10, 0x00, 0x00, 0x30, 0x00,
  0x00, 0xC0, 0x60, 0x10, 0x00, 0x00, 0x00, 0x10, 0x00, 0x00, 0x18, 0x00,
  0x00, 0xC0, 0x60, 0x28, 0x00, 0x00, 0x00, 0x18, 0x00, 0x00, 0x08, 0x00,
  0x01, 0x80, 0x60, 0x44, 0x00, 0x07, 0x80, 0x18, 0x00, 0x00, 0x0C, 0x00,
  0x01, 0x80, 0x60, 0x38, 0x00, 0x08, 0x80, 0x18, 0x00, 0x00, 0x0C, 0x00,
  0x03, 0x00, 0x40, 0x00, 0x00, 0x08, 0x80, 0x08, 0x00, 0x00, 0x0C, 0x00,
  0x03, 0x00, 0x40, 0x00, 0x00, 0x07, 0x00, 0x0C, 0x00, 0x00, 0x0C, 0x00,
  0x06, 0x00, 0x41, 0xE0, 0x00, 0x00, 0x00, 0x04, 0x00, 0x00, 0x0C, 0x00,
  0x06, 0x00, 0x43, 0xF0, 0x00, 0x00, 0x60, 0x06, 0x00, 0x00, 0x0C, 0x00,
  0x0C, 0x00, 0x47, 0xF8, 0x00, 0x03, 0xF8, 0x03, 0x00, 0x00, 0x08, 0x00,
  0x0C, 0x00, 0x45, 0x98, 0x00, 0x07, 0xFC, 0x03, 0x00, 0x00, 0x18, 0x00,
  0x18, 0x00, 0x6D, 0x08, 0x00, 0x0F, 0x3E, 0x01, 0x80, 0x00, 0x18, 0x00,
  0x18, 0x00, 0x6B, 0x1C, 0x00, 0x0A, 0x1F, 0x00, 0xC0, 0x00, 0x30, 0x00,
  0x10, 0x00, 0x6B, 0x9C, 0x00, 0x16, 0x1F, 0x00, 0x70, 0x00, 0x60, 0x00,
  0x10, 0x00, 0x6B, 0xFC, 0x00, 0x06, 0x18, 0x00, 0x1C, 0x00, 0xC1, 0x80,
  0x10, 0x00, 0x4B, 0xFC, 0x00, 0x07, 0xF8, 0x00, 0x1F, 0x87, 0x83, 0x80,
  0x00, 0x00, 0x4B, 0xF9, 0xE7, 0xCF, 0xF9, 0xF0, 0x13, 0xFF, 0x0F, 0x80,
  0x00, 0x00, 0xC3, 0xFE, 0x08, 0x2F, 0xFA, 0x08, 0x10, 0x00, 0x1D, 0x00,
  0x10, 0x00, 0xC3, 0x78, 0x70, 0x17, 0xFC, 0x04, 0x10, 0x00, 0x33, 0x00,
  0x10, 0x01, 0x81, 0xF0, 0xE0, 0x07, 0xC0, 0x00, 0x30, 0x00, 0x62, 0x00,
  0x10, 0x03, 0x01, 0xF0, 0x60, 0x06, 0xC0, 0x00, 0x30, 0x01, 0xC6, 0x00,
  0x18, 0x01, 0x80, 0x20, 0x00, 0x03, 0xC0, 0x00, 0x20, 0x03, 0x06, 0x00,
  0x0C, 0x01, 0x80, 0x22, 0x40, 0x01, 0xF8, 0x00, 0x60, 0x06, 0x0C, 0x00,
  0x07, 0x07, 0x80, 0x23, 0xF6, 0x10, 0x20, 0x00, 0x60, 0x0C, 0x0C, 0x00,
  0x03, 0xFC, 0xC0, 0x61, 0xDC, 0x10, 0x00, 0x00, 0xC0, 0x18, 0x08, 0x00,
  0x00, 0x00, 0x60, 0x21, 0x88, 0x10, 0x00, 0x00, 0xC0, 0x30, 0x18, 0x00,
  0x00, 0x00, 0x60, 0x20, 0x88, 0x10, 0x00, 0x01, 0x80, 0x60, 0x10, 0x00,
  0x00, 0x00, 0x30, 0x10, 0x70, 0x20, 0x00, 0x03, 0x00, 0xC0, 0x30, 0x00,
  0x00, 0x00, 0x1C, 0x18, 0x00, 0x20, 0x00, 0x06, 0x00, 0x60, 0x38, 0x00,
  0x00, 0x00, 0x07, 0x0C, 0x00, 0xC0, 0x00, 0x0C, 0x00, 0x38, 0x0C, 0x00,
  0x00, 0x00, 0x03, 0xC3, 0x03, 0x80, 0x00, 0x3F, 0x80, 0x0C, 0x07, 0x00,
  0x00, 0x00, 0x00, 0xF8, 0xFE, 0x00, 0x00, 0xFF, 0xF0, 0x06, 0x01, 0xC0,
  0x00, 0x00, 0x00, 0xDF, 0xC0, 0x00, 0x01, 0x18, 0x38, 0x06, 0x00, 0xC0,
  0x00, 0x00, 0x00, 0x81, 0xFF, 0xFC, 0x00, 0x08, 0x0E, 0x0C, 0x03, 0x80,
  0x00, 0x00, 0x01, 0x80, 0x03, 0xF0, 0x00, 0x08, 0x07, 0x18, 0x06, 0x00,
  0x00, 0x00, 0x01, 0x80, 0x00, 0x00, 0x00, 0x38, 0x03, 0x30, 0x1C, 0x00,
  0x00, 0x00, 0x01, 0xC0, 0x00, 0x00, 0x00, 0x30, 0x01, 0xE0, 0x70, 0x00,
  0x00, 0x00, 0x00, 0xC0, 0x00, 0x00, 0x06, 0xE0, 0x00, 0xC0, 0xE0, 0x00,
  0x00, 0x00, 0x00, 0xC0, 0x00, 0x00, 0x0F, 0xC0, 0x00, 0xC3, 0x80, 0x00,
  0x00, 0x00, 0x00, 0xC0, 0x00, 0x00, 0x78, 0x00, 0x00, 0x43, 0x80, 0x00,
  0x00, 0x00, 0x00, 0x50, 0x00, 0x00, 0x70, 0x00, 0x00, 0x40, 0xC0, 0x00,
  0x00, 0x00, 0x00, 0x70, 0x00, 0x0D, 0x80, 0x00, 0x00, 0x61, 0xC0, 0x00,
  0x00, 0x00, 0x00, 0x38, 0x00, 0x1F, 0x00, 0x00, 0x00, 0x7F, 0x80, 0x00,
  0x00, 0x00, 0x00, 0x08, 0x00, 0x20, 0x00, 0x00, 0x00, 0x38, 0x00, 0x00,
  0x00, 0x00, 0x00, 0x0C, 0x00, 0x40, 0x00, 0x00, 0x00, 0x20, 0x00, 0x00,
  0x00, 0x00, 0x00, 0x0E, 0x20, 0xC0, 0x00, 0x00, 0x00, 0x20, 0x00, 0x00,
  0x00, 0x00, 0x00, 0x0F, 0x30, 0x80, 0x00, 0x00, 0x00, 0x30, 0x00, 0x00,
  0x00, 0x00, 0x00, 0x0D, 0xF9, 0x80, 0x00, 0x00, 0x00, 0x30, 0x00, 0x00,
  0x00, 0x00, 0x00, 0x0C, 0x67, 0x80, 0x00, 0x08, 0x00, 0x18, 0x00, 0x00,
  0x00, 0x00, 0x00, 0x0C, 0x19, 0x80, 0x00, 0x08, 0x00, 0x08, 0x00, 0x00,
  0x00, 0x00, 0x00, 0x0C, 0x0E, 0x80, 0x02, 0x0C, 0x00, 0x0C, 0x00, 0x00,
  0x00, 0x00, 0x00, 0x0C, 0x03, 0x80, 0x02, 0x0E, 0x00, 0x0C, 0x00, 0x00,
  0x00, 0x00, 0x00, 0x0C, 0x01, 0xC0, 0x02, 0xFF, 0x00, 0x04, 0x00, 0x00,
  0x00, 0x00, 0x00, 0x08, 0x01, 0xC0, 0x07, 0xED, 0x80, 0x04, 0x00, 0x00,
  0x00, 0x00, 0x00, 0x18, 0x01, 0xC0, 0x06, 0x0C, 0xE0, 0x04, 0x00, 0x00,
  0x00, 0x00, 0x00, 0x30, 0x03, 0xC0, 0x04, 0x0C, 0x30, 0x04, 0x00, 0x00,
  0x00, 0x00, 0x00, 0x60, 0x02, 0xC0, 0x04, 0x08, 0x20, 0x0C, 0x00, 0x00,
  0x00, 0x00, 0x00, 0x60, 0x06, 0xC0, 0x0C, 0x18, 0x60, 0x0C, 0x00, 0x00,
  0x00, 0x00, 0x00, 0x40, 0x07, 0x80, 0x0C, 0x70, 0x40, 0x08, 0x00, 0x00,
  0x00, 0x00, 0x00, 0x72, 0x0D, 0x00, 0x0F, 0xE0, 0x50, 0x18, 0x00, 0x00,
  0x00, 0x00, 0x00, 0x3A, 0x3B, 0x00, 0x18, 0x00, 0x72, 0x30, 0x00, 0x00,
  0x00, 0x00, 0x00, 0x1F, 0xF3, 0x40, 0x30, 0x00, 0x3F, 0xF0, 0x00, 0x00,
  0x00, 0x00, 0x00, 0x03, 0x01, 0xC8, 0x70, 0x00, 0x1F, 0xC0, 0x00, 0x00,
  0x00, 0x00, 0x00, 0x00, 0x01, 0xED, 0xE0, 0x00, 0x00, 0x00, 0x00, 0x00,
  0x00, 0x00, 0x00, 0x00, 0x00, 0x7F, 0x80, 0x00, 0x00, 0x00, 0x00, 0x00,
  0x00, 0x00, 0x00, 0x00, 0x00, 0x00, 0x00, 0x00, 0x00, 0x00, 0x00, 0x00,
  0x00, 0x00, 0x00, 0x00, 0x00, 0x00, 0x00, 0x00, 0x00, 0x00, 0x00, 0x00,
  0x00, 0x00, 0x00, 0x00, 0x00, 0x00, 0x00, 0x00, 0x00, 0x00, 0x00, 0x00,
  0x00, 0x00, 0x00, 0x00, 0x00, 0x00, 0x00, 0x00, 0x00, 0x00, 0x00, 0x00,
  0x00, 0x00, 0x00, 0x00, 0x00, 0x00, 0x00, 0x00, 0x00, 0x00, 0x00, 0x00,
  0x00, 0x00, 0x00, 0x00, 0x00, 0x00, 0x00, 0x00, 0x00, 0x00, 0x00, 0x00,
  0x00, 0x00, 0x00, 0x00, 0x00, 0x00, 0x00, 0x00, 0x00, 0x00, 0x00, 0x00,
};

const uint8_t DOG_EAT_BITMAP[] PROGMEM = {
  0x00, 0x00, 0x00, 0x00, 0x00, 0x00, 0x00, 0x00, 0x00, 0x00, 0x00, 0x00,
  0x00, 0x00, 0x00, 0x00, 0x00, 0x00, 0x00, 0x00, 0x00, 0x00, 0x00, 0x00,
  0x00, 0x00, 0x00, 0x00, 0x00, 0x00, 0x00, 0x00, 0x00, 0x00, 0x00, 0x00,
  0x00, 0x00, 0x00, 0x00, 0x00, 0x00, 0x00, 0x00, 0x00, 0x00, 0x00, 0x00,
  0x00, 0x00, 0x00, 0x00, 0x00, 0x00, 0x00, 0x00, 0x00, 0x00, 0x00, 0x00,
  0x00, 0x00, 0x00, 0x00, 0x00, 0x00, 0x00, 0x00, 0x00, 0x00, 0x00, 0x00,
  0x00, 0x00, 0x00, 0x00, 0x00, 0x00, 0x00, 0x00, 0x00, 0x00, 0x00, 0x00,
  0x00, 0x00, 0x00, 0x00, 0x00, 0x00, 0x00, 0x00, 0x00, 0x00, 0x00, 0x00,
  0x00, 0x00, 0x00, 0x00, 0x00, 0x00, 0x00, 0x00, 0x00, 0x00, 0x00, 0x00,
  0x00, 0x00, 0x00, 0x00, 0x00, 0x00, 0x00, 0x00, 0x00, 0x00, 0x00, 0x00,
  0x00, 0x00, 0x00, 0x01, 0x80, 0x00, 0x00, 0x00, 0x00, 0x00, 0x00, 0x00,
  0x00, 0x00, 0x00, 0x03, 0x83, 0x00, 0x00, 0x00, 0x00, 0x00, 0x00, 0x00,
  0x00, 0x00, 0x00, 0x06, 0xBF, 0x00, 0x00, 0x00, 0x00, 0x00, 0x00, 0x00,
  0x00, 0x00, 0x00, 0x0D, 0xFB, 0x00, 0x00, 0x00, 0x00, 0x00, 0x00, 0x00,
  0x00, 0x00, 0x00, 0x19, 0x82, 0x00, 0x00, 0x00, 0x00, 0x00, 0x00, 0x00,
  0x00, 0x00, 0x00, 0x10, 0x03, 0xF0, 0x07, 0xFC, 0x00, 0x00, 0x00, 0x00,
  0x00, 0x00, 0x00, 0x38, 0x06, 0x7F, 0x06, 0x3E, 0x00, 0x00, 0x00, 0x00,
  0x00, 0x00, 0x00, 0xF8, 0x00, 0x05, 0xD8, 0x03, 0x00, 0x00, 0x00, 0x00,
  0x00, 0x00, 0x01, 0x80, 0x00, 0x00, 0xF0, 0x01, 0x80, 0x00, 0x00, 0x00,
  0x00, 0x00, 0x07, 0x80, 0x00, 0x00, 0x20, 0x00, 0xC0, 0x00, 0x00, 0x00,
  0x00, 0x00, 0x0E, 0x00, 0x00, 0x00, 0x00, 0x00, 0x38, 0x00, 0x00, 0x00,
  0x00, 0x00, 0x18, 0x00, 0x00, 0x00, 0x00, 0x00, 0x1C, 0x00, 0x00, 0x00,
  0x00, 0x00, 0x30, 0x00, 0x00, 0x00, 0x00, 0x00, 0x06, 0x00, 0x00, 0x00,
  0x00, 0x00, 0x70, 0x00, 0x00, 0x00, 0x00, 0x00, 0x03, 0x00, 0x00, 0x00,
  0x00, 0x00, 0x60, 0x00, 0x00, 0x00, 0x00, 0x00, 0x01, 0xC0, 0x00, 0x00,
  0x00, 0x07, 0xC0, 0x00, 0x00, 0x00, 0x10, 0x00, 0x00, 0xF0, 0x00, 0x00,
  0x00, 0x1F, 0xC0, 0x00, 0x00, 0x00, 0x18, 0x00, 0x00, 0x38, 0x00, 0x00,
  0x00, 0x11, 0x80, 0x00, 0x00, 0x00, 0x18, 0x00, 0x00, 0x0C, 0x00, 0x00,
  0x00, 0x63, 0x00, 0x00, 0x00, 0x00, 0x0C, 0x00, 0x00, 0x06, 0x00, 0x00,
  0x00, 0xC2, 0x00, 0x00, 0x00, 0x00, 0x0C, 0x00, 0x00, 0x02, 0x00, 0x00,
  0x01, 0x86, 0x00, 0x00, 0x00, 0x00, 0x04, 0x00, 0x00, 0x03, 0x00, 0x00,
  0x03, 0x82, 0x00, 0x00, 0x00, 0x00, 0x04, 0x00, 0x00, 0x03, 0x00, 0x00,
  0x03, 0x06, 0x00, 0x00, 0x00, 0x00, 0x06, 0x00, 0x00, 0x03, 0x00, 0x00,
  0x06, 0x04, 0x00, 0x00, 0x00, 0x00, 0x06, 0x00, 0x00, 0x03, 0x00, 0x00,
  0x04, 0x0C, 0x00, 0x00, 0x00, 0x00, 0x06, 0x00, 0x00, 0x01, 0x80, 0x00,
  0x0C, 0x0C, 0x00, 0x00, 0x00, 0xE0, 0x01, 0x00, 0x00, 0x01, 0x80, 0x00,
  0x08, 0x08, 0x04, 0x00, 0x00, 0x10, 0x01, 0x80, 0x00, 0x01, 0x00, 0x00,
  0x18, 0x08, 0x0A, 0x00, 0x01, 0x10, 0x00, 0x80, 0x00, 0x03, 0x00, 0x00,
  0x10, 0x0C, 0x08, 0x80, 0x01, 0xE0, 0x00, 0xC0, 0x00, 0x03, 0x00, 0x00,
  0x18, 0x0C, 0x07, 0x00, 0x00, 0x00, 0x00, 0x60, 0x00, 0x06, 0x00, 0x00,
  0x18, 0x0C, 0x00, 0x00, 0x00, 0x0C, 0x00, 0x60, 0x00, 0x0C, 0x08, 0x00,
  0x30, 0x08, 0x00, 0x00, 0x00, 0x7F, 0x80, 0x30, 0x00, 0x0C, 0x18, 0x00,
  0x30, 0x08, 0x1C, 0x00, 0x00, 0x7F, 0xC0, 0x0F, 0x00, 0x08, 0x38, 0x00,
  0x60, 0x08, 0x3E, 0x00, 0x00, 0xF3, 0xF0, 0x05, 0xC0, 0x78, 0xF0, 0x00,
  0x60, 0x08, 0x7F, 0x00, 0x00, 0xA1, 0xF0, 0x01, 0xFF, 0xF1, 0xD0, 0x00,
  0xC0, 0x04, 0x79, 0x80, 0x00, 0xE1, 0xF8, 0x01, 0x3C, 0x03, 0x30, 0x00,
  0x60, 0x04, 0x50, 0x80, 0x01, 0x61, 0xF8, 0x01, 0x00, 0x06, 0x20, 0x00,
  0xC0, 0x06, 0xD1, 0xC0, 0x00, 0x7F, 0xF8, 0x01, 0x00, 0x04, 0x60, 0x00,
  0xC0, 0x06, 0xB9, 0xC0, 0x00, 0x7F, 0xF8, 0x01, 0x00, 0x08, 0x30, 0x00,
  0x80, 0x06, 0xBF, 0xC0, 0x20, 0xFF, 0xF8, 0x01, 0x80, 0x18, 0x60, 0x00,
  0x80, 0x06, 0xBF, 0xDF, 0xF0, 0xFF, 0x3C, 0x01, 0x00, 0x30, 0x60, 0x00,
  0x00, 0x04, 0xBF, 0x80, 0x06, 0x3E, 0x18, 0x01, 0x00, 0x60, 0x40, 0x00,
  0x00, 0x04, 0x5F, 0xE3, 0x03, 0x36, 0x30, 0x03, 0x00, 0xC0, 0xC0, 0x00,
  0x00, 0x06, 0x1B, 0xC7, 0x81, 0x1E, 0x60, 0x02, 0x01, 0x80, 0x80, 0x00,
  0x00, 0x06, 0x1F, 0x83, 0x00, 0x8F, 0x80, 0x06, 0x03, 0x01, 0x80, 0x00,
  0x00, 0x04, 0x0F, 0x80, 0x00, 0x81, 0x00, 0x06, 0x02, 0x00, 0xE0, 0x00,
  0x80, 0x08, 0x01, 0x12, 0x30, 0x80, 0x00, 0x0E, 0x01, 0x80, 0x34, 0x00,
  0x80, 0x1C, 0x01, 0x1F, 0xA0, 0x80, 0x00, 0x0C, 0x00, 0xE0, 0x1F, 0x00,
  0x80, 0x0C, 0x01, 0x0E, 0x60, 0x40, 0x00, 0x18, 0x00, 0x30, 0x03, 0x00,
  0xC0, 0x0C, 0x01, 0x86, 0x20, 0x00, 0x00, 0x30, 0x00, 0x18, 0x06, 0x00,
  0x70, 0x1B, 0x00, 0x82, 0x20, 0x00, 0x00, 0xFF, 0xC0, 0x18, 0x08, 0x00,
  0x1F, 0xF1, 0x80, 0x81, 0xC0, 0x0E, 0x00, 0xFE, 0xE0, 0x30, 0x18, 0x00,
  0x0C, 0x01, 0x80, 0x40, 0x03, 0x3F, 0x83, 0x60, 0x38, 0x60, 0x38, 0x00,
  0x00, 0x00, 0xC0, 0x60, 0x0E, 0x71, 0xC4, 0x20, 0x0E, 0x60, 0xE0, 0x00,
  0x00, 0x00, 0x74, 0x3C, 0x18, 0x7F, 0xC0, 0x10, 0x07, 0xC1, 0xC0, 0x00,
  0x00, 0x00, 0x1F, 0x03, 0xE0, 0x60, 0xC0, 0x70, 0x03, 0x83, 0x00, 0x00,
  0x00, 0x00, 0x01, 0xFF, 0x9F, 0x71, 0xC0, 0x60, 0x01, 0x87, 0x00, 0x00,
  0x00, 0x00, 0x01, 0xB3, 0xE7, 0x3F, 0x80, 0x40, 0x00, 0x85, 0x80, 0x00,
  0x00, 0x00, 0x01, 0x00, 0x00, 0x0E, 0x0D, 0x80, 0x00, 0x83, 0x80, 0x00,
  0x00, 0x00, 0x03, 0x00, 0x00, 0x00, 0x1F, 0x80, 0x00, 0xC3, 0x80, 0x00,
  0x00, 0x00, 0x03, 0x00, 0x00, 0x00, 0x30, 0x00, 0x00, 0x7C, 0x00, 0x00,
  0x00, 0x00, 0x03, 0x80, 0x00, 0x00, 0xE0, 0x00, 0x00, 0x38, 0x00, 0x00,
  0x00, 0x00, 0x01, 0x80, 0x00, 0x00, 0x40, 0x00, 0x00, 0x20, 0x00, 0x00,
  0x00, 0x00, 0x00, 0xC0, 0x00, 0x0D, 0x80, 0x00, 0x00, 0x20, 0x00, 0x00,
  0x00, 0x00, 0x00, 0xC0, 0x00, 0x1F, 0x00, 0x00, 0x00, 0x30, 0x00, 0x00,
  0x00, 0x00, 0x00, 0x50, 0x00, 0x00, 0x00, 0x00, 0x00, 0x30, 0x00, 0x00,
  0x00, 0x00, 0x00, 0x70, 0x00, 0x20, 0x00, 0x00, 0x00, 0x18, 0x00, 0x00,
  0x00, 0x00, 0x00, 0x38, 0x00, 0x40, 0x00, 0x00, 0x00, 0x04, 0x00, 0x00,
  0x00, 0x00, 0x00, 0x0C, 0x00, 0xC0, 0x00, 0x04, 0x00, 0x06, 0x00, 0x00,
  0x00, 0x00, 0x00, 0x0E, 0x20, 0x40, 0x00, 0x04, 0x00, 0x06, 0x00, 0x00,
  0x00, 0x00, 0x00, 0x07, 0x9C, 0xC0, 0x00, 0x06, 0x00, 0x02, 0x00, 0x00,
  0x00, 0x00, 0x00, 0x06, 0xF3, 0xC0, 0x01, 0x07, 0x00, 0x02, 0x00, 0x00,
  0x00, 0x00, 0x00, 0x06, 0x3C, 0xC0, 0x01, 0x3F, 0xC0, 0x02, 0x00, 0x00,
  0x00, 0x00, 0x00, 0x06, 0x07, 0x40, 0x01, 0x76, 0xF0, 0x02, 0x00, 0x00,
  0x00, 0x00, 0x00, 0x06, 0x01, 0xC0, 0x03, 0xC6, 0x18, 0x03, 0x00, 0x00,
  0x00, 0x00, 0x00, 0x06, 0x00, 0xE0, 0x03, 0x03, 0x08, 0x03, 0x00, 0x00,
  0x00, 0x00, 0x00, 0x06, 0x00, 0xF0, 0x01, 0x02, 0x18, 0x02, 0x00, 0x00,
  0x00, 0x00, 0x00, 0x02, 0x00, 0x70, 0x01, 0x06, 0x10, 0x06, 0x00, 0x00,
  0x00, 0x00, 0x00, 0x06, 0x00, 0xF0, 0x03, 0x1C, 0x14, 0x0C, 0x00, 0x00,
  0x00, 0x00, 0x00, 0x04, 0x00, 0xB0, 0x03, 0x38, 0x1C, 0xFC, 0x00, 0x00,
  0x00, 0x00, 0x00, 0x0C, 0x01, 0xB0, 0x03, 0xC0, 0x0F, 0xF0, 0x00, 0x00,
  0x00, 0x00, 0x00, 0x18, 0x01, 0xE0, 0x06, 0x00, 0x07, 0x80, 0x00, 0x00,
  0x00, 0x00, 0x00, 0x18, 0x03, 0x40, 0x0C, 0x00, 0x00, 0x00, 0x00, 0x00,
  0x00, 0x00, 0x00, 0x10, 0x86, 0xC0, 0x0E, 0x00, 0x00, 0x00, 0x00, 0x00,
  0x00, 0x00, 0x00, 0x1F, 0x46, 0x69, 0x1C, 0x00, 0x00, 0x00, 0x00, 0x00,
  0x00, 0x00, 0x00, 0x07, 0xF8, 0x3D, 0xB0, 0x00, 0x00, 0x00, 0x00, 0x00,
  0x00, 0x00, 0x00, 0x00, 0x60, 0x3F, 0xF0, 0x00, 0x00, 0x00, 0x00, 0x00,
  0x00, 0x00, 0x00, 0x00, 0x00, 0x00, 0x00, 0x00, 0x00, 0x00, 0x00, 0x00,
  0x00, 0x00, 0x00, 0x00, 0x00, 0x00, 0x00, 0x00, 0x00, 0x00, 0x00, 0x00,
  0x00, 0x00, 0x00, 0x00, 0x00, 0x00, 0x00, 0x00, 0x00, 0x00, 0x00, 0x00,
};

const uint8_t DOG_HAPPY_BITMAP[] PROGMEM = {
  0x00, 0x00, 0x00, 0x00, 0x00, 0x00, 0x00, 0x00, 0x00, 0x00, 0x00, 0x00,
  0x00, 0x00, 0x00, 0x00, 0x00, 0x00, 0x00, 0x00, 0x00, 0x00, 0x00, 0x00,
  0x00, 0x00, 0x00, 0x00, 0x00, 0x00, 0x00, 0x00, 0x00, 0x00, 0x00, 0x00,
  0x00, 0x00, 0x00, 0x00, 0x00, 0x00, 0x00, 0x00, 0x00, 0x00, 0x00, 0x00,
  0x00, 0x00, 0x00, 0x00, 0x00, 0x00, 0x00, 0x00, 0x00, 0x00, 0x00, 0x00,
  0x00, 0x00, 0x00, 0x00, 0x01, 0xC0, 0x00, 0x00, 0x00, 0x00, 0x00, 0x00,
  0x00, 0x00, 0x00, 0x00, 0x03, 0xC0, 0x00, 0x00, 0x00, 0x00, 0x00, 0x00,
  0x00, 0x00, 0x00, 0x00, 0x06, 0x5F, 0x80, 0x00, 0x00, 0x00, 0x00, 0x00,
  0x00, 0x00, 0x00, 0x00, 0x0C, 0xFD, 0x80, 0x00, 0x00, 0x00, 0x00, 0x00,
  0x00, 0x00, 0x00, 0x00, 0x08, 0xC1, 0x80, 0x00, 0x00, 0x00, 0x00, 0x00,
  0x00, 0x00, 0x00, 0x00, 0x38, 0x03, 0x00, 0x00, 0x00, 0x00, 0x00, 0x00,
  0x00, 0x00, 0x00, 0x01, 0xF8, 0x07, 0xF0, 0x00, 0x00, 0x00, 0x00, 0x00,
  0x00, 0x00, 0x00, 0x07, 0x80, 0x00, 0x7C, 0x00, 0x00, 0x00, 0x00, 0x00,
  0x00, 0x00, 0x00, 0x0E, 0x00, 0x00, 0x07, 0x07, 0xF0, 0x00, 0x00, 0x00,
  0x00, 0x00, 0x00, 0x18, 0x00, 0x00, 0x01, 0xDE, 0x3C, 0x00, 0x00, 0x00,
  0x00, 0x00, 0x00, 0x70, 0x00, 0x00, 0x00, 0xF0, 0x0E, 0x00, 0x00, 0x00,
  0x00, 0x00, 0x00, 0xE0, 0x00, 0x00, 0x00, 0x20, 0x03, 0x00, 0x00, 0x00,
  0x00, 0x00, 0x0F, 0xC0, 0x00, 0x00, 0x00, 0x00, 0x01, 0x80, 0x00, 0x00,
  0x00, 0x00, 0x3F, 0x80, 0x00, 0x00, 0x00, 0x00, 0x00, 0xC0, 0x00, 0x00,
  0x00, 0x00, 0xE3, 0x00, 0x00, 0x00, 0x00, 0x00, 0x00, 0x60, 0x00, 0x00,
  0x00, 0x01, 0x86, 0x00, 0x00, 0x00, 0x00, 0x00, 0x00, 0x30, 0x00, 0x00,
  0x00, 0x03, 0x04, 0x00, 0x00, 0x00, 0x00, 0x00, 0x00, 0x18, 0x00, 0x00,
  0x00, 0x06, 0x0C, 0x00, 0x00, 0x00, 0x00, 0x20, 0x00, 0x0C, 0x00, 0x00,
  0x00, 0x0C, 0x08, 0x00, 0x00, 0x00, 0x00, 0x30, 0x00, 0x06, 0x00, 0x00,
  0x00, 0x18, 0x18, 0x00, 0x00, 0x00, 0x00, 0x30, 0x00, 0x03, 0x80, 0x00,
  0x00, 0x10, 0x10, 0x00, 0x00, 0x00, 0x00, 0x30, 0x00, 0x01, 0xC0, 0x00,
  0x00, 0x30, 0x30, 0x00, 0x00, 0x00, 0x00, 0x30, 0x00, 0x00, 0x60, 0x00,
  0x00, 0x60, 0x30, 0x00, 0x00, 0x00, 0x00, 0x10, 0x00, 0x00, 0x30, 0x00,
  0x00, 0x60, 0x20, 0x00, 0x00, 0x00, 0x00, 0x10, 0x00, 0x00, 0x30, 0x00,
  0x00, 0xC0, 0x60, 0x10, 0x00, 0x00, 0x00, 0x10, 0x00, 0x00, 0x18, 0x00,
  0x00, 0xC0, 0x60, 0x28, 0x00, 0x00, 0x00, 0x18, 0x00, 0x00, 0x08, 0x00,
  0x01, 0x80, 0x60, 0x44, 0x00, 0x07, 0x80, 0x18, 0x00, 0x00, 0x0C, 0x00,
  0x01, 0x80, 0x60, 0x38, 0x00, 0x08, 0x80, 0x18, 0x00, 0x00, 0x0C, 0x00,
  0x03, 0x00, 0x40, 0x00, 0x00, 0x08, 0x80, 0x08, 0x00, 0x00, 0x0C, 0x00,
  0x03, 0x00, 0x40, 0x00, 0x00, 0x07, 0x00, 0x0C, 0x00, 0x00, 0x0C, 0x00,
  0x06, 0x00, 0x41, 0xE0, 0x00, 0x00, 0x00, 0x04, 0x00, 0x00, 0x0C, 0x00,
  0x06, 0x00, 0x43, 0xF0, 0x00, 0x00, 0x60, 0x06, 0x00, 0x00, 0x0C, 0x00,
  0x0C, 0x00, 0x47, 0xF8, 0x00, 0x03, 0xF8, 0x03, 0x00, 0x00, 0x08, 0x00,
  0x0C, 0x00, 0x45, 0x98, 0x00, 0x07, 0xFC, 0x03, 0x00, 0x00, 0x18, 0x00,
  0x18, 0x00, 0x6D, 0x08, 0x00, 0x0F, 0x3E, 0x01, 0x80, 0x00, 0x18, 0x00,
  0x18, 0x00, 0x6B, 0x1C, 0x00, 0x0A, 0x1F, 0x00, 0xC0, 0x00, 0x30, 0x00,
  0x10, 0x00, 0x6B, 0x9C, 0x00, 0x16, 0x1F, 0x00, 0x70, 0x00, 0x60, 0x00,
  0x10, 0x00, 0x6B, 0xFC, 0x00, 0x06, 0x18, 0x00, 0x1C, 0x00, 0xC1, 0x80,
  0x10, 0x00, 0x4B, 0xFC, 0x00, 0x07, 0xF8, 0x00, 0x1F, 0x87, 0x83, 0x80,
  0x00, 0x00, 0x4B, 0xF9, 0xE7, 0xCF, 0xF9, 0xF0, 0x13, 0xFF, 0x0F, 0x80,
  0x00, 0x00, 0xC3, 0xFE, 0x08, 0x2F, 0xFA, 0x08, 0x10, 0x00, 0x1D, 0x00,
  0x10, 0x00, 0xC3, 0x78, 0x70, 0x17, 0xFC, 0x04, 0x10, 0x00, 0x33, 0x00,
  0x10, 0x01, 0x81, 0xF0, 0xE0, 0x07, 0xC0, 0x00, 0x30, 0x00, 0x62, 0x00,
  0x10, 0x03, 0x01, 0xF0, 0x60, 0x06, 0xC0, 0x00, 0x30, 0x00, 0x00, 0x38,
  0x18, 0x01, 0x80, 0x20, 0x00, 0x03, 0xC0, 0x00, 0x20, 0x00, 0x00, 0x78,
  0x0C, 0x01, 0x80, 0x22, 0x40, 0x01, 0xF8, 0x00, 0x60, 0x00, 0x00, 0xF0,
  0x07, 0x07, 0x80, 0x23, 0xF6, 0x10, 0x20, 0x00, 0x60, 0x08, 0x01, 0xF0,
  0x03, 0xFC, 0xC0, 0x61, 0xDC, 0x10, 0x00, 0x00, 0xC0, 0x18, 0x03, 0xE0,
  0x00, 0x00, 0x60, 0x21, 0x88, 0x10, 0x00, 0x00, 0xC0, 0x30, 0x07, 0x60,
  0x00, 0x00, 0x60, 0x20, 0x88, 0x10, 0x00, 0x01, 0x80, 0x60, 0x0E, 0x60,
  0x00, 0x00, 0x30, 0x10, 0x70, 0x20, 0x00, 0x03, 0x00, 0xC0, 0x1C, 0xC0,
  0x00, 0x00, 0x1C, 0x18, 0x00, 0x20, 0x00, 0x06, 0x00, 0x60, 0x38, 0xC0,
  0x00, 0x00, 0x07, 0x0C, 0x00, 0xC0, 0x00, 0x0C, 0x00, 0x38, 0x70, 0xC0,
  0x00, 0x00, 0x03, 0xC3, 0x03, 0x80, 0x00, 0x3F, 0x80, 0x08, 0xE1, 0x80,
  0x00, 0x00, 0x00, 0xF8, 0xFE, 0x00, 0x00, 0xFF, 0xF0, 0x01, 0xC1, 0x80,
  0x00, 0x00, 0x00, 0xDF, 0xC0, 0x00, 0x01, 0x18, 0x38, 0x03, 0x83, 0x00,
  0x00, 0x00, 0x00, 0x81, 0xFF, 0xFC, 0x1C, 0x08, 0x0E, 0x0F, 0x03, 0x01,
  0x00, 0x00, 0x01, 0x80, 0x03, 0xEE, 0x38, 0x08, 0x07, 0x1E, 0x03, 0xFF,
  0x00, 0x00, 0x01, 0x80, 0x00, 0x07, 0xF0, 0x38, 0x03, 0x3C, 0x00, 0x0F,
  0x00, 0x00, 0x01, 0xC0, 0x00, 0x03, 0xE0, 0x30, 0x01, 0xE8, 0x00, 0x3C,
  0x00, 0x00, 0x00, 0xC0, 0x00, 0x00, 0x06, 0xE0, 0x00, 0xC0, 0x00, 0x70,
  0x00, 0x00, 0x00, 0xC0, 0x00, 0x00, 0x0F, 0xC0, 0x00, 0xC0, 0x01, 0xE0,
  0x00, 0x00, 0x00, 0xC0, 0x00, 0x00, 0x78, 0x00, 0x00, 0x40, 0x07, 0x80,
  0x00, 0x00, 0x00, 0x50, 0x00, 0x00, 0x70, 0x00, 0x00, 0x40, 0x0E, 0x00,
  0x00, 0x00, 0x00, 0x70, 0x00, 0x0D, 0x80, 0x00, 0x00, 0x60, 0x3C, 0x00,
  0x00, 0x00, 0x00, 0x38, 0x00, 0x1F, 0x00, 0x00, 0x00, 0x78, 0x70, 0x00,
  0x00, 0x00, 0x00, 0x08, 0x00, 0x20, 0x00, 0x00, 0x00, 0x39, 0xE0, 0x00,
  0x00, 0x00, 0x00, 0x0C, 0x00, 0x40, 0x00, 0x00, 0x00, 0x20, 0x80, 0x00,
  0x00, 0x00, 0x00, 0x0E, 0x20, 0xC0, 0x00, 0x00, 0x00, 0x20, 0x00, 0x00,
  0x00, 0x00, 0x00, 0x0F, 0x30, 0x80, 0x00, 0x00, 0x00, 0x30, 0x00, 0x00,
  0x00, 0x00, 0x00, 0x0D, 0xF9, 0x80, 0x00, 0x00, 0x00, 0x30, 0x00, 0x00,
  0x00, 0x00, 0x00, 0x0C, 0x67, 0x80, 0x00, 0x08, 0x00, 0x18, 0x00, 0x00,
  0x00, 0x00, 0x00, 0x0C, 0x19, 0x80, 0x00, 0x08, 0x00, 0x08, 0x00, 0x00,
  0x00, 0x00, 0x00, 0x0C, 0x0E, 0x80, 0x02, 0x0C, 0x00, 0x0C, 0x00, 0x00,
  0x00, 0x00, 0x00, 0x0C, 0x03, 0x80, 0x02, 0x0E, 0x00, 0x0C, 0x00, 0x00,
  0x00, 0x00, 0x00, 0x0C, 0x01, 0xC0, 0x02, 0xFF, 0x00, 0x04, 0x00, 0x00,
  0x00, 0x00, 0x00, 0x08, 0x01, 0xC0, 0x07, 0xED, 0x80, 0x04, 0x00, 0x00,
  0x00, 0x00, 0x00, 0x18, 0x01, 0xC0, 0x06, 0x0C, 0xE0, 0x04, 0x00, 0x00,
  0x00, 0x00, 0x00, 0x30, 0x03, 0xC0, 0x04, 0x0C, 0x30, 0x04, 0x00, 0x00,
  0x00, 0x00, 0x00, 0x60, 0x02, 0xC0, 0x04, 0x08, 0x20, 0x0C, 0x00, 0x00,
  0x00, 0x00, 0x00, 0x60, 0x06, 0xC0, 0x0C, 0x18, 0x60, 0x0C, 0x00, 0x00,
  0x00, 0x00, 0x00, 0x40, 0x07, 0x80, 0x0C, 0x70, 0x40, 0x08, 0x00, 0x00,
  0x00, 0x00, 0x00, 0x72, 0x0D, 0x00, 0x0F, 0xE0, 0x50, 0x18, 0x00, 0x00,
  0x00, 0x00, 0x00, 0x3A, 0x3B, 0x00, 0x18, 0x00, 0x72, 0x30, 0x00, 0x00,
  0x00, 0x00, 0x00, 0x1F, 0xF3, 0x40, 0x30, 0x00, 0x3F, 0xF0, 0x00, 0x00,
  0x00, 0x00, 0x00, 0x03, 0x01, 0xC8, 0x70, 0x00, 0x1F, 0xC0, 0x00, 0x00,
  0x00, 0x00, 0x00, 0x00, 0x01, 0xED, 0xE0, 0x00, 0x00, 0x00, 0x00, 0x00,
  0x00, 0x00, 0x00, 0x00, 0x00, 0x7F, 0x80, 0x00, 0x00, 0x00, 0x00, 0x00,
  0x00, 0x00, 0x00, 0x00, 0x00, 0x00, 0x00, 0x00, 0x00, 0x00, 0x00, 0x00,
  0x00, 0x00, 0x00, 0x00, 0x00, 0x00, 0x00, 0x00, 0x00, 0x00, 0x00, 0x00,
  0x00, 0x00, 0x00, 0x00, 0x00, 0x00, 0x00, 0x00, 0x00, 0x00, 0x00, 0x00,
  0x00, 0x00, 0x00, 0x00, 0x00, 0x00, 0x00, 0x00, 0x00, 0x00, 0x00, 0x00,
  0x00, 0x00, 0x00, 0x00, 0x00, 0x00, 0x00, 0x00, 0x00, 0x00, 0x00, 0x00,
  0x00, 0x00, 0x00, 0x00, 0x00, 0x00, 0x00, 0x00, 0x00, 0x00, 0x00, 0x00,
  0x00, 0x00, 0x00, 0x00, 0x00, 0x00, 0x00, 0x00, 0x00, 0x00, 0x00, 0x00,
};

const uint8_t DOG_SLEEP_BITMAP[] PROGMEM = {
  0x00, 0x00, 0x00, 0x00, 0x00, 0x00, 0x00, 0x00, 0x00, 0x00, 0x00, 0x00,
  0x00, 0x00, 0x00, 0x00, 0x00, 0x00, 0x00, 0x00, 0x00, 0x00, 0x00, 0x00,
  0x00, 0x00, 0x00, 0x00, 0x00, 0x00, 0x00, 0x00, 0x00, 0x00, 0x00, 0x00,
  0x00, 0x00, 0x00, 0x00, 0x00, 0x00, 0x00, 0x00, 0x00, 0x00, 0x00, 0x00,
  0x00, 0x00, 0x00, 0x00, 0x00, 0x00, 0x00, 0x00, 0x00, 0x00, 0x00, 0x00,
  0x00, 0x00, 0x00, 0x00, 0x01, 0xC0, 0x00, 0x00, 0x00, 0x00, 0x00, 0x00,
  0x00, 0x00, 0x00, 0x00, 0x03, 0xC0, 0x00, 0x00, 0x00, 0x00, 0x00, 0x00,
  0x00, 0x00, 0x00, 0x00, 0x06, 0x5F, 0x80, 0x00, 0x00, 0x00, 0x00, 0x00,
  0x00, 0x00, 0x00, 0x00, 0x0C, 0xFD, 0x80, 0x00, 0x00, 0x00, 0x00, 0x00,
  0x00, 0x00, 0x00, 0x00, 0x08, 0xC1, 0x80, 0x00, 0x00, 0x00, 0x00, 0x00,
  0x00, 0x00, 0x00, 0x00, 0x38, 0x03, 0x00, 0x00, 0x00, 0x00, 0x00, 0x00,
  0x00, 0x00, 0x00, 0x01, 0xF8, 0x07, 0xF0, 0x00, 0x00, 0x00, 0x00, 0x00,
  0x00, 0x00, 0x00, 0x07, 0x80, 0x00, 0x7C, 0x00, 0x00, 0x00, 0x00, 0x00,
  0x00, 0x00, 0x00, 0x0E, 0x00, 0x00, 0x07, 0x07, 0xF0, 0x00, 0x00, 0x00,
  0x00, 0x00, 0x00, 0x18, 0x00, 0x00, 0x01, 0xDE, 0x3C, 0x00, 0x00, 0x00,
  0x00, 0x00, 0x00, 0x70, 0x00, 0x00, 0x00, 0xF0, 0x0E, 0x00, 0x00, 0x00,
  0x00, 0x00, 0x00, 0xE0, 0x00, 0x00, 0x00, 0x20, 0x03, 0x00, 0x00, 0x00,
  0x00, 0x00, 0x0F, 0xC0, 0x00, 0x00, 0x00, 0x00, 0x01, 0x80, 0x00, 0x00,
  0x00, 0x00, 0x3F, 0x80, 0x00, 0x00, 0x00, 0x00, 0x00, 0xC0, 0x00, 0x00,
  0x00, 0x00, 0xE3, 0x00, 0x00, 0x00, 0x00, 0x00, 0x00, 0x60, 0x00, 0x00,
  0x00, 0x01, 0x86, 0x00, 0x00, 0x00, 0x00, 0x00, 0x00, 0x30, 0x00, 0x00,
  0x00, 0x03, 0x04, 0x00, 0x00, 0x00, 0x00, 0x00, 0x00, 0x18, 0x00, 0x00,
  0x00, 0x06, 0x0C, 0x00, 0x00, 0x00, 0x00, 0x20, 0x00, 0x0C, 0x00, 0x00,
  0x00, 0x0C, 0x08, 0x00, 0x00, 0x00, 0x00, 0x30, 0x00, 0x06, 0x00, 0x00,
  0x00, 0x18, 0x18, 0x00, 0x00, 0x00, 0x00, 0x30, 0x00, 0x03, 0x80, 0x00,
  0x00, 0x10, 0x10, 0x00, 0x00, 0x00, 0x00, 0x30, 0x00, 0x01, 0xC0, 0x00,
  0x00, 0x30, 0x30, 0x00, 0x00, 0x00, 0x00, 0x30, 0x00, 0x00, 0x60, 0x00,
  0x00, 0x60, 0x30, 0x00, 0x00, 0x00, 0x00, 0x10, 0x00, 0x00, 0x30, 0x00,
  0x00, 0x60, 0x20, 0x00, 0x00, 0x00, 0x00, 0x10, 0x00, 0x00, 0x30, 0x00,
  0x00, 0xC0, 0x60, 0x10, 0x00, 0x00, 0x00, 0x10, 0x00, 0x00, 0x18, 0x00,
  0x00, 0xC0, 0x60, 0x28, 0x00, 0x00, 0x00, 0x18, 0x00, 0x00, 0x08, 0x00,
  0x01, 0x80, 0x60, 0x44, 0x00, 0x07, 0x80, 0x18, 0x00, 0x00, 0x0C, 0x00,
  0x01, 0x80, 0x60, 0x38, 0x00, 0x08, 0x80, 0x18, 0x00, 0x00, 0x0C, 0x00,
  0x03, 0x00, 0x40, 0x00, 0x00, 0x08, 0x80, 0x08, 0x00, 0x00, 0x0C, 0x00,
  0x03, 0x00, 0x40, 0x00, 0x00, 0x07, 0x00, 0x0C, 0x00, 0x00, 0x0C, 0x00,
  0x06, 0x00, 0x41, 0xE0, 0x00, 0x00, 0x00, 0x04, 0x00, 0x00, 0x0C, 0x00,
  0x06, 0x00, 0x43, 0xF0, 0x00, 0x00, 0x60, 0x06, 0x00, 0x00, 0x0C, 0x00,
  0x0C, 0x00, 0x47, 0xF8, 0x00, 0x03, 0xF8, 0x03, 0x00, 0x00, 0x08, 0x00,
  0x0C, 0x00, 0x45, 0x98, 0x00, 0x07, 0xFC, 0x03, 0x00, 0x00, 0x18, 0x00,
  0x18, 0x00, 0x6D, 0x08, 0x00, 0x0F, 0x3E, 0x01, 0x80, 0x00, 0x18, 0x00,
  0x18, 0x00, 0x6B, 0x1C, 0x00, 0x0A, 0x1F, 0x00, 0xC0, 0x00, 0x30, 0x00,
  0x10, 0x00, 0x6B, 0x9C, 0x00, 0x16, 0x1F, 0x00, 0x70, 0x00, 0x60, 0x00,
  0x10, 0x00, 0x6B, 0xFC, 0x00, 0x06, 0x18, 0x00, 0x1C, 0x00, 0xC1, 0x80,
  0x10, 0x00, 0x4B, 0xFC, 0x00, 0x07, 0xF8, 0x00, 0x1F, 0x87, 0x83, 0x80,
  0x00, 0x00, 0x4B, 0xF9, 0xE7, 0xCF, 0xF9, 0xF0, 0x13, 0xFF, 0x0F, 0x80,
  0x00, 0x00, 0xC3, 0xFE, 0x08, 0x2F, 0xFA, 0x08, 0x10, 0x00, 0x1D, 0x00,
  0x10, 0x00, 0xC3, 0x78, 0x70, 0x17, 0xFC, 0x04, 0x10, 0x00, 0x33, 0x00,
  0x10, 0x01, 0x81, 0xF0, 0xE0, 0x07, 0xC0, 0x00, 0x30, 0x00, 0x62, 0x00,
  0x10, 0x03, 0x01, 0xF0, 0x60, 0x06, 0xC0, 0x00, 0x30, 0x01, 0xC6, 0x00,
  0x18, 0x01, 0x80, 0x20, 0x00, 0x03, 0xC0, 0x00, 0x20, 0x03, 0x06, 0x00,
  0x0C, 0x01, 0x80, 0x22, 0x40, 0x01, 0xF8, 0x00, 0x60, 0x06, 0x0C, 0x00,
  0x07, 0x07, 0x80, 0x23, 0xF6, 0x10, 0x20, 0x00, 0x60, 0x0C, 0x0C, 0x00,
  0x03, 0xFC, 0xC0, 0x61, 0xDC, 0x10, 0x00, 0x00, 0xC0, 0x18, 0x08, 0x00,
  0x00, 0x00, 0x60, 0x21, 0x88, 0x10, 0x00, 0x00, 0xC0, 0x30, 0x18, 0x00,
  0x00, 0x00, 0x60, 0x20, 0x88, 0x10, 0x00, 0x01, 0x80, 0x60, 0x10, 0x00,
  0x00, 0x00, 0x30, 0x10, 0x70, 0x20, 0x00, 0x03, 0x00, 0xC0, 0x30, 0x00,
  0x00, 0x00, 0x1C, 0x18, 0x00, 0x20, 0x00, 0x06, 0x00, 0x60, 0x38, 0x00,
  0x00, 0x00, 0x07, 0x0C, 0x00, 0xC1, 0xC0, 0x0C, 0x00, 0x38, 0x0C, 0x00,
  0x00, 0x00, 0x03, 0xC3, 0x03, 0x83, 0xE0, 0x3F, 0x80, 0x0C, 0x07, 0x00,
  0x00, 0x00, 0x00, 0xF8, 0xFE, 0x06, 0x30, 0xFF, 0xF0, 0x06, 0x01, 0xC0,
  0x00, 0x00, 0x00, 0xDF, 0xC0, 0x06, 0x31, 0x18, 0x38, 0x06, 0x00, 0xC0,
  0x00, 0x00, 0x00, 0x81, 0xFF, 0xE6, 0x30, 0x08, 0x0E, 0x0C, 0x03, 0x80,
  0x00, 0x00, 0x01, 0x80, 0x03, 0xE3, 0xE0, 0x08, 0x07, 0x18, 0x06, 0x00,
  0x00, 0x00, 0x01, 0x80, 0x00, 0x01, 0xC0, 0x38, 0x03, 0x30, 0x1C, 0x00,
  0x00, 0x00, 0x01, 0xC0, 0x00, 0x00, 0x00, 0x30, 0x01, 0xE0, 0x70, 0x00,
  0x00, 0x00, 0x00, 0xC0, 0x00, 0x00, 0x06, 0xE0, 0x00, 0xC0, 0xE0, 0x00,
  0x00, 0x00, 0x00, 0xC0, 0x00, 0x00, 0x0F, 0xC0, 0x00, 0xC3, 0x80, 0x00,
  0x00, 0x00, 0x00, 0xC0, 0x00, 0x00, 0x78, 0x00, 0x00, 0x43, 0x80, 0x00,
  0x00, 0x00, 0x00, 0x50, 0x00, 0x00, 0x70, 0x00, 0x00, 0x40, 0xC0, 0x00,
  0x00, 0x00, 0x00, 0x70, 0x00, 0x0D, 0x80, 0x00, 0x00, 0x61, 0xC0, 0x00,
  0x00, 0x00, 0x00, 0x38, 0x00, 0x1F, 0x00, 0x00, 0x00, 0x7F, 0x80, 0x00,
  0x00, 0x00, 0x00, 0x08, 0x00, 0x20, 0x00, 0x00, 0x00, 0x38, 0x00, 0x00,
  0x00, 0x00, 0x00, 0x0C, 0x00, 0x40, 0x00, 0x00, 0x00, 0x20, 0x00, 0x00,
  0x00, 0x00, 0x00, 0x0E, 0x20, 0xC0, 0x00, 0x00, 0x00, 0x20, 0x00, 0x00,
  0x00, 0x00, 0x00, 0x0F, 0x30, 0x80, 0x00, 0x00, 0x00, 0x30, 0x00, 0x00,
  0x00, 0x00, 0x00, 0x0D, 0xF9, 0x80, 0x00, 0x00, 0x00, 0x30, 0x00, 0x00,
  0x00, 0x00, 0x00, 0x0C, 0x67, 0x80, 0x00, 0x08, 0x00, 0x18, 0x00, 0x00,
  0x00, 0x00, 0x00, 0x0C, 0x19, 0x80, 0x00, 0x08, 0x00, 0x08, 0x00, 0x00,
  0x00, 0x00, 0x00, 0x0C, 0x0E, 0x80, 0x02, 0x0C, 0x00, 0x0C, 0x00, 0x00,
  0x00, 0x00, 0x00, 0x0C, 0x03, 0x80, 0x02, 0x0E, 0x00, 0x0C, 0x00, 0x00,
  0x00, 0x00, 0x00, 0x0C, 0x01, 0xC0, 0x02, 0xFF, 0x00, 0x04, 0x00, 0x00,
  0x00, 0x00, 0x00, 0x08, 0x01, 0xC0, 0x07, 0xED, 0x80, 0x04, 0x00, 0x00,
  0x00, 0x00, 0x00, 0x18, 0x01, 0xC0, 0x06, 0x0C, 0xE0, 0x04, 0x00, 0x00,
  0x00, 0x00, 0x00, 0x30, 0x03, 0xC0, 0x04, 0x0C, 0x30, 0x04, 0x00, 0x00,
  0x00, 0x00, 0x00, 0x60, 0x02, 0xC0, 0x04, 0x08, 0x20, 0x0C, 0x00, 0x00,
  0x00, 0x00, 0x00, 0x60, 0x06, 0xC0, 0x0C, 0x18, 0x60, 0x0C, 0x00, 0x00,
  0x00, 0x00, 0x00, 0x40, 0x07, 0x80, 0x0C, 0x70, 0x40, 0x08, 0x00, 0x00,
  0x00, 0x00, 0x00, 0x72, 0x0D, 0x00, 0x0F, 0xE0, 0x50, 0x18, 0x00, 0x00,
  0x00, 0x00, 0x00, 0x3A, 0x3B, 0x00, 0x18, 0x00, 0x72, 0x30, 0x00, 0x00,
  0x00, 0x00, 0x00, 0x1F, 0xF3, 0x40, 0x30, 0x00, 0x3F, 0xF0, 0x00, 0x00,
  0x00, 0x00, 0x00, 0x03, 0x01, 0xC8, 0x70, 0x00, 0x1F, 0xC0, 0x00, 0x00,
  0x00, 0x00, 0x00, 0x00, 0x01, 0xED, 0xE0, 0x00, 0x00, 0x00, 0x00, 0x00,
  0x00, 0x00, 0x00, 0x00, 0x00, 0x7F, 0x80, 0x00, 0x00, 0x00, 0x00, 0x00,
  0x00, 0x00, 0x00, 0x00, 0x00, 0x00, 0x00, 0x00, 0x00, 0x00, 0x00, 0x00,
  0x00, 0x00, 0x00, 0x00, 0x00, 0x00, 0x00, 0x00, 0x00, 0x00, 0x00, 0x00,
  0x00, 0x00, 0x00, 0x00, 0x00, 0x00, 0x00, 0x00, 0x00, 0x00, 0x00, 0x00,
  0x00, 0x00, 0x00, 0x00, 0x00, 0x00, 0x00, 0x00, 0x00, 0x00, 0x00, 0x00,
  0x00, 0x00, 0x00, 0x00, 0x00, 0x00, 0x00, 0x00, 0x00, 0x00, 0x00, 0x00,
  0x00, 0x00, 0x00, 0x00, 0x00, 0x00, 0x00, 0x00, 0x00, 0x00, 0x00, 0x00,
  0x00, 0x00, 0x00, 0x00, 0x00, 0x00, 0x00, 0x00, 0x00, 0x00, 0x00, 0x00,
};

const uint8_t BUNNY_WIDTH = 96;
const uint8_t BUNNY_HEIGHT = 100;
const uint8_t BUNNY_BITMAP[] PROGMEM = {
  0x00, 0x00, 0x00, 0x00, 0x00, 0x00, 0x00, 0x00, 0x00, 0x00, 0x00, 0x00,
  0x00, 0x00, 0x00, 0x00, 0x00, 0x00, 0x00, 0x00, 0x00, 0x00, 0x00, 0x00,
  0x00, 0x00, 0x00, 0x00, 0x00, 0x00, 0x00, 0x00, 0x00, 0x00, 0x00, 0x00,
  0x00, 0x00, 0x00, 0x00, 0x00, 0x00, 0x00, 0x00, 0x00, 0x00, 0x00, 0x00,
  0x00, 0x00, 0x00, 0x00, 0x00, 0x00, 0x00, 0x00, 0x00, 0x00, 0x00, 0x00,
  0x00, 0x00, 0x00, 0x00, 0x00, 0x00, 0x00, 0x00, 0x00, 0x00, 0x00, 0x00,
  0x00, 0x00, 0x00, 0x00, 0x00, 0x00, 0x00, 0x00, 0x00, 0x00, 0x00, 0x00,
  0x00, 0x00, 0x00, 0x00, 0x00, 0x00, 0x00, 0x00, 0x00, 0x00, 0x00, 0x00,
  0x00, 0x00, 0x00, 0x00, 0x00, 0x00, 0x00, 0x00, 0x00, 0x00, 0x00, 0x00,
  0x00, 0x00, 0x00, 0x00, 0x60, 0x00, 0x00, 0x00, 0x00, 0x00, 0x00, 0x00,
  0x00, 0x00, 0x00, 0x03, 0xFC, 0x00, 0x00, 0x00, 0x00, 0x00, 0x00, 0x00,
  0x00, 0x00, 0x00, 0x0F, 0x0E, 0x00, 0x00, 0x00, 0x00, 0x00, 0x00, 0x00,
  0x00, 0x00, 0x00, 0x1C, 0x03, 0x00, 0x00, 0x00, 0x00, 0x00, 0x00, 0x00,
  0x00, 0x00, 0x00, 0x70, 0x01, 0x80, 0x00, 0x00, 0x00, 0x00, 0x00, 0x00,
  0x00, 0x00, 0x00, 0xE0, 0x01, 0xFF, 0xC0, 0x00, 0x00, 0x00, 0x00, 0x00,
  0x00, 0x00, 0x01, 0xC0, 0x00, 0xE3, 0xF8, 0x00, 0x00, 0x00, 0x00, 0x00,
  0x00, 0x00, 0x03, 0x80, 0x40, 0x00, 0x1E, 0x00, 0x00, 0x00, 0x00, 0x00,
  0x00, 0x00, 0x03, 0x01, 0xC0, 0x00, 0x03, 0x80, 0x00, 0x00, 0x00, 0x00,
  0x00, 0x00, 0x06, 0x07, 0x00, 0x00, 0x00, 0xE1, 0x80, 0x00, 0x00, 0x00,
  0x00, 0x00, 0x0C, 0x0C, 0x00, 0x00, 0x00, 0x7F, 0xF0, 0x00, 0x00, 0x00,
  0x00, 0x00, 0x18, 0x38, 0x00, 0x04, 0x00, 0x1C, 0x38, 0x00, 0x00, 0x00,
  0x00, 0x00, 0x18, 0x70, 0x00, 0x0C, 0x00, 0x00, 0x0C, 0x00, 0x00, 0x00,
  0x00, 0x00, 0x30, 0x60, 0x00, 0x36, 0x00, 0x00, 0x06, 0x00, 0x00, 0x00,
  0x00, 0x00, 0x60, 0xC0, 0x00, 0x26, 0x00, 0x00, 0x03, 0x00, 0x00, 0x00,
  0x00, 0x00, 0x61, 0x80, 0x0F, 0xC2, 0x00, 0x00, 0x01, 0x80, 0x00, 0x00,
  0x00, 0x00, 0xC3, 0x00, 0x08, 0x03, 0x00, 0x00, 0x01, 0x80, 0x00, 0x00,
  0x00, 0x01, 0x83, 0x00, 0x0C, 0x01, 0x80, 0x00, 0x00, 0xC0, 0x00, 0x00,
  0x00, 0x01, 0x86, 0x00, 0x06, 0x00, 0x60, 0x02, 0x00, 0x60, 0x00, 0x00,
  0x00, 0x03, 0x06, 0x00, 0x02, 0x00, 0x60, 0x01, 0x00, 0x60, 0x00, 0x00,
  0x00, 0x06, 0x0C, 0x00, 0x02, 0x01, 0xC0, 0x01, 0x00, 0x30, 0x00, 0x00,
  0x00, 0x06, 0x0C, 0x00, 0x06, 0x03, 0x00, 0x01, 0x80, 0x30, 0x00, 0x00,
  0x00, 0x0C, 0x08, 0x00, 0x04, 0x42, 0x00, 0x01, 0x80, 0x18, 0x00, 0x00,
  0x00, 0x18, 0x18, 0x00, 0x07, 0xE6, 0x00, 0x00, 0x80, 0x18, 0x00, 0x00,
  0x00, 0x18, 0x18, 0x00, 0x06, 0x16, 0x00, 0x00, 0xC0, 0x0C, 0x00, 0x00,
  0x00, 0x30, 0x10, 0x7C, 0x00, 0x0C, 0x00, 0x00, 0xC0, 0x0C, 0x00, 0x00,
  0x00, 0x60, 0x31, 0xFE, 0x00, 0x04, 0x00, 0x00, 0xC0, 0x04, 0x00, 0x00,
  0x00, 0x60, 0x73, 0xBF, 0x00, 0x00, 0x00, 0x00, 0xE0, 0x06, 0x00, 0x00,
  0x00, 0xC0, 0x73, 0x63, 0x00, 0x00, 0x00, 0x00, 0xA0, 0x02, 0x00, 0x00,
  0x01, 0x80, 0xB6, 0xE3, 0x00, 0x00, 0x00, 0x00, 0xA0, 0x03, 0x00, 0x00,
  0x01, 0x81, 0xA4, 0xE3, 0x80, 0x00, 0x00, 0x00, 0xB0, 0x03, 0x00, 0x00,
  0x03, 0x03, 0x65, 0xE7, 0x80, 0x00, 0x3C, 0x00, 0x90, 0x01, 0x80, 0x00,
  0x03, 0x02, 0x45, 0xFF, 0x80, 0x00, 0xFF, 0x00, 0x90, 0x01, 0x80, 0x00,
  0x06, 0x04, 0xC1, 0xFF, 0x00, 0x01, 0x8F, 0x80, 0x98, 0x00, 0xC0, 0x00,
  0x06, 0x0C, 0x81, 0xFF, 0x00, 0x03, 0x0F, 0x80, 0x88, 0x00, 0xC0, 0x00,
  0x04, 0x08, 0x81, 0xBF, 0x00, 0x03, 0x0F, 0xC0, 0x8C, 0x00, 0x40, 0x00,
  0x04, 0x18, 0x81, 0x9E, 0x00, 0x03, 0x8F, 0x40, 0x84, 0x00, 0x60, 0x00,
  0x00, 0x10, 0x80, 0xFE, 0x1C, 0x07, 0xFF, 0x40, 0x84, 0x00, 0x20, 0x00,
  0x00, 0x20, 0xC0, 0xF8, 0x0C, 0x07, 0xFF, 0x60, 0x86, 0x00, 0x30, 0x00,
  0x00, 0x60, 0xC0, 0x00, 0x00, 0x07, 0xFF, 0x60, 0x82, 0x00, 0x30, 0x00,
  0x00, 0x40, 0x40, 0x00, 0xD8, 0x07, 0xFF, 0x40, 0x83, 0x00, 0x18, 0x00,
  0x00, 0xC0, 0x60, 0x00, 0x7D, 0x06, 0x7E, 0x40, 0x81, 0x00, 0x18, 0x00,
  0x00, 0x80, 0x30, 0x00, 0x77, 0x02, 0x7E, 0x80, 0xC0, 0x80, 0x0C, 0x00,
  0x00, 0x80, 0x18, 0x00, 0x62, 0x03, 0xFC, 0x00, 0xC0, 0xC0, 0x0C, 0x00,
  0x01, 0x00, 0x0C, 0x00, 0x46, 0x00, 0xF8, 0x01, 0xC0, 0x40, 0x06, 0x00,
  0x01, 0x00, 0x0E, 0x00, 0x64, 0x00, 0x00, 0x01, 0xC0, 0x20, 0x06, 0x00,
  0x01, 0x00, 0x0B, 0x00, 0x38, 0x00, 0x00, 0x03, 0x40, 0x30, 0x03, 0x00,
  0x03, 0x00, 0x19, 0xC0, 0x00, 0x00, 0x00, 0x06, 0x40, 0x18, 0x03, 0x00,
  0x02, 0x00, 0x19, 0xF0, 0x00, 0x00, 0x00, 0x0E, 0x60, 0x08, 0x01, 0x00,
  0x02, 0x00, 0x13, 0x1C, 0x00, 0x00, 0x00, 0x18, 0x60, 0x04, 0x01, 0x80,
  0x02, 0x00, 0x32, 0x07, 0x80, 0x00, 0x00, 0x70, 0x20, 0x02, 0x01, 0x80,
  0x02, 0x00, 0x36, 0x00, 0x40, 0x00, 0x03, 0xE0, 0x30, 0x01, 0x00, 0x80,
  0x02, 0x00, 0x27, 0x00, 0x00, 0xFF, 0xFF, 0x60, 0x30, 0x01, 0x80, 0xC0,
  0x02, 0x00, 0x62, 0x00, 0x00, 0x0F, 0xC0, 0x20, 0x18, 0x00, 0x80, 0xC0,
  0x02, 0x00, 0xC6, 0x20, 0x00, 0x00, 0x00, 0x20, 0x18, 0x00, 0x40, 0xC0,
  0x01, 0x00, 0xC6, 0x70, 0x00, 0x00, 0x00, 0xE0, 0x0C, 0x00, 0x60, 0x40,
  0x05, 0x83, 0x87, 0xFC, 0x02, 0x00, 0x00, 0xC0, 0x0C, 0x00, 0x20, 0x40,
  0x06, 0xC7, 0x03, 0x06, 0x1F, 0xF0, 0x04, 0xE3, 0xE6, 0x00, 0x30, 0x40,
  0x03, 0xFC, 0x06, 0x02, 0x30, 0x70, 0x87, 0x27, 0x72, 0x00, 0x10, 0x40,
  0x00, 0xF0, 0x0C, 0x03, 0x60, 0x1F, 0xDE, 0x3C, 0x1B, 0x00, 0x10, 0x40,
  0x00, 0x00, 0x0C, 0x01, 0xC0, 0x0F, 0x70, 0x18, 0x0D, 0x80, 0x10, 0xC0,
  0x00, 0x00, 0x08, 0x01, 0x80, 0x00, 0x00, 0x0C, 0x0F, 0xC0, 0x18, 0xC0,
  0x00, 0x00, 0x0A, 0x01, 0x80, 0x00, 0x00, 0x0C, 0x01, 0xE0, 0x10, 0xC0,
  0x00, 0x00, 0x0A, 0x03, 0x80, 0x00, 0x00, 0x06, 0x00, 0xF8, 0x11, 0x80,
  0x00, 0x00, 0x0F, 0x4F, 0x80, 0x00, 0x00, 0x06, 0x00, 0x5E, 0x23, 0x00,
  0x00, 0x00, 0x07, 0xEE, 0xC0, 0x80, 0x00, 0x02, 0x00, 0x47, 0xFE, 0x00,
  0x00, 0x00, 0x03, 0xF8, 0x79, 0x80, 0x80, 0x03, 0x00, 0x40, 0xFC, 0x00,
  0x00, 0x00, 0x06, 0xC0, 0x3F, 0x83, 0x00, 0x03, 0x00, 0x40, 0x00, 0x00,
  0x00, 0x00, 0x04, 0x40, 0x00, 0xFE, 0x00, 0x01, 0x00, 0xC0, 0x00, 0x00,
  0x00, 0x00, 0x0C, 0x60, 0x00, 0x0C, 0x00, 0x01, 0x01, 0x80, 0x00, 0x00,
  0x00, 0x00, 0x0C, 0x20, 0x00, 0x0C, 0x00, 0x01, 0x00, 0x80, 0x00, 0x00,
  0x00, 0x00, 0x0C, 0x00, 0x00, 0x08, 0x00, 0x01, 0x00, 0xC0, 0x00, 0x00,
  0x00, 0x00, 0x0C, 0x00, 0x00, 0x08, 0x00, 0x01, 0x00, 0x80, 0x00, 0x00,
  0x00, 0x00, 0x04, 0x00, 0x00, 0x18, 0x00, 0x03, 0x01, 0x80, 0x00, 0x00,
  0x00, 0x00, 0x06, 0x00, 0x00, 0x08, 0x00, 0x03, 0x0F, 0x00, 0x00, 0x00,
  0x00, 0x00, 0x1F, 0x00, 0x00, 0x08, 0x00, 0x03, 0x1E, 0x00, 0x00, 0x00,
  0x00, 0x00, 0x30, 0x8C, 0x00, 0x0C, 0x00, 0x07, 0xF0, 0x00, 0x00, 0x00,
  0x00, 0x00, 0x60, 0x06, 0x00, 0x1F, 0x00, 0x06, 0xE0, 0x00, 0x00, 0x00,
  0x00, 0x00, 0x60, 0x03, 0x80, 0x39, 0xC0, 0x0C, 0x00, 0x00, 0x00, 0x00,
  0x00, 0x00, 0x72, 0x00, 0xFF, 0xE0, 0x00, 0x18, 0x00, 0x00, 0x00, 0x00,
  0x00, 0x00, 0x32, 0x03, 0xFF, 0xC0, 0x00, 0x70, 0x00, 0x00, 0x00, 0x00,
  0x00, 0x00, 0x3F, 0xFF, 0x00, 0xD0, 0x00, 0xE0, 0x00, 0x00, 0x00, 0x00,
  0x00, 0x00, 0x0F, 0xF0, 0x00, 0x51, 0x07, 0x80, 0x00, 0x00, 0x00, 0x00,
  0x00, 0x00, 0x00, 0x00, 0x00, 0x7B, 0x7E, 0x00, 0x00, 0x00, 0x00, 0x00,
  0x00, 0x00, 0x00, 0x00, 0x00, 0x1F, 0xF0, 0x00, 0x00, 0x00, 0x00, 0x00,
  0x00, 0x00, 0x00, 0x00, 0x00, 0x00, 0x00, 0x00, 0x00, 0x00, 0x00, 0x00,
  0x00, 0x00, 0x00, 0x00, 0x00, 0x00, 0x00, 0x00, 0x00, 0x00, 0x00, 0x00,
  0x00, 0x00, 0x00, 0x00, 0x00, 0x00, 0x00, 0x00, 0x00, 0x00, 0x00, 0x00,
  0x00, 0x00, 0x00, 0x00, 0x00, 0x00, 0x00, 0x00, 0x00, 0x00, 0x00, 0x00,
  0x00, 0x00, 0x00, 0x00, 0x00, 0x00, 0x00, 0x00, 0x00, 0x00, 0x00, 0x00,
  0x00, 0x00, 0x00, 0x00, 0x00, 0x00, 0x00, 0x00, 0x00, 0x00, 0x00, 0x00,
};

const uint8_t BUNNY_BLINK_BITMAP[] PROGMEM = {
  0x00, 0x00, 0x00, 0x00, 0x00, 0x00, 0x00, 0x00, 0x00, 0x00, 0x00, 0x00,
  0x00, 0x00, 0x00, 0x00, 0x00, 0x00, 0x00, 0x00, 0x00, 0x00, 0x00, 0x00,
  0x00, 0x00, 0x00, 0x00, 0x00, 0x00, 0x00, 0x00, 0x00, 0x00, 0x00, 0x00,
  0x00, 0x00, 0x00, 0x00, 0x00, 0x00, 0x00, 0x00, 0x00, 0x00, 0x00, 0x00,
  0x00, 0x00, 0x00, 0x00, 0x00, 0x00, 0x00, 0x00, 0x00, 0x00, 0x00, 0x00,
  0x00, 0x00, 0x00, 0x00, 0x00, 0x00, 0x00, 0x00, 0x00, 0x00, 0x00, 0x00,
  0x00, 0x00, 0x00, 0x00, 0x00, 0x00, 0x00, 0x00, 0x00, 0x00, 0x00, 0x00,
  0x00, 0x00, 0x00, 0x00, 0x00, 0x00, 0x00, 0x00, 0x00, 0x00, 0x00, 0x00,
  0x00, 0x00, 0x00, 0x00, 0x00, 0x00, 0x00, 0x00, 0x00, 0x00, 0x00, 0x00,
  0x00, 0x00, 0x00, 0x00, 0x60, 0x00, 0x00, 0x00, 0x00, 0x00, 0x00, 0x00,
  0x00, 0x00, 0x00, 0x03, 0xFC, 0x00, 0x00, 0x00, 0x00, 0x00, 0x00, 0x00,
  0x00, 0x00, 0x00, 0x0F, 0x0E, 0x00, 0x00, 0x00, 0x00, 0x00, 0x00, 0x00,
  0x00, 0x00, 0x00, 0x1C, 0x03, 0x00, 0x00, 0x00, 0x00, 0x00, 0x00, 0x00,
  0x00, 0x00, 0x00, 0x70, 0x01, 0x80, 0x00, 0x00, 0x00, 0x00, 0x00, 0x00,
  0x00, 0x00, 0x00, 0xE0, 0x01, 0xFF, 0xC0, 0x00, 0x00, 0x00, 0x00, 0x00,
  0x00, 0x00, 0x01, 0xC0, 0x00, 0xE3, 0xF8, 0x00, 0x00, 0x00, 0x00, 0x00,
  0x00, 0x00, 0x03, 0x80, 0x40, 0x00, 0x1E, 0x00, 0x00, 0x00, 0x00, 0x00,
  0x00, 0x00, 0x03, 0x01, 0xC0, 0x00, 0x03, 0x80, 0x00, 0x00, 0x00, 0x00,
  0x00, 0x00, 0x06, 0x07, 0x00, 0x00, 0x00, 0xE1, 0x80, 0x00, 0x00, 0x00,
  0x00, 0x00, 0x0C, 0x0C, 0x00, 0x00, 0x00, 0x7F, 0xF0, 0x00, 0x00, 0x00,
  0x00, 0x00, 0x18, 0x38, 0x00, 0x04, 0x00, 0x1C, 0x38, 0x00, 0x00, 0x00,
  0x00, 0x00, 0x18, 0x70, 0x00, 0x0C, 0x00, 0x00, 0x0C, 0x00, 0x00, 0x00,
  0x00, 0x00, 0x30, 0x60, 0x00, 0x36, 0x00, 0x00, 0x06, 0x00, 0x00, 0x00,
  0x00, 0x00, 0x60, 0xC0, 0x00, 0x26, 0x00, 0x00, 0x03, 0x00, 0x00, 0x00,
  0x00, 0x00, 0x61, 0x80, 0x0F, 0xC2, 0x00, 0x00, 0x01, 0x80, 0x00, 0x00,
  0x00, 0x00, 0xC3, 0x00, 0x08, 0x03, 0x00, 0x00, 0x01, 0x80, 0x00, 0x00,
  0x00, 0x01, 0x83, 0x00, 0x0C, 0x01, 0x80, 0x00, 0x00, 0xC0, 0x00, 0x00,
  0x00, 0x01, 0x86, 0x00, 0x06, 0x00, 0x60, 0x02, 0x00, 0x60, 0x00, 0x00,
  0x00, 0x03, 0x06, 0x00, 0x02, 0x00, 0x60, 0x01, 0x00, 0x60, 0x00, 0x00,
  0x00, 0x06, 0x0C, 0x00, 0x02, 0x01, 0xC0, 0x01, 0x00, 0x30, 0x00, 0x00,
  0x00, 0x06, 0x0C, 0x00, 0x06, 0x03, 0x00, 0x01, 0x80, 0x30, 0x00, 0x00,
  0x00, 0x0C, 0x08, 0x00, 0x04, 0x42, 0x00, 0x01, 0x80, 0x18, 0x00, 0x00,
  0x00, 0x18, 0x18, 0x00, 0x07, 0xE6, 0x00, 0x00, 0x80, 0x18, 0x00, 0x00,
  0x00, 0x18, 0x18, 0x00, 0x06, 0x16, 0x00, 0x00, 0xC0, 0x0C, 0x00, 0x00,
  0x00, 0x30, 0x10, 0x7C, 0x00, 0x0C, 0x00, 0x00, 0xC0, 0x0C, 0x00, 0x00,
  0x00, 0x60, 0x31, 0xFE, 0x00, 0x04, 0x00, 0x00, 0xC0, 0x04, 0x00, 0x00,
  0x00, 0x60, 0x73, 0xBF, 0x00, 0x00, 0x00, 0x00, 0xE0, 0x06, 0x00, 0x00,
  0x00, 0xC0, 0x73, 0x63, 0x00, 0x00, 0x00, 0x00, 0xA0, 0x02, 0x00, 0x00,
  0x01, 0x80, 0xB6, 0xE3, 0x00, 0x00, 0x00, 0x00, 0xA0, 0x03, 0x00, 0x00,
  0x01, 0x81, 0xA4, 0xE3, 0x80, 0x00, 0x00, 0x00, 0xB0, 0x03, 0x00, 0x00,
  0x03, 0x03, 0x65, 0xE7, 0x80, 0x00, 0x3C, 0x00, 0x90, 0x01, 0x80, 0x00,
  0x03, 0x02, 0x45, 0xFF, 0x80, 0xF8, 0xFC, 0xF8, 0x90, 0x01, 0x80, 0x00,
  0x06, 0x04, 0xC1, 0xFF, 0x01, 0x05, 0x8D, 0x04, 0x98, 0x00, 0xC0, 0x00,
  0x06, 0x0C, 0x81, 0xFF, 0x02, 0x03, 0x0E, 0x02, 0x88, 0x00, 0xC0, 0x00,
  0x04, 0x08, 0x81, 0xBF, 0x00, 0x01, 0x0C, 0x00, 0x8C, 0x00, 0x40, 0x00,
  0x04, 0x18, 0x81, 0x9E, 0x00, 0x01, 0x8C, 0x00, 0x84, 0x00, 0x60, 0x00,
  0x00, 0x10, 0x80, 0xFE, 0x1C, 0x01, 0xFC, 0x00, 0x84, 0x00, 0x20, 0x00,
  0x00, 0x20, 0xC0, 0xF8, 0x0C, 0x01, 0xFC, 0x00, 0x86, 0x00, 0x30, 0x00,
  0x00, 0x60, 0xC0, 0x00, 0x00, 0x07, 0xFF, 0x60, 0x82, 0x00, 0x30, 0x00,
  0x00, 0x40, 0x40, 0x00, 0xD8, 0x07, 0xFF, 0x40, 0x83, 0x00, 0x18, 0x00,
  0x00, 0xC0, 0x60, 0x00, 0x7D, 0x06, 0x7E, 0x40, 0x81, 0x00, 0x18, 0x00,
  0x00, 0x80, 0x30, 0x00, 0x77, 0x02, 0x7E, 0x80, 0xC0, 0x80, 0x0C, 0x00,
  0x00, 0x80, 0x18, 0x00, 0x62, 0x03, 0xFC, 0x00, 0xC0, 0xC0, 0x0C, 0x00,
  0x01, 0x00, 0x0C, 0x00, 0x46, 0x00, 0xF8, 0x01, 0xC0, 0x40, 0x06, 0x00,
  0x01, 0x00, 0x0E, 0x00, 0x64, 0x00, 0x00, 0x01, 0xC0, 0x20, 0x06, 0x00,
  0x01, 0x00, 0x0B, 0x00, 0x38, 0x00, 0x00, 0x03, 0x40, 0x30, 0x03, 0x00,
  0x03, 0x00, 0x19, 0xC0, 0x00, 0x00, 0x00, 0x06, 0x40, 0x18, 0x03, 0x00,
  0x02, 0x00, 0x19, 0xF0, 0x00, 0x00, 0x00, 0x0E, 0x60, 0x08, 0x01, 0x00,
  0x02, 0x00, 0x13, 0x1C, 0x00, 0x00, 0x00, 0x18, 0x60, 0x04, 0x01, 0x80,
  0x02, 0x00, 0x32, 0x07, 0x80, 0x00, 0x00, 0x70, 0x20, 0x02, 0x01, 0x80,
  0x02, 0x00, 0x36, 0x00, 0x40, 0x00, 0x03, 0xE0, 0x30, 0x01, 0x00, 0x80,
  0x02, 0x00, 0x27, 0x00, 0x00, 0xFF, 0xFF, 0x60, 0x30, 0x01, 0x80, 0xC0,
  0x02, 0x00, 0x62, 0x00, 0x00, 0x0F, 0xC0, 0x20, 0x18, 0x00, 0x80, 0xC0,
  0x02, 0x00, 0xC6, 0x20, 0x00, 0x00, 0x00, 0x20, 0x18, 0x00, 0x40, 0xC0,
  0x01, 0x00, 0xC6, 0x70, 0x00, 0x00, 0x00, 0xE0, 0x0C, 0x00, 0x60, 0x40,
  0x05, 0x83, 0x87, 0xFC, 0x02, 0x00, 0x00, 0xC0, 0x0C, 0x00, 0x20, 0x40,
  0x06, 0xC7, 0x03, 0x06, 0x1F, 0xF0, 0x04, 0xE3, 0xE6, 0x00, 0x30, 0x40,
  0x03, 0xFC, 0x06, 0x02, 0x30, 0x70, 0x87, 0x27, 0x72, 0x00, 0x10, 0x40,
  0x00, 0xF0, 0x0C, 0x03, 0x60, 0x1F, 0xDE, 0x3C, 0x1B, 0x00, 0x10, 0x40,
  0x00, 0x00, 0x0C, 0x01, 0xC0, 0x0F, 0x70, 0x18, 0x0D, 0x80, 0x10, 0xC0,
  0x00, 0x00, 0x08, 0x01, 0x80, 0x00, 0x00, 0x0C, 0x0F, 0xC0, 0x18, 0xC0,
  0x00, 0x00, 0x0A, 0x01, 0x80, 0x00, 0x00, 0x0C, 0x01, 0xE0, 0x10, 0xC0,
  0x00, 0x00, 0x0A, 0x03, 0x80, 0x00, 0x00, 0x06, 0x00, 0xF8, 0x11, 0x80,
  0x00, 0x00, 0x0F, 0x4F, 0x80, 0x00, 0x00, 0x06, 0x00, 0x5E, 0x23, 0x00,
  0x00, 0x00, 0x07, 0xEE, 0xC0, 0x80, 0x00, 0x02, 0x00, 0x47, 0xFE, 0x00,
  0x00, 0x00, 0x03, 0xF8, 0x79, 0x80, 0x80, 0x03, 0x00, 0x40, 0xFC, 0x00,
  0x00, 0x00, 0x06, 0xC0, 0x3F, 0x83, 0x00, 0x03, 0x00, 0x40, 0x00, 0x00,
  0x00, 0x00, 0x04, 0x40, 0x00, 0xFE, 0x00, 0x01, 0x00, 0xC0, 0x00, 0x00,
  0x00, 0x00, 0x0C, 0x60, 0x00, 0x0C, 0x00, 0x01, 0x01, 0x80, 0x00, 0x00,
  0x00, 0x00, 0x0C, 0x20, 0x00, 0x0C, 0x00, 0x01, 0x00, 0x80, 0x00, 0x00,
  0x00, 0x00, 0x0C, 0x00, 0x00, 0x08, 0x00, 0x01, 0x00, 0xC0, 0x00, 0x00,
  0x00, 0x00, 0x0C, 0x00, 0x00, 0x08, 0x00, 0x01, 0x00, 0x80, 0x00, 0x00,
  0x00, 0x00, 0x04, 0x00, 0x00, 0x18, 0x00, 0x03, 0x01, 0x80, 0x00, 0x00,
  0x00, 0x00, 0x06, 0x00, 0x00, 0x08, 0x00, 0x03, 0x0F, 0x00, 0x00, 0x00,
  0x00, 0x00, 0x1F, 0x00, 0x00, 0x08, 0x00, 0x03, 0x1E, 0x00, 0x00, 0x00,
  0x00, 0x00, 0x30, 0x8C, 0x00, 0x0C, 0x00, 0x07, 0xF0, 0x00, 0x00, 0x00,
  0x00, 0x00, 0x60, 0x06, 0x00, 0x1F, 0x00, 0x06, 0xE0, 0x00, 0x00, 0x00,
  0x00, 0x00, 0x60, 0x03, 0x80, 0x39, 0xC0, 0x0C, 0x00, 0x00, 0x00, 0x00,
  0x00, 0x00, 0x72, 0x00, 0xFF, 0xE0, 0x00, 0x18, 0x00, 0x00, 0x00, 0x00,
  0x00, 0x00, 0x32, 0x03, 0xFF, 0xC0, 0x00, 0x70, 0x00, 0x00, 0x00, 0x00,
  0x00, 0x00, 0x3F, 0xFF, 0x00, 0xD0, 0x00, 0xE0, 0x00, 0x00, 0x00, 0x00,
  0x00, 0x00, 0x0F, 0xF0, 0x00, 0x51, 0x07, 0x80, 0x00, 0x00, 0x00, 0x00,
  0x00, 0x00, 0x00, 0x00, 0x00, 0x7B, 0x7E, 0x00, 0x00, 0x00, 0x00, 0x00,
  0x00, 0x00, 0x00, 0x00, 0x00, 0x1F, 0xF0, 0x00, 0x00, 0x00, 0x00, 0x00,
  0x00, 0x00, 0x00, 0x00, 0x00, 0x00, 0x00, 0x00, 0x00, 0x00, 0x00, 0x00,
  0x00, 0x00, 0x00, 0x00, 0x00, 0x00, 0x00, 0x00, 0x00, 0x00, 0x00, 0x00,
  0x00, 0x00, 0x00, 0x00, 0x00, 0x00, 0x00, 0x00, 0x00, 0x00, 0x00, 0x00,
  0x00, 0x00, 0x00, 0x00, 0x00, 0x00, 0x00, 0x00, 0x00, 0x00, 0x00, 0x00,
  0x00, 0x00, 0x00, 0x00, 0x00, 0x00, 0x00, 0x00, 0x00, 0x00, 0x00, 0x00,
  0x00, 0x00, 0x00, 0x00, 0x00, 0x00, 0x00, 0x00, 0x00, 0x00, 0x00, 0x00,
};

const uint8_t BUNNY_EAT_BITMAP[] PROGMEM = {
  0x00, 0x00, 0x00, 0x00, 0x00, 0x00, 0x00, 0x00, 0x00, 0x00, 0x00, 0x00,
  0x00, 0x00, 0x00, 0x00, 0x00, 0x00, 0x00, 0x00, 0x00, 0x00, 0x00, 0x00,
  0x00, 0x00, 0x00, 0x00, 0x00, 0x00, 0x00, 0x00, 0x00, 0x00, 0x00, 0x00,
  0x00, 0x00, 0x00, 0x00, 0x00, 0x00, 0x00, 0x00, 0x00, 0x00, 0x00, 0x00,
  0x00, 0x00, 0x00, 0x00, 0x00, 0x00, 0x00, 0x00, 0x00, 0x00, 0x00, 0x00,
  0x00, 0x00, 0x00, 0x00, 0x00, 0x00, 0x00, 0x00, 0x00, 0x00, 0x00, 0x00,
  0x00, 0x00, 0x00, 0x00, 0x00, 0x00, 0x00, 0x00, 0x00, 0x00, 0x00, 0x00,
  0x00, 0x00, 0x00, 0x00, 0x00, 0x00, 0x00, 0x00, 0x00, 0x00, 0x00, 0x00,
  0x00, 0x00, 0x00, 0x00, 0x00, 0x00, 0x00, 0x00, 0x00, 0x00, 0x00, 0x00,
  0x00, 0x00, 0x00, 0x00, 0x00, 0x00, 0x00, 0x00, 0x00, 0x00, 0x00, 0x00,
  0x00, 0x00, 0x00, 0x00, 0x00, 0x00, 0x00, 0x00, 0x00, 0x00, 0x00, 0x00,
  0x00, 0x00, 0x00, 0x00, 0x00, 0x00, 0x00, 0x00, 0x00, 0x00, 0x00, 0x00,
  0x00, 0x00, 0x00, 0x00, 0x00, 0x00, 0x00, 0x00, 0x00, 0x00, 0x00, 0x00,
  0x00, 0x00, 0x00, 0x00, 0x00, 0x00, 0x00, 0x00, 0x00, 0x00, 0x00, 0x00,
  0x00, 0x00, 0x00, 0x00, 0x00, 0x00, 0x00, 0x00, 0x00, 0x00, 0x00, 0x00,
  0x00, 0x00, 0x00, 0xC0, 0x00, 0x00, 0x00, 0x00, 0x00, 0x00, 0x00, 0x00,
  0x00, 0x00, 0x00, 0xFC, 0x00, 0x00, 0x00, 0x00, 0x00, 0x00, 0x00, 0x00,
  0x00, 0x00, 0x03, 0x0E, 0x00, 0x00, 0x00, 0x00, 0x00, 0x00, 0x00, 0x00,
  0x00, 0x00, 0x0F, 0x03, 0x81, 0xC0, 0x00, 0x00, 0x00, 0x00, 0x00, 0x00,
  0x00, 0x00, 0x1C, 0x01, 0xFF, 0xFA, 0x00, 0x00, 0x00, 0x00, 0x00, 0x00,
  0x00, 0x00, 0x30, 0x01, 0xE2, 0x1F, 0x81, 0x80, 0x00, 0x00, 0x00, 0x00,
  0x00, 0x00, 0x60, 0x00, 0x00, 0x00, 0x73, 0xFC, 0x00, 0x00, 0x00, 0x00,
  0x00, 0x00, 0xC0, 0x40, 0x00, 0x00, 0x3E, 0x1E, 0x00, 0x00, 0x00, 0x00,
  0x00, 0x01, 0xC0, 0x60, 0x00, 0x00, 0x0C, 0x03, 0x00, 0x00, 0x00, 0x00,
  0x00, 0x01, 0xC0, 0x80, 0x00, 0x00, 0x00, 0x01, 0x80, 0x00, 0x00, 0x00,
  0x00, 0x01, 0x83, 0x80, 0x02, 0x00, 0x00, 0x00, 0xC0, 0x00, 0x00, 0x00,
  0x00, 0x03, 0x06, 0x00, 0x07, 0x00, 0x00, 0x00, 0xC0, 0x00, 0x00, 0x00,
  0x00, 0x06, 0x1C, 0x00, 0x1B, 0x00, 0x00, 0x00, 0x38, 0x00, 0x00, 0x00,
  0x00, 0x0C, 0x38, 0x00, 0x13, 0x00, 0x00, 0x00, 0x18, 0x00, 0x00, 0x00,
  0x00, 0x0C, 0x30, 0x00, 0x60, 0xC0, 0x00, 0x80, 0x1C, 0x00, 0x00, 0x00,
  0x00, 0x18, 0x20, 0x03, 0x80, 0x60, 0x00, 0x40, 0x0C, 0x00, 0x00, 0x00,
  0x00, 0x18, 0x20, 0x02, 0x00, 0x18, 0x00, 0x40, 0x0E, 0x00, 0x00, 0x00,
  0x00, 0x18, 0x40, 0x03, 0x00, 0x18, 0x00, 0x60, 0x06, 0x00, 0x00, 0x00,
  0x00, 0x10, 0xC0, 0x01, 0x80, 0x70, 0x00, 0x60, 0x03, 0x00, 0x00, 0x00,
  0x00, 0x20, 0xC0, 0x00, 0x80, 0xC0, 0x00, 0x20, 0x01, 0x80, 0x00, 0x00,
  0x00, 0x61, 0x80, 0x00, 0x80, 0x80, 0x00, 0x18, 0x00, 0x80, 0x00, 0x00,
  0x00, 0x61, 0x80, 0x01, 0x90, 0xC0, 0x00, 0x18, 0x00, 0xC0, 0x00, 0x00,
  0x00, 0xC3, 0x00, 0x00, 0xFC, 0xC0, 0x00, 0x18, 0x00, 0x40, 0x00, 0x00,
  0x01, 0x81, 0x80, 0x00, 0xC2, 0x80, 0x00, 0x1C, 0x00, 0x60, 0x00, 0x00,
  0x00, 0xC1, 0x00, 0x00, 0x81, 0x80, 0x00, 0x14, 0x00, 0x60, 0x00, 0x00,
  0x01, 0x83, 0x00, 0x00, 0x00, 0x00, 0x00, 0x16, 0x00, 0x30, 0x00, 0x00,
  0x03, 0x03, 0x0F, 0x80, 0x00, 0x00, 0x00, 0x16, 0x00, 0x1C, 0x00, 0x00,
  0x03, 0x02, 0x1F, 0xE0, 0x00, 0x00, 0x00, 0x09, 0x00, 0x0C, 0x00, 0x00,
  0x06, 0x06, 0x37, 0xE0, 0x00, 0x00, 0xC0, 0x09, 0x80, 0x0C, 0x00, 0x00,
  0x04, 0x0E, 0x6C, 0x70, 0x00, 0x03, 0xF0, 0x08, 0x80, 0x06, 0x00, 0x00,
  0x0C, 0x07, 0x2E, 0x38, 0x00, 0x0F, 0xF8, 0x08, 0xC0, 0x02, 0x00, 0x00,
  0x04, 0x0B, 0x6E, 0x38, 0x00, 0x18, 0xF8, 0x08, 0x40, 0x03, 0x00, 0x00,
  0x08, 0x0A, 0x5E, 0x78, 0x00, 0x30, 0xFC, 0x08, 0x40, 0x03, 0x00, 0x00,
  0x18, 0x16, 0x5F, 0xF0, 0x00, 0x30, 0xF4, 0x08, 0x60, 0x00, 0xC0, 0x00,
  0x18, 0x34, 0x5F, 0xF0, 0x00, 0x38, 0xF4, 0x04, 0x10, 0x00, 0xC0, 0x00,
  0x30, 0x2C, 0x1F, 0xF0, 0x00, 0x7F, 0xFB, 0x04, 0x18, 0x00, 0x60, 0x00,
  0x30, 0x48, 0x1B, 0xE0, 0x20, 0x3F, 0xFB, 0x04, 0x08, 0x00, 0x60, 0x00,
  0x60, 0xC8, 0x0C, 0xF0, 0xE0, 0x3F, 0xFA, 0x04, 0x06, 0x00, 0x30, 0x00,
  0x30, 0x44, 0x07, 0xE0, 0x40, 0x3F, 0xF2, 0x06, 0x06, 0x00, 0x38, 0x00,
  0x20, 0xC4, 0x07, 0xC0, 0x00, 0x33, 0xF4, 0x06, 0x01, 0x00, 0x18, 0x00,
  0x20, 0x86, 0x00, 0x06, 0xE8, 0x00, 0x00, 0x0E, 0x01, 0x80, 0x0C, 0x00,
  0x01, 0x06, 0x00, 0x03, 0xF8, 0x00, 0x00, 0x0F, 0x00, 0x60, 0x06, 0x00,
  0x03, 0x02, 0x00, 0x03, 0x90, 0x03, 0x80, 0x0D, 0x00, 0x20, 0x06, 0x00,
  0x02, 0x03, 0x00, 0x03, 0x98, 0x0F, 0xE0, 0x19, 0x80, 0x10, 0x02, 0x00,
  0x02, 0x01, 0x80, 0x01, 0x10, 0x1C, 0x70, 0x39, 0x80, 0x08, 0x03, 0x00,
  0x02, 0x00, 0x60, 0x01, 0x80, 0x1F, 0xF0, 0x60, 0x80, 0x06, 0x03, 0x00,
  0x02, 0x00, 0x38, 0x00, 0xE0, 0x18, 0x30, 0xC0, 0xC0, 0x06, 0x03, 0x00,
  0x00, 0x00, 0x3C, 0x00, 0x00, 0x1C, 0x71, 0x80, 0xC0, 0x00, 0x80, 0x80,
  0x04, 0x00, 0x2F, 0x00, 0x00, 0x0F, 0xE7, 0x80, 0x30, 0x00, 0xC0, 0x80,
  0x04, 0x00, 0x67, 0xC0, 0x00, 0x03, 0x86, 0xC0, 0x30, 0x00, 0x40, 0x80,
  0x04, 0x00, 0x64, 0x7E, 0x00, 0x3F, 0x80, 0x40, 0x18, 0x00, 0x60, 0x80,
  0x0C, 0x00, 0x44, 0x00, 0x81, 0xDF, 0x80, 0x40, 0x18, 0x00, 0x20, 0x80,
  0x08, 0x00, 0x64, 0x00, 0x00, 0x00, 0x01, 0x80, 0xCC, 0x00, 0x21, 0x80,
  0x04, 0x00, 0x6E, 0x00, 0x00, 0x00, 0x01, 0xC7, 0xE4, 0x00, 0x21, 0x80,
  0x04, 0x00, 0x4C, 0x00, 0x00, 0x00, 0x09, 0xCE, 0x37, 0x00, 0x18, 0xC0,
  0x04, 0x00, 0xC4, 0x40, 0x04, 0x00, 0x0E, 0x78, 0x0D, 0xC0, 0x11, 0x80,
  0x04, 0x01, 0x8C, 0xE8, 0x1F, 0xE1, 0x3E, 0x18, 0x0F, 0xE0, 0x13, 0x00,
  0x04, 0x01, 0x8F, 0xFC, 0x30, 0x7F, 0xF0, 0x0C, 0x00, 0xF8, 0x22, 0x00,
  0x04, 0x03, 0x0F, 0x02, 0x30, 0x0F, 0x40, 0x0C, 0x00, 0x5F, 0xFC, 0x00,
  0x03, 0x03, 0x06, 0x03, 0x60, 0x00, 0x00, 0x06, 0x00, 0x46, 0xFC, 0x00,
  0x04, 0xC4, 0x04, 0x01, 0xC0, 0x00, 0x00, 0x06, 0x00, 0x40, 0x00, 0x00,
  0x07, 0xFC, 0x0C, 0x01, 0x80, 0x00, 0x00, 0x02, 0x00, 0x40, 0x00, 0x00,
  0x02, 0xF0, 0x08, 0x01, 0x80, 0x00, 0x00, 0x03, 0x00, 0x60, 0x00, 0x00,
  0x00, 0x00, 0x0A, 0x03, 0x80, 0x00, 0x00, 0x01, 0x80, 0xC0, 0x00, 0x00,
  0x00, 0x00, 0x0A, 0x07, 0x80, 0x40, 0x40, 0x00, 0x80, 0x40, 0x00, 0x00,
  0x00, 0x00, 0x0B, 0x67, 0x6C, 0xC1, 0x80, 0x00, 0x80, 0x60, 0x00, 0x00,
  0x00, 0x00, 0x07, 0xF4, 0x3F, 0xDF, 0x00, 0x00, 0x80, 0x40, 0x00, 0x00,
  0x00, 0x00, 0x01, 0xF8, 0x10, 0x66, 0x00, 0x00, 0x80, 0xC0, 0x00, 0x00,
  0x00, 0x00, 0x03, 0x60, 0x00, 0x06, 0x00, 0x00, 0x80, 0x80, 0x00, 0x00,
  0x00, 0x00, 0x02, 0x20, 0x00, 0x04, 0x00, 0x01, 0x87, 0x80, 0x00, 0x00,
  0x00, 0x00, 0x02, 0x30, 0x00, 0x04, 0x00, 0x00, 0xC7, 0x00, 0x00, 0x00,
  0x00, 0x00, 0x06, 0x10, 0x00, 0x06, 0x00, 0x00, 0xFC, 0x00, 0x00, 0x00,
  0x00, 0x00, 0x06, 0x00, 0x00, 0x02, 0x00, 0x01, 0xB8, 0x00, 0x00, 0x00,
  0x00, 0x00, 0x03, 0x00, 0x00, 0x02, 0x00, 0x01, 0x80, 0x00, 0x00, 0x00,
  0x00, 0x00, 0x01, 0x00, 0x00, 0x03, 0x00, 0x03, 0x00, 0x00, 0x00, 0x00,
  0x00, 0x00, 0x01, 0x80, 0x00, 0x07, 0xD0, 0x06, 0x00, 0x00, 0x00, 0x00,
  0x00, 0x00, 0x03, 0xC3, 0x00, 0x0E, 0x60, 0x1C, 0x00, 0x00, 0x00, 0x00,
  0x00, 0x00, 0x06, 0x21, 0x80, 0x08, 0x00, 0x3C, 0x00, 0x00, 0x00, 0x00,
  0x00, 0x00, 0x0C, 0x00, 0xE7, 0xF0, 0x00, 0x10, 0x00, 0x00, 0x00, 0x00,
  0x00, 0x00, 0x18, 0x00, 0x1F, 0xFA, 0x00, 0xE0, 0x00, 0x00, 0x00, 0x00,
  0x00, 0x00, 0x0C, 0x40, 0x78, 0x1A, 0x2F, 0xC0, 0x00, 0x00, 0x00, 0x00,
  0x00, 0x00, 0x0E, 0x43, 0xE0, 0x0F, 0x6E, 0x00, 0x00, 0x00, 0x00, 0x00,
  0x00, 0x00, 0x07, 0xFE, 0x00, 0x03, 0xF0, 0x00, 0x00, 0x00, 0x00, 0x00,
  0x00, 0x00, 0x07, 0xFC, 0x00, 0x00, 0x00, 0x00, 0x00, 0x00, 0x00, 0x00,
  0x00, 0x00, 0x00, 0x00, 0x00, 0x00, 0x00, 0x00, 0x00, 0x00, 0x00, 0x00,
};

const uint8_t BUNNY_HAPPY_BITMAP[] PROGMEM = {
  0x00, 0x00, 0x00, 0x00, 0x00, 0x00, 0x00, 0x00, 0x00, 0x00, 0x00, 0x00,
  0x00, 0x00, 0x00, 0x00, 0x00, 0x00, 0x00, 0x00, 0x00, 0x00, 0x00, 0x00,
  0x00, 0x00, 0x00, 0x00, 0x00, 0x00, 0x00, 0x00, 0x00, 0x00, 0x00, 0x00,
  0x00, 0x00, 0x00, 0x00, 0x00, 0x00, 0x00, 0x00, 0x00, 0x00, 0x00, 0x00,
  0x00, 0x00, 0x00, 0x00, 0x00, 0x00, 0x00, 0x00, 0x00, 0x00, 0x00, 0x00,
  0x00, 0x00, 0x00, 0x00, 0x00, 0x00, 0x00, 0x00, 0x00, 0x00, 0x00, 0x00,
  0x00, 0x00, 0x00, 0x00, 0x00, 0x00, 0x00, 0x00, 0x00, 0x00, 0x00, 0x00,
  0x00, 0x00, 0x00, 0x00, 0x00, 0x00, 0x00, 0x00, 0x00, 0x00, 0x00, 0x00,
  0x00, 0x00, 0x00, 0x00, 0x00, 0x00, 0x00, 0x00, 0x00, 0x00, 0x00, 0x00,
  0x00, 0x00, 0x00, 0x00, 0x60, 0x00, 0x00, 0x00, 0x00, 0x00, 0x00, 0x00,
  0x00, 0x00, 0x00, 0x03, 0xFC, 0x00, 0x00, 0x00, 0x00, 0x00, 0x00, 0x00,
  0x00, 0x00, 0x00, 0x0F, 0x0E, 0x00, 0x00, 0x00, 0x00, 0x00, 0x00, 0x00,
  0x00, 0x00, 0x00, 0x1C, 0x03, 0x00, 0x00, 0x00, 0x00, 0x00, 0x00, 0x00,
  0x00, 0x00, 0x00, 0x70, 0x01, 0x80, 0x00, 0x00, 0x00, 0x00, 0x00, 0x00,
  0x00, 0x00, 0x00, 0xE0, 0x01, 0xFF, 0xC0, 0x00, 0x00, 0x00, 0x00, 0x00,
  0x00, 0x00, 0x01, 0xC0, 0x00, 0xE3, 0xF8, 0x00, 0x00, 0x00, 0x00, 0x00,
  0x00, 0x00, 0x03, 0x80, 0x40, 0x00, 0x1E, 0x00, 0x00, 0x00, 0x00, 0x00,
  0x00, 0x00, 0x03, 0x01, 0xC0, 0x00, 0x03, 0x80, 0x00, 0x00, 0x00, 0x00,
  0x00, 0x00, 0x06, 0x07, 0x00, 0x00, 0x00, 0xE1, 0x80, 0x00, 0x00, 0x00,
  0x00, 0x00, 0x0C, 0x0C, 0x00, 0x00, 0x00, 0x7F, 0xF0, 0x00, 0x00, 0x00,
  0x00, 0x00, 0x18, 0x38, 0x00, 0x04, 0x00, 0x1C, 0x38, 0x00, 0x00, 0x00,
  0x00, 0x00, 0x18, 0x70, 0x00, 0x0C, 0x00, 0x00, 0x0C, 0x00, 0x00, 0x00,
  0x00, 0x00, 0x30, 0x60, 0x00, 0x36, 0x00, 0x00, 0x06, 0x00, 0x00, 0x00,
  0x00, 0x00, 0x60, 0xC0, 0x00, 0x26, 0x00, 0x00, 0x03, 0x00, 0x00, 0x00,
  0x00, 0x00, 0x61, 0x80, 0x0F, 0xC2, 0x00, 0x00, 0x01, 0x80, 0x00, 0x00,
  0x00, 0x00, 0xC3, 0x00, 0x08, 0x03, 0x00, 0x00, 0x01, 0x80, 0x00, 0x00,
  0x00, 0x01, 0x83, 0x00, 0x0C, 0x01, 0x80, 0x00, 0x00, 0xC0, 0x00, 0x00,
  0x00, 0x01, 0x86, 0x00, 0x06, 0x00, 0x60, 0x02, 0x00, 0x60, 0x00, 0x00,
  0x00, 0x03, 0x06, 0x00, 0x02, 0x00, 0x60, 0x01, 0x00, 0x60, 0x00, 0x00,
  0x00, 0x06, 0x0C, 0x00, 0x02, 0x01, 0xC0, 0x01, 0x00, 0x30, 0x00, 0x00,
  0x00, 0x06, 0x0C, 0x00, 0x06, 0x03, 0x00, 0x01, 0x80, 0x30, 0x00, 0x00,
  0x00, 0x0C, 0x08, 0x00, 0x04, 0x42, 0x00, 0x01, 0x80, 0x18, 0x00, 0x00,
  0x00, 0x18, 0x18, 0x00, 0x07, 0xE6, 0x00, 0x00, 0x80, 0x18, 0x00, 0x00,
  0x00, 0x18, 0x18, 0x00, 0x06, 0x16, 0x00, 0x00, 0xC0, 0x0C, 0x00, 0x00,
  0x00, 0x30, 0x10, 0x7C, 0x00, 0x0C, 0x00, 0x00, 0xC0, 0x0C, 0x00, 0x00,
  0x00, 0x60, 0x31, 0xFE, 0x00, 0x04, 0x00, 0x00, 0xC0, 0x04, 0x00, 0x00,
  0x00, 0x60, 0x73, 0xBF, 0x00, 0x00, 0x00, 0x00, 0xE0, 0x06, 0x00, 0x00,
  0x00, 0xC0, 0x73, 0x63, 0x00, 0x00, 0x00, 0x00, 0xA0, 0x02, 0x00, 0x00,
  0x01, 0x80, 0xB6, 0xE3, 0x00, 0x00, 0x00, 0x00, 0xA0, 0x03, 0x00, 0x00,
  0x01, 0x81, 0xA4, 0xE3, 0x80, 0x00, 0x00, 0x00, 0xB0, 0x03, 0x00, 0x00,
  0x03, 0x03, 0x65, 0xE7, 0x80, 0x00, 0x3C, 0x00, 0x90, 0x01, 0x80, 0x00,
  0x03, 0x02, 0x45, 0xFF, 0x80, 0xF8, 0xFC, 0xF8, 0x90, 0x01, 0x80, 0x00,
  0x06, 0x04, 0xC1, 0xFF, 0x01, 0x05, 0x8D, 0x04, 0x98, 0x00, 0xC0, 0x00,
  0x06, 0x0C, 0x81, 0xFF, 0x02, 0x03, 0x0E, 0x02, 0x88, 0x00, 0xC0, 0x00,
  0x04, 0x08, 0x81, 0xBF, 0x00, 0x01, 0x0C, 0x00, 0x8C, 0x00, 0x40, 0x00,
  0x04, 0x18, 0x81, 0x9E, 0x00, 0x01, 0x8C, 0x00, 0x84, 0x00, 0x60, 0x00,
  0x00, 0x10, 0x80, 0xFE, 0x1C, 0x01, 0xFC, 0x00, 0x84, 0x00, 0x20, 0x00,
  0x00, 0x20, 0xC0, 0xF8, 0x0C, 0x01, 0xFC, 0x00, 0x86, 0x00, 0x30, 0x00,
  0x00, 0x60, 0xC0, 0x00, 0x00, 0x07, 0xFF, 0x60, 0x82, 0x00, 0x30, 0x00,
  0x00, 0x40, 0x40, 0x00, 0xD8, 0x07, 0xFF, 0x40, 0x83, 0x00, 0x18, 0x00,
  0x00, 0xC0, 0x60, 0x00, 0x7D, 0x06, 0x7E, 0x40, 0x81, 0x00, 0x18, 0x00,
  0x00, 0x80, 0x30, 0x00, 0x77, 0x00, 0x00, 0x80, 0xC0, 0x80, 0x0C, 0x00,
  0x00, 0x80, 0x18, 0x00, 0x62, 0x00, 0x00, 0x00, 0xC0, 0xC0, 0x0C, 0x00,
  0x01, 0x00, 0x0C, 0x00, 0x46, 0x00, 0x00, 0x01, 0xC0, 0x40, 0x06, 0x00,
  0x01, 0x00, 0x0E, 0x00, 0x64, 0x00, 0x00, 0x01, 0xC0, 0x20, 0x06, 0x00,
  0x01, 0x00, 0x0B, 0x00, 0x38, 0x00, 0x00, 0x03, 0x40, 0x30, 0x03, 0x00,
  0x03, 0x00, 0x19, 0xC0, 0x00, 0x00, 0x00, 0x06, 0x40, 0x18, 0x03, 0x00,
  0x02, 0x00, 0x19, 0xF0, 0x00, 0x07, 0x07, 0x0E, 0x60, 0x08, 0x01, 0x00,
  0x02, 0x00, 0x13, 0x1C, 0x00, 0x03, 0x8E, 0x18, 0x60, 0x04, 0x01, 0x80,
  0x02, 0x00, 0x32, 0x07, 0x80, 0x01, 0xFC, 0x70, 0x20, 0x02, 0x01, 0x80,
  0x02, 0x00, 0x36, 0x00, 0x40, 0x00, 0xF8, 0xE0, 0x30, 0x01, 0x1F, 0x80,
  0x02, 0x00, 0x27, 0x00, 0x00, 0xFF, 0xFF, 0x60, 0x30, 0x01, 0xFF, 0xC0,
  0x02, 0x00, 0x62, 0x00, 0x00, 0x0F, 0xC0, 0x20, 0x18, 0x01, 0xE0, 0xF0,
  0x02, 0x00, 0xC6, 0x20, 0x00, 0x00, 0x00, 0x20, 0x18, 0x03, 0xC0, 0xF8,
  0x01, 0x00, 0xC6, 0x70, 0x00, 0x00, 0x00, 0xE0, 0x0C, 0x03, 0x60, 0x58,
  0x05, 0x83, 0x87, 0xFC, 0x02, 0x00, 0x00, 0xC0, 0x0C, 0x06, 0x20, 0x4C,
  0x06, 0xC7, 0x03, 0x06, 0x1F, 0xF0, 0x04, 0xE3, 0xE6, 0x06, 0x30, 0x4C,
  0x03, 0xFC, 0x06, 0x02, 0x30, 0x70, 0x87, 0x27, 0x72, 0x0C, 0x10, 0x46,
  0x00, 0xF0, 0x0C, 0x03, 0x60, 0x1F, 0xDE, 0x3C, 0x1B, 0x0C, 0x10, 0x46,
  0x00, 0x00, 0x0C, 0x01, 0xC0, 0x0F, 0x70, 0x18, 0x0D, 0x8C, 0x10, 0xC6,
  0x00, 0x00, 0x08, 0x01, 0x80, 0x00, 0x00, 0x0C, 0x0F, 0xCC, 0x18, 0xC6,
  0x00, 0x00, 0x0A, 0x01, 0x80, 0x00, 0x00, 0x0C, 0x01, 0xEC, 0x10, 0xC6,
  0x00, 0x00, 0x0A, 0x03, 0x80, 0x00, 0x00, 0x06, 0x00, 0xFE, 0x11, 0x8C,
  0x00, 0x00, 0x0F, 0x4F, 0x80, 0x00, 0x00, 0x06, 0x00, 0x5E, 0x23, 0x0C,
  0x00, 0x00, 0x07, 0xEE, 0xC0, 0x80, 0x00, 0x02, 0x00, 0x47, 0xFE, 0x18,
  0x00, 0x00, 0x03, 0xF8, 0x79, 0x80, 0x80, 0x03, 0x00, 0x43, 0xFC, 0x38,
  0x00, 0x00, 0x06, 0xC0, 0x3F, 0x83, 0x00, 0x03, 0x00, 0x41, 0xE0, 0xF0,
  0x00, 0x00, 0x04, 0x40, 0x00, 0xFE, 0x00, 0x01, 0x00, 0xC0, 0x7F, 0xC0,
  0x00, 0x00, 0x0C, 0x60, 0x00, 0x0C, 0x00, 0x01, 0x01, 0x80, 0x1F, 0x00,
  0x00, 0x00, 0x0C, 0x20, 0x00, 0x0C, 0x00, 0x01, 0x00, 0x80, 0x00, 0x00,
  0x00, 0x00, 0x0C, 0x00, 0x00, 0x08, 0x00, 0x01, 0x00, 0xC0, 0x00, 0x00,
  0x00, 0x00, 0x0C, 0x00, 0x00, 0x08, 0x00, 0x01, 0x00, 0x80, 0x00, 0x00,
  0x00, 0x00, 0x04, 0x00, 0x00, 0x18, 0x00, 0x03, 0x01, 0x80, 0x00, 0x00,
  0x00, 0x00, 0x06, 0x00, 0x00, 0x08, 0x00, 0x03, 0x0F, 0x00, 0x00, 0x00,
  0x00, 0x00, 0x1F, 0x00, 0x00, 0x08, 0x00, 0x03, 0x1E, 0x00, 0x00, 0x00,
  0x00, 0x00, 0x30, 0x8C, 0x00, 0x0C, 0x00, 0x07, 0xF0, 0x00, 0x00, 0x00,
  0x00, 0x00, 0x60, 0x06, 0x00, 0x1F, 0x00, 0x06, 0xE0, 0x00, 0x00, 0x00,
  0x00, 0x00, 0x60, 0x03, 0x80, 0x39, 0xC0, 0x0C, 0x00, 0x00, 0x00, 0x00,
  0x00, 0x00, 0x72, 0x00, 0xFF, 0xE0, 0x00, 0x18, 0x00, 0x00, 0x00, 0x00,
  0x00, 0x00, 0x32, 0x03, 0xFF, 0xC0, 0x00, 0x70, 0x00, 0x00, 0x00, 0x00,
  0x00, 0x00, 0x3F, 0xFF, 0x00, 0xD0, 0x00, 0xE0, 0x00, 0x00, 0x00, 0x00,
  0x00, 0x00, 0x0F, 0xF0, 0x00, 0x51, 0x07, 0x80, 0x00, 0x00, 0x00, 0x00,
  0x00, 0x00, 0x00, 0x00, 0x00, 0x7B, 0x7E, 0x00, 0x00, 0x00, 0x00, 0x00,
  0x00, 0x00, 0x00, 0x00, 0x00, 0x1F, 0xF0, 0x00, 0x00, 0x00, 0x00, 0x00,
  0x00, 0x00, 0x00, 0x00, 0x00, 0x00, 0x00, 0x00, 0x00, 0x00, 0x00, 0x00,
  0x00, 0x00, 0x00, 0x00, 0x00, 0x00, 0x00, 0x00, 0x00, 0x00, 0x00, 0x00,
  0x00, 0x00, 0x00, 0x00, 0x00, 0x00, 0x00, 0x00, 0x00, 0x00, 0x00, 0x00,
  0x00, 0x00, 0x00, 0x00, 0x00, 0x00, 0x00, 0x00, 0x00, 0x00, 0x00, 0x00,
  0x00, 0x00, 0x00, 0x00, 0x00, 0x00, 0x00, 0x00, 0x00, 0x00, 0x00, 0x00,
  0x00, 0x00, 0x00, 0x00, 0x00, 0x00, 0x00, 0x00, 0x00, 0x00, 0x00, 0x00,
};

const uint8_t BUNNY_SLEEP_BITMAP[] PROGMEM = {
  0x00, 0x00, 0x00, 0x00, 0x00, 0x00, 0x00, 0x00, 0x00, 0x00, 0x00, 0x00,
  0x00, 0x00, 0x00, 0x00, 0x00, 0x00, 0x00, 0x00, 0x00, 0x00, 0x00, 0x00,
  0x00, 0x00, 0x00, 0x00, 0x00, 0x00, 0x00, 0x00, 0x00, 0x00, 0x00, 0x00,
  0x00, 0x00, 0x00, 0x00, 0x00, 0x00, 0x00, 0x00, 0x00, 0x00, 0x00, 0x00,
  0x00, 0x00, 0x00, 0x00, 0x00, 0x00, 0x00, 0x00, 0x00, 0x00, 0x00, 0x00,
  0x00, 0x00, 0x00, 0x00, 0x00, 0x00, 0x00, 0x00, 0x00, 0x00, 0x00, 0x00,
  0x00, 0x00, 0x00, 0x00, 0x00, 0x00, 0x00, 0x00, 0x00, 0x00, 0x00, 0x00,
  0x00, 0x00, 0x00, 0x00, 0x00, 0x00, 0x00, 0x00, 0x00, 0x00, 0x00, 0x00,
  0x00, 0x00, 0x00, 0x00, 0x00, 0x00, 0x00, 0x00, 0x00, 0x00, 0x00, 0x00,
  0x00, 0x00, 0x00, 0x00, 0x60, 0x00, 0x00, 0x00, 0x00, 0x00, 0x00, 0x00,
  0x00, 0x00, 0x00, 0x03, 0xFC, 0x00, 0x00, 0x00, 0x00, 0x00, 0x00, 0x00,
  0x00, 0x00, 0x00, 0x0F, 0x0E, 0x00, 0x00, 0x00, 0x00, 0x00, 0x00, 0x00,
  0x00, 0x00, 0x00, 0x1C, 0x03, 0x00, 0x00, 0x00, 0x00, 0x00, 0x00, 0x00,
  0x00, 0x00, 0x00, 0x70, 0x01, 0x80, 0x00, 0x00, 0x00, 0x00, 0x00, 0x00,
  0x00, 0x00, 0x00, 0xE0, 0x01, 0xFF, 0xC0, 0x00, 0x00, 0x00, 0x00, 0x00,
  0x00, 0x00, 0x01, 0xC0, 0x00, 0xE3, 0xF8, 0x00, 0x00, 0x00, 0x00, 0x00,
  0x00, 0x00, 0x03, 0x80, 0x40, 0x00, 0x1E, 0x00, 0x00, 0x00, 0x00, 0x00,
  0x00, 0x00, 0x03, 0x01, 0xC0, 0x00, 0x03, 0x80, 0x00, 0x00, 0x00, 0x00,
  0x00, 0x00, 0x06, 0x07, 0x00, 0x00, 0x00, 0xE1, 0x80, 0x00, 0x00, 0x00,
  0x00, 0x00, 0x0C, 0x0C, 0x00, 0x00, 0x00, 0x7F, 0xF0, 0x00, 0x00, 0x00,
  0x00, 0x00, 0x18, 0x38, 0x00, 0x04, 0x00, 0x1C, 0x38, 0x00, 0x00, 0x00,
  0x00, 0x00, 0x18, 0x70, 0x00, 0x0C, 0x00, 0x00, 0x0C, 0x00, 0x00, 0x00,
  0x00, 0x00, 0x30, 0x60, 0x00, 0x36, 0x00, 0x00, 0x06, 0x00, 0x00, 0x00,
  0x00, 0x00, 0x60, 0xC0, 0x00, 0x26, 0x00, 0x00, 0x03, 0x00, 0x00, 0x00,
  0x00, 0x00, 0x61, 0x80, 0x0F, 0xC2, 0x00, 0x00, 0x01, 0x80, 0x00, 0x00,
  0x00, 0x00, 0xC3, 0x00, 0x08, 0x03, 0x00, 0x00, 0x01, 0x80, 0x00, 0x00,
  0x00, 0x01, 0x83, 0x00, 0x0C, 0x01, 0x80, 0x00, 0x00, 0xC0, 0x00, 0x00,
  0x00, 0x01, 0x86, 0x00, 0x06, 0x00, 0x60, 0x02, 0x00, 0x60, 0x00, 0x00,
  0x00, 0x03, 0x06, 0x00, 0x02, 0x00, 0x60, 0x01, 0x00, 0x60, 0x00, 0x00,
  0x00, 0x06, 0x0C, 0x00, 0x02, 0x01, 0xC0, 0x01, 0x00, 0x30, 0x00, 0x00,
  0x00, 0x06, 0x0C, 0x00, 0x06, 0x03, 0x00, 0x01, 0x80, 0x30, 0x00, 0x00,
  0x00, 0x0C, 0x08, 0x00, 0x04, 0x42, 0x00, 0x01, 0x80, 0x18, 0x00, 0x00,
  0x00, 0x18, 0x18, 0x00, 0x07, 0xE6, 0x00, 0x00, 0x80, 0x18, 0x00, 0x00,
  0x00, 0x18, 0x18, 0x00, 0x06, 0x16, 0x00, 0x00, 0xC0, 0x0C, 0x00, 0x00,
  0x00, 0x30, 0x10, 0x7C, 0x00, 0x0C, 0x00, 0x00, 0xC0, 0x0C, 0x00, 0x00,
  0x00, 0x60, 0x31, 0xFE, 0x00, 0x04, 0x00, 0x00, 0xC0, 0x04, 0x00, 0x00,
  0x00, 0x60, 0x73, 0xBF, 0x00, 0x00, 0x00, 0x00, 0xE0, 0x06, 0x00, 0x00,
  0x00, 0xC0, 0x73, 0x63, 0x00, 0x00, 0x00, 0x00, 0xA0, 0x02, 0x00, 0x00,
  0x01, 0x80, 0xB6, 0xE3, 0x00, 0x00, 0x00, 0x00, 0xA0, 0x03, 0x00, 0x00,
  0x01, 0x81, 0xA4, 0xE3, 0x80, 0x00, 0x00, 0x00, 0xB0, 0x03, 0x00, 0x00,
  0x03, 0x03, 0x65, 0xE7, 0x80, 0x00, 0x3C, 0x00, 0x90, 0x01, 0x80, 0x00,
  0x03, 0x02, 0x45, 0xFF, 0x80, 0xF8, 0xFC, 0xF8, 0x90, 0x01, 0x80, 0x00,
  0x06, 0x04, 0xC1, 0xFF, 0x01, 0x05, 0x8D, 0x04, 0x98, 0x00, 0xC0, 0x00,
  0x06, 0x0C, 0x81, 0xFF, 0x02, 0x03, 0x0E, 0x02, 0x88, 0x00, 0xC0, 0x00,
  0x04, 0x08, 0x81, 0xBF, 0x00, 0x01, 0x0C, 0x00, 0x8C, 0x00, 0x40, 0x00,
  0x04, 0x18, 0x81, 0x9E, 0x00, 0x01, 0x8C, 0x00, 0x84, 0x00, 0x60, 0x00,
  0x00, 0x10, 0x80, 0xFE, 0x1C, 0x01, 0xFC, 0x00, 0x84, 0x00, 0x20, 0x00,
  0x00, 0x20, 0xC0, 0xF8, 0x0C, 0x01, 0xFC, 0x00, 0x86, 0x00, 0x30, 0x00,
  0x00, 0x60, 0xC0, 0x00, 0x00, 0x07, 0xFF, 0x60, 0x82, 0x00, 0x30, 0x00,
  0x00, 0x40, 0x40, 0x00, 0xD8, 0x07, 0xFF, 0x40, 0x83, 0x00, 0x18, 0x00,
  0x00, 0xC0, 0x60, 0x00, 0x7D, 0x06, 0x7E, 0x40, 0x81, 0x00, 0x18, 0x00,
  0x00, 0x80, 0x30, 0x00, 0x77, 0x00, 0x00, 0x80, 0xC0, 0x80, 0x0C, 0x00,
  0x00, 0x80, 0x18, 0x00, 0x62, 0x00, 0x00, 0x00, 0xC0, 0xC0, 0x0C, 0x00,
  0x01, 0x00, 0x0C, 0x00, 0x46, 0x00, 0x70, 0x01, 0xC0, 0x40, 0x06, 0x00,
  0x01, 0x00, 0x0E, 0x00, 0x64, 0x00, 0xF8, 0x01, 0xC0, 0x20, 0x06, 0x00,
  0x01, 0x00, 0x0B, 0x00, 0x38, 0x01, 0x8C, 0x03, 0x40, 0x30, 0x03, 0x00,
  0x03, 0x00, 0x19, 0xC0, 0x00, 0x01, 0x8C, 0x06, 0x40, 0x18, 0x03, 0x00,
  0x02, 0x00, 0x19, 0xF0, 0x00, 0x01, 0x8C, 0x0E, 0x60, 0x08, 0x01, 0x00,
  0x02, 0x00, 0x13, 0x1C, 0x00, 0x00, 0xF8, 0x18, 0x60, 0x04, 0x01, 0x80,
  0x02, 0x00, 0x32, 0x07, 0x80, 0x00, 0x70, 0x70, 0x20, 0x02, 0x01, 0x80,
  0x02, 0x00, 0x36, 0x00, 0x40, 0x00, 0x00, 0xE0, 0x30, 0x01, 0x00, 0x80,
  0x02, 0x00, 0x27, 0x00, 0x00, 0xFF, 0xFF, 0x60, 0x30, 0x01, 0x80, 0xC0,
  0x02, 0x00, 0x62, 0x00, 0x00, 0x0F, 0xC0, 0x20, 0x18, 0x00, 0x80, 0xC0,
  0x02, 0x00, 0xC6, 0x20, 0x00, 0x00, 0x00, 0x20, 0x18, 0x00, 0x40, 0xC0,
  0x01, 0x00, 0xC6, 0x70, 0x00, 0x00, 0x00, 0xE0, 0x0C, 0x00, 0x60, 0x40,
  0x05, 0x83, 0x87, 0xFC, 0x02, 0x00, 0x00, 0xC0, 0x0C, 0x00, 0x20, 0x40,
  0x06, 0xC7, 0x03, 0x06, 0x1F, 0xF0, 0x04, 0xE3, 0xE6, 0x00, 0x30, 0x40,
  0x03, 0xFC, 0x06, 0x02, 0x30, 0x70, 0x87, 0x27, 0x72, 0x00, 0x10, 0x40,
  0x00, 0xF0, 0x0C, 0x03, 0x60, 0x1F, 0xDE, 0x3C, 0x1B, 0x00, 0x10, 0x40,
  0x00, 0x00, 0x0C, 0x01, 0xC0, 0x0F, 0x70, 0x18, 0x0D, 0x80, 0x10, 0xC0,
  0x00, 0x00, 0x08, 0x01, 0x80, 0x00, 0x00, 0x0C, 0x0F, 0xC0, 0x18, 0xC0,
  0x00, 0x00, 0x0A, 0x01, 0x80, 0x00, 0x00, 0x0C, 0x01, 0xE0, 0x10, 0xC0,
  0x00, 0x00, 0x0A, 0x03, 0x80, 0x00, 0x00, 0x06, 0x00, 0xF8, 0x11, 0x80,
  0x00, 0x00, 0x0F, 0x4F, 0x80, 0x00, 0x00, 0x06, 0x00, 0x5E, 0x23, 0x00,
  0x00, 0x00, 0x07, 0xEE, 0xC0, 0x80, 0x00, 0x02, 0x00, 0x47, 0xFE, 0x00,
  0x00, 0x00, 0x03, 0xF8, 0x79, 0x80, 0x80, 0x03, 0x00, 0x40, 0xFC, 0x00,
  0x00, 0x00, 0x06, 0xC0, 0x3F, 0x83, 0x00, 0x03, 0x00, 0x40, 0x00, 0x00,
  0x00, 0x00, 0x04, 0x40, 0x00, 0xFE, 0x00, 0x01, 0x00, 0xC0, 0x00, 0x00,
  0x00, 0x00, 0x0C, 0x60, 0x00, 0x0C, 0x00, 0x01, 0x01, 0x80, 0x00, 0x00,
  0x00, 0x00, 0x0C, 0x20, 0x00, 0x0C, 0x00, 0x01, 0x00, 0x80, 0x00, 0x00,
  0x00, 0x00, 0x0C, 0x00, 0x00, 0x08, 0x00, 0x01, 0x00, 0xC0, 0x00, 0x00,
  0x00, 0x00, 0x0C, 0x00, 0x00, 0x08, 0x00, 0x01, 0x00, 0x80, 0x00, 0x00,
  0x00, 0x00, 0x04, 0x00, 0x00, 0x18, 0x00, 0x03, 0x01, 0x80, 0x00, 0x00,
  0x00, 0x00, 0x06, 0x00, 0x00, 0x08, 0x00, 0x03, 0x0F, 0x00, 0x00, 0x00,
  0x00, 0x00, 0x1F, 0x00, 0x00, 0x08, 0x00, 0x03, 0x1E, 0x00, 0x00, 0x00,
  0x00, 0x00, 0x30, 0x8C, 0x00, 0x0C, 0x00, 0x07, 0xF0, 0x00, 0x00, 0x00,
  0x00, 0x00, 0x60, 0x06, 0x00, 0x1F, 0x00, 0x06, 0xE0, 0x00, 0x00, 0x00,
  0x00, 0x00, 0x60, 0x03, 0x80, 0x39, 0xC0, 0x0C, 0x00, 0x00, 0x00, 0x00,
  0x00, 0x00, 0x72, 0x00, 0xFF, 0xE0, 0x00, 0x18, 0x00, 0x00, 0x00, 0x00,
  0x00, 0x00, 0x32, 0x03, 0xFF, 0xC0, 0x00, 0x70, 0x00, 0x00, 0x00, 0x00,
  0x00, 0x00, 0x3F, 0xFF, 0x00, 0xD0, 0x00, 0xE0, 0x00, 0x00, 0x00, 0x00,
  0x00, 0x00, 0x0F, 0xF0, 0x00, 0x51, 0x07, 0x80, 0x00, 0x00, 0x00, 0x00,
  0x00, 0x00, 0x00, 0x00, 0x00, 0x7B, 0x7E, 0x00, 0x00, 0x00, 0x00, 0x00,
  0x00, 0x00, 0x00, 0x00, 0x00, 0x1F, 0xF0, 0x00, 0x00, 0x00, 0x00, 0x00,
  0x00, 0x00, 0x00, 0x00, 0x00, 0x00, 0x00, 0x00, 0x00, 0x00, 0x00, 0x00,
  0x00, 0x00, 0x00, 0x00, 0x00, 0x00, 0x00, 0x00, 0x00, 0x00, 0x00, 0x00,
  0x00, 0x00, 0x00, 0x00, 0x00, 0x00, 0x00, 0x00, 0x00, 0x00, 0x00, 0x00,
  0x00, 0x00, 0x00, 0x00, 0x00, 0x00, 0x00, 0x00, 0x00, 0x00, 0x00, 0x00,
  0x00, 0x00, 0x00, 0x00, 0x00, 0x00, 0x00, 0x00, 0x00, 0x00, 0x00, 0x00,
  0x00, 0x00, 0x00, 0x00, 0x00, 0x00, 0x00, 0x00, 0x00, 0x00, 0x00, 0x00,
};

const uint8_t PANDA_WIDTH = 96;
const uint8_t PANDA_HEIGHT = 100;
const uint8_t PANDA_BITMAP[] PROGMEM = {
  0x00, 0x00, 0x00, 0x00, 0x00, 0x00, 0x00, 0x00, 0x00, 0x00, 0x00, 0x00,
  0x00, 0x00, 0x00, 0x00, 0x00, 0x00, 0x00, 0x00, 0x00, 0x00, 0x00, 0x00,
  0x00, 0x00, 0x00, 0x00, 0x00, 0x00, 0x00, 0x00, 0x00, 0x00, 0x00, 0x00,
  0x00, 0x00, 0x00, 0x00, 0x00, 0x00, 0x00, 0x00, 0x00, 0x00, 0x00, 0x00,
  0x00, 0x00, 0x00, 0x00, 0x00, 0x00, 0x00, 0x00, 0x00, 0x00, 0x00, 0x00,
  0x00, 0x00, 0x00, 0x00, 0x00, 0x00, 0x00, 0x00, 0x00, 0x00, 0x00, 0x00,
  0x00, 0x00, 0x00, 0x00, 0x00, 0x00, 0x00, 0x00, 0x00, 0x00, 0x00, 0x00,
  0x00, 0x00, 0x00, 0x00, 0x00, 0x00, 0x00, 0x00, 0x00, 0x00, 0x00, 0x00,
  0x00, 0x00, 0x00, 0x00, 0x00, 0x00, 0x00, 0x00, 0x00, 0x00, 0x00, 0x00,
  0x00, 0x00, 0x00, 0x00, 0x00, 0x00, 0x00, 0x00, 0x00, 0x00, 0x00, 0x00,
  0x00, 0x00, 0x00, 0x00, 0x00, 0x00, 0x00, 0x00, 0x00, 0x00, 0x00, 0x00,
  0x00, 0x00, 0x00, 0x00, 0x00, 0x00, 0x00, 0x00, 0x00, 0x00, 0x00, 0x00,
  0x00, 0x00, 0x00, 0x00, 0x00, 0x00, 0x00, 0x00, 0x00, 0x00, 0x00, 0x00,
  0x00, 0x00, 0x00, 0x00, 0x00, 0x00, 0x00, 0x00, 0x00, 0x00, 0x00, 0x00,
  0x00, 0x00, 0x00, 0x00, 0x00, 0x00, 0x00, 0x00, 0x00, 0x00, 0x00, 0x00,
  0x00, 0x00, 0x00, 0x00, 0x00, 0x00, 0x00, 0x00, 0x00, 0x00, 0x00, 0x00,
  0x00, 0x00, 0x00, 0x00, 0x00, 0x00, 0x00, 0x00, 0x00, 0x00, 0x00, 0x00,
  0x00, 0x00, 0x00, 0x00, 0x00, 0x00, 0x00, 0x00, 0x00, 0x00, 0x00, 0x00,
  0x00, 0x00, 0x00, 0x0E, 0x00, 0x0F, 0x00, 0x00, 0x00, 0x00, 0x00, 0x00,
  0x00, 0x00, 0x00, 0x7F, 0xC0, 0x19, 0x60, 0x01, 0x80, 0x00, 0x00, 0x00,
  0x00, 0x00, 0x00, 0xFF, 0xE0, 0x31, 0xF0, 0x0F, 0xF0, 0x00, 0x00, 0x00,
  0x00, 0x00, 0x01, 0xFF, 0xF0, 0xE3, 0x10, 0x1F, 0xFC, 0x00, 0x00, 0x00,
  0x00, 0x00, 0x03, 0xFF, 0xF7, 0xE0, 0x3E, 0x3F, 0xFE, 0x00, 0x00, 0x00,
  0x00, 0x00, 0x03, 0xFF, 0xFC, 0x20, 0x03, 0xFF, 0xFF, 0x00, 0x00, 0x00,
  0x00, 0x00, 0x07, 0xF1, 0xF0, 0x00, 0x00, 0xFF, 0xFF, 0x00, 0x00, 0x00,
  0x00, 0x00, 0x07, 0xE1, 0xC0, 0x00, 0x00, 0x3E, 0x7F, 0x80, 0x00, 0x00,
  0x00, 0x00, 0x07, 0xC3, 0x00, 0x00, 0x00, 0x0C, 0x3F, 0x80, 0x00, 0x00,
  0x00, 0x00, 0x07, 0xC6, 0x00, 0x00, 0x00, 0x06, 0x1F, 0x80, 0x00, 0x00,
  0x00, 0x00, 0x07, 0xCC, 0x00, 0x00, 0x00, 0x03, 0x1F, 0x80, 0x00, 0x00,
  0x00, 0x00, 0x07, 0xD8, 0x00, 0x00, 0x00, 0x01, 0x8F, 0x80, 0x00, 0x00,
  0x00, 0x00, 0x07, 0xF0, 0x00, 0x00, 0x00, 0x00, 0xDF, 0x80, 0x00, 0x00,
  0x00, 0x00, 0x03, 0xE0, 0x00, 0x00, 0x00, 0x00, 0x7F, 0x80, 0x00, 0x00,
  0x00, 0x00, 0x01, 0xE0, 0x00, 0x00, 0x00, 0x00, 0x7F, 0x00, 0x00, 0x00,
  0x00, 0x00, 0x00, 0xC0, 0x20, 0x00, 0x00, 0x00, 0x3E, 0x00, 0x00, 0x00,
  0x00, 0x00, 0x00, 0x80, 0x70, 0x00, 0x0E, 0x00, 0x3E, 0x00, 0x00, 0x00,
  0x00, 0x00, 0x01, 0x80, 0x00, 0x00, 0x00, 0x00, 0x18, 0x00, 0x00, 0x00,
  0x00, 0x00, 0x01, 0x80, 0x00, 0x00, 0x00, 0x00, 0x18, 0x00, 0x00, 0x00,
  0x00, 0x00, 0x01, 0x01, 0xF8, 0x00, 0x1F, 0x80, 0x18, 0x00, 0x00, 0x00,
  0x00, 0x00, 0x01, 0x07, 0xFC, 0x00, 0x3F, 0xC0, 0x08, 0x00, 0x00, 0x00,
  0x00, 0x00, 0x03, 0x0F, 0xFC, 0x00, 0x7F, 0xF0, 0x0C, 0x00, 0x00, 0x00,
  0x00, 0x00, 0x03, 0x0F, 0xFE, 0x00, 0xFF, 0xF0, 0x0C, 0x00, 0x00, 0x00,
  0x00, 0x00, 0x02, 0x1F, 0x8E, 0x00, 0xF3, 0xF8, 0x0C, 0x00, 0x00, 0x00,
  0x00, 0x00, 0x02, 0x1F, 0x8E, 0x00, 0xE3, 0xFC, 0x0C, 0x00, 0x00, 0x00,
  0x00, 0x00, 0x02, 0x3D, 0xDE, 0x00, 0xE3, 0xFC, 0x04, 0x00, 0x00, 0x00,
  0x00, 0x00, 0x02, 0x3D, 0xFC, 0x00, 0xFF, 0xFC, 0x04, 0x00, 0x00, 0x00,
  0x00, 0x00, 0x02, 0x3D, 0xFC, 0x60, 0xFF, 0xBC, 0x0C, 0x00, 0x00, 0x00,
  0x00, 0x00, 0x06, 0x3D, 0xFC, 0xF8, 0xFF, 0xBE, 0x0C, 0x00, 0x00, 0x00,
  0x00, 0x00, 0x04, 0x3E, 0xF8, 0xF0, 0x7B, 0x7C, 0x0C, 0x00, 0x00, 0x00,
  0x00, 0x00, 0x06, 0x3F, 0xF0, 0x60, 0x7F, 0xFC, 0x04, 0x00, 0x00, 0x00,
  0x00, 0x00, 0x06, 0x1F, 0xE2, 0x62, 0x3F, 0xFC, 0x04, 0x00, 0x00, 0x00,
  0x00, 0x00, 0x02, 0x0F, 0xC1, 0xFC, 0x1F, 0xF8, 0x0C, 0x00, 0x00, 0x00,
  0x00, 0x00, 0x02, 0x00, 0x00, 0xFC, 0x07, 0xF0, 0x1C, 0x00, 0x00, 0x00,
  0x00, 0x00, 0x03, 0x80, 0x00, 0xCC, 0x00, 0x00, 0x18, 0x00, 0x00, 0x00,
  0x00, 0x00, 0x01, 0x80, 0x00, 0x48, 0x00, 0x00, 0x10, 0x00, 0x00, 0x00,
  0x00, 0x00, 0x00, 0x40, 0x00, 0x30, 0x00, 0x00, 0x70, 0x00, 0x00, 0x00,
  0x00, 0x00, 0x00, 0x70, 0x00, 0x00, 0x00, 0x00, 0xC0, 0x00, 0x00, 0x00,
  0x00, 0x00, 0x00, 0x18, 0xF0, 0x00, 0x00, 0x03, 0x80, 0x00, 0x00, 0x00,
  0x00, 0x00, 0x00, 0x0F, 0xDC, 0x00, 0x00, 0x0E, 0x00, 0x00, 0x00, 0x00,
  0x00, 0x00, 0x00, 0x06, 0x06, 0x00, 0x00, 0x7C, 0x00, 0x00, 0x00, 0x00,
  0x00, 0x00, 0x00, 0x0C, 0x03, 0x00, 0x07, 0xEC, 0x00, 0x00, 0x00, 0x00,
  0x00, 0x00, 0x00, 0x18, 0x07, 0xFC, 0x06, 0x06, 0x00, 0x00, 0x00, 0x00,
  0x00, 0x00, 0x00, 0x10, 0x03, 0x00, 0x04, 0x02, 0x00, 0x00, 0x00, 0x00,
  0x00, 0x00, 0x00, 0x30, 0x03, 0x00, 0x04, 0x03, 0x00, 0x00, 0x00, 0x00,
  0x00, 0x00, 0x00, 0x30, 0x02, 0x00, 0x1C, 0x01, 0x80, 0x00, 0x00, 0x00,
  0x00, 0x00, 0x00, 0x30, 0x06, 0x00, 0x10, 0x00, 0x80, 0x00, 0x00, 0x00,
  0x00, 0x00, 0x00, 0x30, 0x04, 0x81, 0xF0, 0x00, 0xC0, 0x00, 0x00, 0x00,
  0x00, 0x00, 0x00, 0x10, 0x0F, 0x8F, 0x40, 0x40, 0x40, 0x00, 0x00, 0x00,
  0x00, 0x00, 0x00, 0x18, 0x08, 0xFE, 0x00, 0x40, 0x40, 0x00, 0x00, 0x00,
  0x00, 0x00, 0x00, 0x0C, 0x30, 0x60, 0x00, 0x60, 0x60, 0x00, 0x00, 0x00,
  0x00, 0x00, 0x00, 0x3F, 0xE0, 0x00, 0x00, 0xC0, 0x60, 0x00, 0x00, 0x00,
  0x00, 0x00, 0x00, 0x61, 0xB0, 0x08, 0x00, 0xFC, 0x20, 0x00, 0x00, 0x00,
  0x00, 0x00, 0x00, 0xC0, 0xD0, 0x08, 0x01, 0x87, 0x20, 0x00, 0x00, 0x00,
  0x00, 0x00, 0x01, 0x9A, 0x68, 0x18, 0x03, 0x01, 0x60, 0x00, 0x00, 0x00,
  0x00, 0x00, 0x01, 0x9B, 0x0C, 0x18, 0x06, 0xD9, 0xE0, 0x00, 0x00, 0x00,
  0x00, 0x00, 0x01, 0xE0, 0x0C, 0x10, 0x04, 0xD8, 0xC0, 0x00, 0x00, 0x00,
  0x00, 0x00, 0x01, 0xE6, 0x0E, 0x10, 0x0C, 0x06, 0xC0, 0x00, 0x00, 0x00,
  0x00, 0x00, 0x00, 0x8F, 0x0F, 0x10, 0x0C, 0x66, 0x80, 0x00, 0x00, 0x00,
  0x00, 0x00, 0x00, 0xDF, 0x0F, 0xB0, 0x0C, 0xF0, 0x80, 0x00, 0x00, 0x00,
  0x00, 0x00, 0x00, 0x4F, 0x1F, 0xE0, 0x0C, 0xF9, 0x80, 0x00, 0x00, 0x00,
  0x00, 0x00, 0x00, 0x66, 0x1F, 0xE4, 0x0C, 0xF3, 0x00, 0x00, 0x00, 0x00,
  0x00, 0x00, 0x00, 0x38, 0x70, 0x1C, 0x9E, 0x06, 0x00, 0x00, 0x00, 0x00,
  0x00, 0x00, 0x00, 0x0F, 0xC0, 0x0F, 0xF3, 0x0C, 0x00, 0x00, 0x00, 0x00,
  0x00, 0x00, 0x00, 0x00, 0x00, 0x03, 0xC1, 0xF8, 0x00, 0x00, 0x00, 0x00,
  0x00, 0x00, 0x00, 0x00, 0x00, 0x00, 0x00, 0x00, 0x00, 0x00, 0x00, 0x00,
  0x00, 0x00, 0x00, 0x00, 0x00, 0x00, 0x00, 0x00, 0x00, 0x00, 0x00, 0x00,
  0x00, 0x00, 0x00, 0x00, 0x00, 0x00, 0x00, 0x00, 0x00, 0x00, 0x00, 0x00,
  0x00, 0x00, 0x00, 0x00, 0x00, 0x00, 0x00, 0x00, 0x00, 0x00, 0x00, 0x00,
  0x00, 0x00, 0x00, 0x00, 0x00, 0x00, 0x00, 0x00, 0x00, 0x00, 0x00, 0x00,
  0x00, 0x00, 0x00, 0x00, 0x00, 0x00, 0x00, 0x00, 0x00, 0x00, 0x00, 0x00,
  0x00, 0x00, 0x00, 0x00, 0x00, 0x00, 0x00, 0x00, 0x00, 0x00, 0x00, 0x00,
  0x00, 0x00, 0x00, 0x00, 0x00, 0x00, 0x00, 0x00, 0x00, 0x00, 0x00, 0x00,
  0x00, 0x00, 0x00, 0x00, 0x00, 0x00, 0x00, 0x00, 0x00, 0x00, 0x00, 0x00,
  0x00, 0x00, 0x00, 0x00, 0x00, 0x00, 0x00, 0x00, 0x00, 0x00, 0x00, 0x00,
  0x00, 0x00, 0x00, 0x00, 0x00, 0x00, 0x00, 0x00, 0x00, 0x00, 0x00, 0x00,
  0x00, 0x00, 0x00, 0x00, 0x00, 0x00, 0x00, 0x00, 0x00, 0x00, 0x00, 0x00,
  0x00, 0x00, 0x00, 0x00, 0x00, 0x00, 0x00, 0x00, 0x00, 0x00, 0x00, 0x00,
  0x00, 0x00, 0x00, 0x00, 0x00, 0x00, 0x00, 0x00, 0x00, 0x00, 0x00, 0x00,
  0x00, 0x00, 0x00, 0x00, 0x00, 0x00, 0x00, 0x00, 0x00, 0x00, 0x00, 0x00,
  0x00, 0x00, 0x00, 0x00, 0x00, 0x00, 0x00, 0x00, 0x00, 0x00, 0x00, 0x00,
  0x00, 0x00, 0x00, 0x00, 0x00, 0x00, 0x00, 0x00, 0x00, 0x00, 0x00, 0x00,
};

const uint8_t DRAGON_WIDTH = 96;
const uint8_t DRAGON_HEIGHT = 100;
const uint8_t DRAGON_BITMAP[] PROGMEM = {
  0x00, 0x00, 0x00, 0x00, 0x00, 0x00, 0x00, 0x00, 0x00, 0x00, 0x00, 0x00,
  0x00, 0x00, 0x00, 0x00, 0x00, 0x00, 0x00, 0x00, 0x00, 0x00, 0x00, 0x00,
  0x00, 0x00, 0x00, 0x00, 0x00, 0x00, 0x00, 0x00, 0x00, 0x00, 0x00, 0x00,
  0x00, 0x00, 0x00, 0x00, 0x00, 0x00, 0x00, 0x00, 0x00, 0x00, 0x00, 0x00,
  0x00, 0x00, 0x00, 0x00, 0x00, 0x00, 0x00, 0x00, 0x00, 0x00, 0x00, 0x00,
  0x00, 0x00, 0x00, 0x00, 0x00, 0x00, 0x00, 0x00, 0x00, 0x00, 0x00, 0x00,
  0x00, 0x00, 0x00, 0x00, 0x00, 0x00, 0x00, 0x00, 0x00, 0x00, 0x00, 0x00,
  0x00, 0x00, 0x00, 0x00, 0x00, 0x00, 0x00, 0x00, 0x00, 0x00, 0x00, 0x00,
  0x00, 0x00, 0x00, 0x00, 0x00, 0x00, 0x00, 0x00, 0x00, 0x00, 0x00, 0x00,
  0x00, 0x00, 0x00, 0x00, 0x00, 0x00, 0x00, 0x00, 0x00, 0x00, 0x00, 0x00,
  0x00, 0x00, 0x00, 0x00, 0x00, 0x00, 0x00, 0x00, 0x00, 0x00, 0x00, 0x00,
  0x00, 0x00, 0x00, 0x00, 0x00, 0x00, 0x00, 0x00, 0x00, 0x00, 0x00, 0x00,
  0x00, 0x00, 0x00, 0x00, 0x00, 0x00, 0x00, 0x00, 0x00, 0x00, 0x00, 0x00,
  0x00, 0x00, 0x00, 0x00, 0x0C, 0x00, 0x00, 0x00, 0x00, 0x00, 0x00, 0x00,
  0x00, 0x00, 0x00, 0x00, 0x1E, 0x00, 0x00, 0x00, 0x00, 0x00, 0x00, 0x00,
  0x00, 0x00, 0x00, 0x00, 0x62, 0x00, 0x00, 0x00, 0x00, 0x00, 0x00, 0x00,
  0x00, 0x00, 0x00, 0x00, 0x66, 0x01, 0xC0, 0x00, 0x00, 0x00, 0x00, 0x00,
  0x00, 0x00, 0x00, 0x00, 0x8C, 0x07, 0x40, 0x1C, 0x00, 0x00, 0x00, 0x00,
  0x00, 0x00, 0x00, 0x01, 0x84, 0x0C, 0x60, 0x24, 0x00, 0x00, 0x00, 0x00,
  0x00, 0x00, 0x00, 0x01, 0x04, 0x18, 0x60, 0x64, 0x00, 0x00, 0x00, 0x00,
  0x00, 0x00, 0x00, 0x03, 0x7C, 0x30, 0x48, 0x44, 0x00, 0x00, 0x00, 0x00,
  0x00, 0x00, 0x00, 0x03, 0x04, 0x60, 0x7D, 0xC4, 0x00, 0x00, 0x00, 0x00,
  0x00, 0x00, 0x00, 0x03, 0x07, 0xC0, 0x47, 0x04, 0x00, 0x00, 0x00, 0x00,
  0x00, 0x00, 0x00, 0x02, 0x0F, 0xC3, 0xEE, 0x0C, 0x00, 0x00, 0x00, 0x00,
  0x00, 0x00, 0x00, 0xE2, 0x38, 0x8C, 0x38, 0x0C, 0x00, 0x00, 0x00, 0x00,
  0x00, 0x00, 0x00, 0xB3, 0xC0, 0xB0, 0x11, 0x08, 0x00, 0x00, 0x00, 0x00,
  0x00, 0x00, 0x01, 0x9B, 0x01, 0xE0, 0x10, 0x98, 0x00, 0x00, 0x00, 0x00,
  0x00, 0x00, 0x01, 0x8E, 0x01, 0x80, 0x10, 0x30, 0x00, 0x00, 0x00, 0x00,
  0x00, 0x00, 0x01, 0x0C, 0x00, 0x00, 0x08, 0x20, 0x00, 0x00, 0x00, 0x00,
  0x00, 0x00, 0x01, 0x98, 0x00, 0x00, 0x06, 0x60, 0x60, 0x00, 0x00, 0x00,
  0x00, 0x00, 0x01, 0x90, 0x00, 0x00, 0x03, 0xA3, 0xE0, 0x00, 0x00, 0x00,
  0x00, 0x00, 0x01, 0xA0, 0x00, 0x00, 0x00, 0x1E, 0x30, 0x00, 0x00, 0x00,
  0x00, 0x00, 0x03, 0xE0, 0x00, 0x00, 0x00, 0x18, 0x20, 0x00, 0x00, 0x00,
  0x00, 0x00, 0x02, 0x40, 0x00, 0x00, 0x00, 0x20, 0x20, 0x00, 0x00, 0x00,
  0x00, 0x00, 0x02, 0x43, 0x00, 0x00, 0x00, 0x40, 0x60, 0x00, 0x00, 0x00,
  0x00, 0x00, 0x01, 0xC0, 0x00, 0x00, 0x00, 0x00, 0x40, 0x00, 0x00, 0x00,
  0x00, 0x00, 0x01, 0x80, 0x00, 0x03, 0x00, 0x00, 0x80, 0x00, 0x00, 0x00,
  0x00, 0x00, 0x00, 0x80, 0x00, 0x00, 0x00, 0x01, 0xE0, 0x00, 0x00, 0x00,
  0x00, 0x00, 0x01, 0x80, 0x00, 0x00, 0x00, 0x00, 0x20, 0x00, 0x00, 0x00,
  0x00, 0x00, 0x01, 0x8F, 0x00, 0x00, 0x00, 0x00, 0x60, 0x00, 0x00, 0x00,
  0x00, 0x00, 0x01, 0x9F, 0x80, 0x03, 0x00, 0x00, 0xC0, 0x00, 0x00, 0x00,
  0x00, 0x00, 0x01, 0xBC, 0x80, 0x0F, 0xC0, 0x03, 0x80, 0x00, 0x00, 0x00,
  0x00, 0x00, 0x03, 0x3C, 0x80, 0x09, 0xE0, 0x0E, 0x00, 0x00, 0x00, 0x00,
  0x00, 0x00, 0x06, 0x3F, 0x80, 0x19, 0xE0, 0x04, 0x00, 0x00, 0x00, 0x00,
  0x00, 0x00, 0x04, 0x3F, 0x80, 0x19, 0xF0, 0x04, 0x00, 0x00, 0x00, 0x00,
  0x00, 0x00, 0x06, 0x9F, 0x80, 0x3F, 0xF0, 0x0C, 0x78, 0x00, 0x00, 0x00,
  0x00, 0x00, 0x03, 0x0F, 0x08, 0x3F, 0xF0, 0x04, 0x8F, 0x00, 0x00, 0x00,
  0x00, 0x00, 0x01, 0x06, 0x00, 0x1E, 0xE0, 0x03, 0x01, 0xC0, 0x00, 0x00,
  0x00, 0x00, 0x03, 0x00, 0x40, 0x1B, 0xA0, 0x03, 0x3C, 0x60, 0x00, 0x00,
  0x00, 0x00, 0x0D, 0x00, 0x00, 0x0F, 0x00, 0x07, 0x70, 0x98, 0x00, 0x00,
  0x00, 0x00, 0x19, 0x80, 0x80, 0x80, 0x00, 0x5F, 0x50, 0x0C, 0x00, 0x00,
  0x00, 0x00, 0x24, 0x80, 0x7F, 0x80, 0x00, 0x72, 0x08, 0x06, 0x00, 0x00,
  0x00, 0x00, 0x40, 0xC0, 0x3F, 0x80, 0x00, 0x46, 0x80, 0x03, 0x00, 0x00,
  0x00, 0x00, 0x80, 0x60, 0x31, 0x00, 0x00, 0x4C, 0x84, 0x1D, 0x00, 0x00,
  0x00, 0x01, 0x80, 0x98, 0x31, 0x00, 0x06, 0xD8, 0x04, 0x7F, 0x00, 0x00,
  0x00, 0x01, 0x78, 0x0E, 0x1E, 0x00, 0x0F, 0xF0, 0x00, 0xC0, 0x00, 0x00,
  0x00, 0x01, 0xCC, 0x07, 0x80, 0x00, 0x79, 0xC1, 0x02, 0x80, 0x00, 0x00,
  0x00, 0x00, 0x06, 0x00, 0xFE, 0x00, 0x8F, 0x01, 0x01, 0x80, 0x00, 0x00,
  0x00, 0x00, 0x02, 0x00, 0x7F, 0x80, 0x0F, 0x80, 0x7D, 0x00, 0x00, 0x00,
  0x00, 0x00, 0x03, 0xF8, 0xD0, 0x00, 0x04, 0x80, 0xC7, 0x00, 0x00, 0x00,
  0x00, 0x00, 0x01, 0x8D, 0xA8, 0x00, 0x06, 0xF9, 0x00, 0xE0, 0x00, 0x00,
  0x00, 0x00, 0x00, 0x07, 0x20, 0x0C, 0x03, 0x86, 0x01, 0xA0, 0x00, 0x00,
  0x00, 0x00, 0x00, 0x06, 0x40, 0x08, 0x01, 0xF0, 0x03, 0x20, 0x00, 0x00,
  0x00, 0x00, 0x00, 0x0C, 0x40, 0x10, 0x01, 0xF8, 0x06, 0x30, 0x00, 0x00,
  0x00, 0x00, 0x00, 0x18, 0x40, 0x20, 0x00, 0xC8, 0x0C, 0x30, 0x00, 0x00,
  0x00, 0x00, 0x00, 0x30, 0x50, 0x40, 0x00, 0x68, 0x08, 0x18, 0x00, 0x00,
  0x00, 0x00, 0x00, 0x20, 0xC7, 0xC0, 0x30, 0x38, 0x08, 0x98, 0x00, 0x00,
  0x00, 0x00, 0x00, 0x20, 0xC0, 0xC0, 0x20, 0x1F, 0x0D, 0x90, 0x00, 0x00,
  0x00, 0x00, 0x00, 0x70, 0xC0, 0xE0, 0xC0, 0x09, 0x86, 0xF0, 0x00, 0x00,
  0x00, 0x00, 0x00, 0x35, 0xC0, 0xF9, 0x8E, 0x05, 0xF2, 0xE0, 0x00, 0x00,
  0x00, 0x00, 0x00, 0x1F, 0x40, 0x5A, 0x30, 0x07, 0xDC, 0x80, 0x00, 0x00,
  0x00, 0x00, 0x00, 0x1A, 0x70, 0x3C, 0x40, 0x01, 0xF8, 0x80, 0x00, 0x00,
  0x00, 0x00, 0x00, 0x10, 0x63, 0x84, 0x80, 0x00, 0x60, 0x80, 0x00, 0x00,
  0x00, 0x00, 0x00, 0x10, 0x20, 0x03, 0x80, 0x00, 0x01, 0x80, 0x00, 0x00,
  0x00, 0x00, 0x00, 0x10, 0x30, 0x01, 0x00, 0x08, 0x01, 0x00, 0x00, 0x00,
  0x00, 0x00, 0x00, 0x18, 0x18, 0x01, 0x00, 0x08, 0x03, 0x00, 0x00, 0x00,
  0x00, 0x00, 0x00, 0x1C, 0x0C, 0x01, 0x00, 0x08, 0x06, 0x00, 0x00, 0x00,
  0x00, 0x00, 0x00, 0x37, 0x06, 0x01, 0x00, 0x18, 0x0C, 0x00, 0x00, 0x00,
  0x00, 0x00, 0x00, 0x78, 0x03, 0x01, 0x80, 0x17, 0x38, 0x00, 0x00, 0x00,
  0x00, 0x00, 0x00, 0x66, 0x07, 0xE1, 0x80, 0x22, 0x70, 0x00, 0x00, 0x00,
  0x00, 0x00, 0x00, 0x39, 0x7C, 0x7F, 0x00, 0x3F, 0xC0, 0x00, 0x00, 0x00,
  0x00, 0x00, 0x00, 0x1F, 0xF0, 0x06, 0xE8, 0x7C, 0x00, 0x00, 0x00, 0x00,
  0x00, 0x00, 0x00, 0x06, 0x00, 0x07, 0xB5, 0xC0, 0x00, 0x00, 0x00, 0x00,
  0x00, 0x00, 0x00, 0x00, 0x00, 0x03, 0xF7, 0x00, 0x00, 0x00, 0x00, 0x00,
  0x00, 0x00, 0x00, 0x00, 0x00, 0x00, 0xDC, 0x00, 0x00, 0x00, 0x00, 0x00,
  0x00, 0x00, 0x00, 0x00, 0x00, 0x00, 0x00, 0x00, 0x00, 0x00, 0x00, 0x00,
  0x00, 0x00, 0x00, 0x00, 0x00, 0x00, 0x00, 0x00, 0x00, 0x00, 0x00, 0x00,
  0x00, 0x00, 0x00, 0x00, 0x00, 0x00, 0x00, 0x00, 0x00, 0x00, 0x00, 0x00,
  0x00, 0x00, 0x00, 0x00, 0x00, 0x00, 0x00, 0x00, 0x00, 0x00, 0x00, 0x00,
  0x00, 0x00, 0x00, 0x00, 0x00, 0x00, 0x00, 0x00, 0x00, 0x00, 0x00, 0x00,
  0x00, 0x00, 0x00, 0x00, 0x00, 0x00, 0x00, 0x00, 0x00, 0x00, 0x00, 0x00,
  0x00, 0x00, 0x00, 0x00, 0x00, 0x00, 0x00, 0x00, 0x00, 0x00, 0x00, 0x00,
  0x00, 0x00, 0x00, 0x00, 0x00, 0x00, 0x00, 0x00, 0x00, 0x00, 0x00, 0x00,
  0x00, 0x00, 0x00, 0x00, 0x00, 0x00, 0x00, 0x00, 0x00, 0x00, 0x00, 0x00,
  0x00, 0x00, 0x00, 0x00, 0x00, 0x00, 0x00, 0x00, 0x00, 0x00, 0x00, 0x00,
  0x00, 0x00, 0x00, 0x00, 0x00, 0x00, 0x00, 0x00, 0x00, 0x00, 0x00, 0x00,
  0x00, 0x00, 0x00, 0x00, 0x00, 0x00, 0x00, 0x00, 0x00, 0x00, 0x00, 0x00,
  0x00, 0x00, 0x00, 0x00, 0x00, 0x00, 0x00, 0x00, 0x00, 0x00, 0x00, 0x00,
  0x00, 0x00, 0x00, 0x00, 0x00, 0x00, 0x00, 0x00, 0x00, 0x00, 0x00, 0x00,
  0x00, 0x00, 0x00, 0x00, 0x00, 0x00, 0x00, 0x00, 0x00, 0x00, 0x00, 0x00,
};

const uint8_t FOX_WIDTH = 96;
const uint8_t FOX_HEIGHT = 100;
const uint8_t FOX_BITMAP[] PROGMEM = {
  0x00, 0x00, 0x00, 0x00, 0x00, 0x00, 0x00, 0x00, 0x00, 0x00, 0x00, 0x00,
  0x00, 0x00, 0x00, 0x00, 0x00, 0x00, 0x00, 0x00, 0x00, 0x00, 0x00, 0x00,
  0x00, 0x00, 0x00, 0x00, 0x00, 0x00, 0x00, 0x00, 0x00, 0x00, 0x00, 0x00,
  0x00, 0x00, 0x00, 0x00, 0x00, 0x00, 0x00, 0x00, 0x00, 0x00, 0x00, 0x00,
  0x00, 0x00, 0x00, 0x00, 0x00, 0x00, 0x00, 0x00, 0x00, 0x00, 0x00, 0x00,
  0x00, 0x00, 0x00, 0x00, 0x00, 0x00, 0x00, 0x00, 0x00, 0x00, 0x00, 0x00,
  0x00, 0x00, 0x00, 0x00, 0x00, 0x00, 0x00, 0x00, 0x00, 0x00, 0x00, 0x00,
  0x00, 0x00, 0x00, 0x00, 0x00, 0x00, 0x00, 0x00, 0x00, 0x00, 0x00, 0x00,
  0x00, 0x00, 0x00, 0x00, 0x00, 0x00, 0x00, 0x00, 0x00, 0x00, 0x00, 0x00,
  0x00, 0x00, 0x00, 0x00, 0x00, 0x00, 0x00, 0x00, 0x00, 0x00, 0x00, 0x00,
  0x00, 0x00, 0x00, 0x00, 0x00, 0x00, 0x00, 0x00, 0x00, 0x00, 0x00, 0x00,
  0x00, 0x00, 0x00, 0x00, 0x00, 0x00, 0x00, 0x00, 0x00, 0x00, 0x00, 0x00,
  0x00, 0x00, 0x00, 0x00, 0x00, 0x00, 0x00, 0x00, 0x00, 0x00, 0x00, 0x00,
  0x00, 0x00, 0x00, 0x00, 0x00, 0x00, 0x00, 0x03, 0xC0, 0x00, 0x00, 0x00,
  0x00, 0x00, 0x03, 0xE0, 0x00, 0x00, 0x00, 0x0E, 0x60, 0x00, 0x00, 0x00,
  0x00, 0x00, 0x02, 0x38, 0x00, 0x00, 0x00, 0x38, 0x60, 0x00, 0x00, 0x00,
  0x00, 0x00, 0x06, 0x0C, 0x00, 0x00, 0x00, 0x61, 0x20, 0x00, 0x00, 0x00,
  0x00, 0x00, 0x04, 0x87, 0x00, 0x00, 0x01, 0x87, 0x20, 0x00, 0x00, 0x00,
  0x00, 0x00, 0x05, 0xE1, 0x80, 0x00, 0x03, 0x0C, 0xB0, 0x00, 0x00, 0x00,
  0x00, 0x00, 0x0D, 0x30, 0xC0, 0x00, 0x06, 0x18, 0xB0, 0x00, 0x00, 0x00,
  0x00, 0x00, 0x0D, 0x10, 0x60, 0x00, 0x0C, 0x30, 0x90, 0x00, 0x00, 0x00,
  0x00, 0x00, 0x09, 0x08, 0x30, 0x00, 0x18, 0x60, 0x90, 0x00, 0x00, 0x00,
  0x00, 0x00, 0x09, 0x0C, 0x18, 0x00, 0x30, 0xC0, 0x90, 0x00, 0x00, 0x00,
  0x00, 0x00, 0x09, 0x04, 0x08, 0x00, 0x60, 0x80, 0x90, 0x00, 0x00, 0x00,
  0x00, 0x00, 0x08, 0x06, 0x0C, 0x00, 0x41, 0x00, 0x90, 0x00, 0x00, 0x00,
  0x00, 0x00, 0x08, 0x1E, 0x07, 0xFF, 0x83, 0xF0, 0x90, 0x00, 0x00, 0x00,
  0x00, 0x00, 0x08, 0x17, 0x0F, 0x03, 0x83, 0x10, 0x90, 0x00, 0x00, 0x00,
  0x00, 0x00, 0x09, 0x11, 0x00, 0x00, 0x06, 0x30, 0x90, 0x00, 0x00, 0x00,
  0x00, 0x00, 0x09, 0x19, 0x00, 0x00, 0x04, 0x38, 0x90, 0x00, 0x00, 0x00,
  0x00, 0x00, 0x09, 0x61, 0x00, 0x00, 0x04, 0x0C, 0x90, 0x00, 0x00, 0x00,
  0x00, 0x00, 0x0D, 0x60, 0x00, 0x00, 0x00, 0x0C, 0x10, 0x00, 0x00, 0x00,
  0x00, 0x00, 0x0D, 0x30, 0x00, 0x00, 0x00, 0x19, 0x30, 0x00, 0x00, 0x00,
  0x00, 0x00, 0x04, 0xB0, 0x00, 0x00, 0x00, 0x29, 0x30, 0x00, 0x00, 0x00,
  0x00, 0x00, 0x04, 0xB0, 0x00, 0x00, 0x00, 0x39, 0x20, 0x00, 0x00, 0x00,
  0x00, 0x00, 0x06, 0xE0, 0x00, 0x00, 0x00, 0x1A, 0x20, 0x00, 0x00, 0x00,
  0x00, 0x00, 0x02, 0x40, 0x00, 0x00, 0x00, 0x0C, 0x60, 0x00, 0x00, 0x00,
  0x00, 0x00, 0x02, 0xC0, 0x00, 0x00, 0x00, 0x04, 0x40, 0x00, 0x00, 0x00,
  0x00, 0x00, 0x03, 0x80, 0x00, 0x00, 0x00, 0x00, 0xC0, 0x00, 0x00, 0x00,
  0x00, 0x00, 0x01, 0x81, 0x80, 0x00, 0x60, 0x00, 0x80, 0x00, 0x00, 0x00,
  0x00, 0x00, 0x01, 0x80, 0x00, 0x00, 0x20, 0x03, 0x80, 0x00, 0x00, 0x00,
  0x00, 0x00, 0x01, 0x00, 0x00, 0x00, 0x00, 0x03, 0x00, 0x00, 0x00, 0x00,
  0x00, 0x00, 0x03, 0x00, 0x00, 0x00, 0x00, 0x03, 0x00, 0x00, 0x00, 0x00,
  0x00, 0x00, 0x03, 0x00, 0x00, 0x00, 0x00, 0x01, 0x00, 0x00, 0x00, 0x00,
  0x00, 0x00, 0x03, 0x07, 0x80, 0x00, 0x70, 0x01, 0x00, 0x00, 0x00, 0x00,
  0x00, 0x00, 0x02, 0x0F, 0xC0, 0x01, 0xFC, 0x01, 0x00, 0x00, 0x00, 0x00,
  0x00, 0x00, 0x02, 0x1E, 0x20, 0x01, 0x3E, 0x01, 0x00, 0x00, 0x00, 0x00,
  0x00, 0x00, 0x02, 0x36, 0x20, 0x03, 0x1E, 0x01, 0x80, 0x00, 0x00, 0x00,
  0x00, 0x00, 0x06, 0x36, 0x30, 0x02, 0x1B, 0x01, 0x80, 0x00, 0x00, 0x00,
  0x00, 0x00, 0x1C, 0x3F, 0xF0, 0x07, 0x3B, 0x00, 0xE0, 0x00, 0x00, 0x00,
  0x00, 0x00, 0x30, 0x3F, 0xE0, 0x07, 0xFB, 0x00, 0x20, 0x00, 0x00, 0x00,
  0x00, 0x00, 0x10, 0x15, 0xE0, 0x03, 0xFA, 0x00, 0x60, 0x00, 0x00, 0x00,
  0x00, 0x00, 0x08, 0x07, 0xE3, 0x03, 0xFA, 0x00, 0xC7, 0x00, 0x00, 0x00,
  0x00, 0x00, 0x0C, 0x63, 0xC7, 0x81, 0xF0, 0x01, 0xCD, 0x80, 0x00, 0x00,
  0x00, 0x00, 0x08, 0x00, 0x03, 0x00, 0xE0, 0x00, 0xB1, 0x80, 0x00, 0x00,
  0x00, 0x00, 0x04, 0x00, 0x09, 0x20, 0x00, 0x01, 0xE1, 0x80, 0x00, 0x00,
  0x00, 0x00, 0x03, 0x00, 0x0F, 0xE0, 0x00, 0x07, 0xC0, 0x80, 0x00, 0x00,
  0x00, 0x00, 0x01, 0x80, 0x07, 0xE0, 0x00, 0x0C, 0x80, 0xC0, 0x00, 0x00,
  0x00, 0x00, 0x00, 0xC0, 0x06, 0x40, 0x00, 0x19, 0x80, 0x60, 0x00, 0x00,
  0x00, 0x00, 0x00, 0x70, 0x02, 0xC0, 0x00, 0x71, 0x00, 0x70, 0x00, 0x00,
  0x00, 0x00, 0x00, 0x1E, 0x01, 0x80, 0x01, 0xC3, 0x00, 0x18, 0x00, 0x00,
  0x00, 0x00, 0x00, 0x07, 0xC0, 0x00, 0x1F, 0x02, 0x00, 0x0C, 0x00, 0x00,
  0x00, 0x00, 0x00, 0x01, 0xC0, 0x01, 0xFC, 0x02, 0x00, 0x04, 0x00, 0x00,
  0x00, 0x00, 0x00, 0x03, 0x00, 0x01, 0x04, 0x06, 0x00, 0x06, 0x00, 0x00,
  0x00, 0x00, 0x00, 0x02, 0x00, 0x00, 0x86, 0x06, 0x04, 0x02, 0x00, 0x00,
  0x00, 0x00, 0x00, 0x03, 0x00, 0x00, 0x82, 0x07, 0x0A, 0x02, 0x00, 0x00,
  0x00, 0x00, 0x00, 0x01, 0x00, 0x03, 0x83, 0x06, 0x92, 0x33, 0x00, 0x00,
  0x00, 0x00, 0x00, 0x03, 0x00, 0x03, 0x01, 0x86, 0x61, 0x43, 0x00, 0x00,
  0x00, 0x00, 0x00, 0x01, 0xC0, 0x02, 0x00, 0xC6, 0x00, 0x8B, 0x00, 0x00,
  0x00, 0x00, 0x00, 0x01, 0xC0, 0x0C, 0x00, 0x66, 0x00, 0x01, 0x00, 0x00,
  0x00, 0x00, 0x00, 0x00, 0xD8, 0x28, 0x00, 0x34, 0x00, 0x01, 0x00, 0x00,
  0x00, 0x00, 0x00, 0x00, 0xF8, 0x70, 0x00, 0x1C, 0x00, 0x03, 0x00, 0x00,
  0x00, 0x00, 0x00, 0x00, 0xCC, 0x60, 0x30, 0x18, 0x00, 0x03, 0x00, 0x00,
  0x00, 0x00, 0x00, 0x00, 0xC6, 0x40, 0x20, 0x08, 0x00, 0x02, 0x00, 0x00,
  0x00, 0x00, 0x00, 0x01, 0xE3, 0xC0, 0x60, 0x08, 0x00, 0x06, 0x00, 0x00,
  0x00, 0x00, 0x00, 0x01, 0xA0, 0xC0, 0x40, 0x0C, 0x00, 0x04, 0x00, 0x00,
  0x00, 0x00, 0x00, 0x01, 0xA0, 0x40, 0x40, 0x0C, 0x00, 0x0C, 0x00, 0x00,
  0x00, 0x00, 0x00, 0x01, 0xA0, 0x40, 0xC0, 0x0C, 0x00, 0x08, 0x00, 0x00,
  0x00, 0x00, 0x00, 0x01, 0xA0, 0x40, 0xC0, 0x08, 0x00, 0x10, 0x00, 0x00,
  0x00, 0x00, 0x00, 0x00, 0xB0, 0x40, 0xC0, 0x08, 0x00, 0x70, 0x00, 0x00,
  0x00, 0x00, 0x00, 0x00, 0x60, 0xC1, 0xE0, 0x18, 0x00, 0x60, 0x00, 0x00,
  0x00, 0x00, 0x00, 0x00, 0x40, 0x81, 0x98, 0x3E, 0x01, 0xC0, 0x00, 0x00,
  0x00, 0x00, 0x00, 0x00, 0xE9, 0x81, 0x00, 0x67, 0xFF, 0x00, 0x00, 0x00,
  0x00, 0x00, 0x00, 0x00, 0x7B, 0x93, 0xA1, 0xC0, 0x78, 0x00, 0x00, 0x00,
  0x00, 0x00, 0x00, 0x00, 0x3F, 0xFF, 0xFF, 0x80, 0x00, 0x00, 0x00, 0x00,
  0x00, 0x00, 0x00, 0x00, 0x00, 0x78, 0x00, 0x00, 0x00, 0x00, 0x00, 0x00,
  0x00, 0x00, 0x00, 0x00, 0x00, 0x00, 0x00, 0x00, 0x00, 0x00, 0x00, 0x00,
  0x00, 0x00, 0x00, 0x00, 0x00, 0x00, 0x00, 0x00, 0x00, 0x00, 0x00, 0x00,
  0x00, 0x00, 0x00, 0x00, 0x00, 0x00, 0x00, 0x00, 0x00, 0x00, 0x00, 0x00,
  0x00, 0x00, 0x00, 0x00, 0x00, 0x00, 0x00, 0x00, 0x00, 0x00, 0x00, 0x00,
  0x00, 0x00, 0x00, 0x00, 0x00, 0x00, 0x00, 0x00, 0x00, 0x00, 0x00, 0x00,
  0x00, 0x00, 0x00, 0x00, 0x00, 0x00, 0x00, 0x00, 0x00, 0x00, 0x00, 0x00,
  0x00, 0x00, 0x00, 0x00, 0x00, 0x00, 0x00, 0x00, 0x00, 0x00, 0x00, 0x00,
  0x00, 0x00, 0x00, 0x00, 0x00, 0x00, 0x00, 0x00, 0x00, 0x00, 0x00, 0x00,
  0x00, 0x00, 0x00, 0x00, 0x00, 0x00, 0x00, 0x00, 0x00, 0x00, 0x00, 0x00,
  0x00, 0x00, 0x00, 0x00, 0x00, 0x00, 0x00, 0x00, 0x00, 0x00, 0x00, 0x00,
  0x00, 0x00, 0x00, 0x00, 0x00, 0x00, 0x00, 0x00, 0x00, 0x00, 0x00, 0x00,
  0x00, 0x00, 0x00, 0x00, 0x00, 0x00, 0x00, 0x00, 0x00, 0x00, 0x00, 0x00,
  0x00, 0x00, 0x00, 0x00, 0x00, 0x00, 0x00, 0x00, 0x00, 0x00, 0x00, 0x00,
  0x00, 0x00, 0x00, 0x00, 0x00, 0x00, 0x00, 0x00, 0x00, 0x00, 0x00, 0x00,
  0x00, 0x00, 0x00, 0x00, 0x00, 0x00, 0x00, 0x00, 0x00, 0x00, 0x00, 0x00,
};

const uint8_t CHICKEN_WIDTH = 96;
const uint8_t CHICKEN_HEIGHT = 100;
const uint8_t CHICKEN_BITMAP[] PROGMEM = {
  0x00, 0x00, 0x00, 0x00, 0x00, 0x00, 0x00, 0x00, 0x00, 0x00, 0x00, 0x00,
  0x00, 0x00, 0x00, 0x00, 0x00, 0x00, 0x00, 0x00, 0x00, 0x00, 0x00, 0x00,
  0x00, 0x00, 0x00, 0x00, 0x00, 0x00, 0x00, 0x00, 0x00, 0x00, 0x00, 0x00,
  0x00, 0x00, 0x00, 0x00, 0x00, 0x00, 0x00, 0x00, 0x00, 0x00, 0x00, 0x00,
  0x00, 0x00, 0x00, 0x00, 0x00, 0x00, 0x00, 0x00, 0x00, 0x00, 0x00, 0x00,
  0x00, 0x00, 0x00, 0x00, 0x00, 0x00, 0x00, 0x00, 0x00, 0x00, 0x00, 0x00,
  0x00, 0x00, 0x00, 0x00, 0x00, 0x00, 0x00, 0x00, 0x00, 0x00, 0x00, 0x00,
  0x00, 0x00, 0x00, 0x00, 0x00, 0x00, 0x00, 0x00, 0x00, 0x00, 0x00, 0x00,
  0x00, 0x00, 0x00, 0x00, 0x00, 0x00, 0x00, 0x00, 0x00, 0x00, 0x00, 0x00,
  0x00, 0x00, 0x00, 0x00, 0x00, 0x00, 0x00, 0x00, 0x00, 0x00, 0x00, 0x00,
  0x00, 0x00, 0x00, 0x00, 0x00, 0x00, 0x00, 0x00, 0x00, 0x00, 0x00, 0x00,
  0x00, 0x00, 0x00, 0x00, 0x00, 0x00, 0x00, 0x00, 0x00, 0x00, 0x00, 0x00,
  0x00, 0x00, 0x00, 0x00, 0x00, 0x00, 0x00, 0x00, 0x00, 0x00, 0x00, 0x00,
  0x00, 0x00, 0x00, 0x00, 0x00, 0x07, 0xC0, 0x00, 0x00, 0x00, 0x00, 0x00,
  0x00, 0x00, 0x00, 0x00, 0x00, 0x04, 0x60, 0x00, 0x00, 0x00, 0x00, 0x00,
  0x00, 0x00, 0x00, 0x00, 0x00, 0x08, 0x20, 0x00, 0x00, 0x00, 0x00, 0x00,
  0x00, 0x00, 0x00, 0x00, 0x00, 0x78, 0x30, 0x00, 0x00, 0x00, 0x00, 0x00,
  0x00, 0x00, 0x00, 0x00, 0x00, 0xF8, 0x3C, 0x00, 0x00, 0x00, 0x00, 0x00,
  0x00, 0x00, 0x00, 0x00, 0x01, 0x88, 0x32, 0x00, 0x00, 0x00, 0x00, 0x00,
  0x00, 0x00, 0x00, 0x00, 0x01, 0x00, 0x03, 0x00, 0x00, 0x00, 0x00, 0x00,
  0x00, 0x00, 0x00, 0x00, 0x01, 0x00, 0x03, 0x00, 0x00, 0x00, 0x00, 0x00,
  0x00, 0x00, 0x00, 0x00, 0x01, 0x00, 0x02, 0x00, 0x00, 0x00, 0x00, 0x00,
  0x00, 0x00, 0x00, 0x00, 0x03, 0x00, 0xFE, 0x00, 0x00, 0x00, 0x00, 0x00,
  0x00, 0x00, 0x00, 0x00, 0x0F, 0x03, 0x03, 0x80, 0x00, 0x00, 0x00, 0x00,
  0x00, 0x00, 0x00, 0x00, 0x39, 0x86, 0x00, 0xE0, 0x00, 0x00, 0x00, 0x00,
  0x00, 0x00, 0x00, 0x00, 0x60, 0x88, 0x00, 0x30, 0x00, 0x00, 0x00, 0x00,
  0x00, 0x00, 0x00, 0x00, 0xC0, 0xD0, 0x00, 0x18, 0x00, 0x00, 0x00, 0x00,
  0x00, 0x00, 0x00, 0x01, 0x80, 0x70, 0x00, 0x04, 0x00, 0x00, 0x00, 0x00,
  0x00, 0x00, 0x00, 0x03, 0x00, 0x00, 0x00, 0x06, 0x00, 0x00, 0x00, 0x00,
  0x00, 0x00, 0x00, 0x06, 0x00, 0x00, 0x00, 0x03, 0x00, 0x00, 0x00, 0x00,
  0x00, 0x00, 0x00, 0x0C, 0x00, 0x00, 0x00, 0x01, 0x80, 0x00, 0x00, 0x00,
  0x00, 0x00, 0x00, 0x08, 0x00, 0x00, 0x00, 0x00, 0x80, 0x00, 0x00, 0x00,
  0x00, 0x00, 0x00, 0x18, 0x00, 0x00, 0x00, 0x00, 0xC0, 0x00, 0x00, 0x00,
  0x00, 0x00, 0x00, 0x10, 0x00, 0x00, 0x00, 0x00, 0x40, 0x00, 0x00, 0x00,
  0x00, 0x00, 0x00, 0x30, 0x60, 0x00, 0x00, 0x00, 0x60, 0x00, 0x00, 0x00,
  0x00, 0x00, 0x00, 0x20, 0x00, 0x00, 0x1C, 0x00, 0x20, 0x00, 0x00, 0x00,
  0x00, 0x00, 0x00, 0x60, 0x00, 0x00, 0x00, 0x00, 0x20, 0x00, 0x00, 0x00,
  0x00, 0x00, 0x00, 0x60, 0x00, 0x00, 0x00, 0x00, 0x30, 0x00, 0x00, 0x00,
  0x00, 0x00, 0x00, 0x40, 0x00, 0x00, 0x00, 0x00, 0x30, 0x00, 0x00, 0x00,
  0x00, 0x00, 0x00, 0x40, 0xC0, 0x00, 0x00, 0x00, 0x30, 0x00, 0x00, 0x00,
  0x00, 0x00, 0x00, 0x43, 0xF0, 0x00, 0x1E, 0x00, 0x10, 0x00, 0x00, 0x00,
  0x00, 0x00, 0x00, 0x43, 0x90, 0x00, 0x3F, 0x00, 0x10, 0x00, 0x00, 0x00,
  0x00, 0x00, 0x00, 0x47, 0x18, 0x00, 0x67, 0x80, 0x10, 0x00, 0x00, 0x00,
  0x00, 0x00, 0x00, 0x47, 0x98, 0x00, 0xC7, 0x80, 0x10, 0x00, 0x00, 0x00,
  0x00, 0x00, 0x00, 0xC7, 0xF8, 0x00, 0xE7, 0xC0, 0x10, 0x00, 0x00, 0x00,
  0x00, 0x00, 0x00, 0x87, 0xF8, 0xC0, 0xFF, 0xC0, 0x18, 0x00, 0x00, 0x00,
  0x00, 0x00, 0x01, 0x83, 0xF3, 0x60, 0xFF, 0xC0, 0x08, 0x00, 0x00, 0x00,
  0x00, 0x00, 0x00, 0x81, 0xF6, 0x10, 0x7B, 0x80, 0x18, 0x00, 0x00, 0x00,
  0x00, 0x00, 0x00, 0xD8, 0xE4, 0x08, 0x7E, 0x00, 0x18, 0x00, 0x00, 0x00,
  0x00, 0x00, 0x00, 0xC8, 0x07, 0xF8, 0x3C, 0x00, 0x10, 0x00, 0x00, 0x00,
  0x00, 0x00, 0x1C, 0x40, 0x01, 0xF0, 0x00, 0xC0, 0x30, 0x00, 0x00, 0x00,
  0x00, 0x00, 0x3F, 0x20, 0x03, 0xB8, 0x00, 0x40, 0x60, 0x00, 0x00, 0x00,
  0x00, 0x00, 0x21, 0xF0, 0x03, 0xF0, 0x00, 0x00, 0xC0, 0x00, 0x00, 0x00,
  0x00, 0x00, 0x20, 0x78, 0x01, 0xF0, 0x00, 0x01, 0x9F, 0x80, 0x00, 0x00,
  0x00, 0x00, 0x20, 0x0C, 0x01, 0xE0, 0x00, 0x03, 0xF8, 0xC0, 0x00, 0x00,
  0x00, 0x00, 0x30, 0x0E, 0x00, 0x00, 0x00, 0x0F, 0x00, 0x40, 0x00, 0x00,
  0x00, 0x00, 0x18, 0x18, 0x00, 0x00, 0x00, 0x1C, 0x00, 0x40, 0x00, 0x00,
  0x00, 0x00, 0x3C, 0x10, 0x00, 0x00, 0x00, 0x10, 0x00, 0xC0, 0x00, 0x00,
  0x00, 0x00, 0x20, 0x30, 0x00, 0x00, 0x00, 0x20, 0x01, 0x80, 0x00, 0x00,
  0x00, 0x00, 0x20, 0x34, 0x00, 0x00, 0x00, 0x00, 0x03, 0xC0, 0x00, 0x00,
  0x00, 0x00, 0x30, 0x24, 0x00, 0x00, 0x00, 0x00, 0x00, 0x60, 0x00, 0x00,
  0x00, 0x00, 0x18, 0x23, 0x80, 0x00, 0x00, 0x00, 0x00, 0x60, 0x00, 0x00,
  0x00, 0x00, 0x0C, 0x20, 0x40, 0x00, 0x00, 0x00, 0x00, 0x40, 0x00, 0x00,
  0x00, 0x00, 0x06, 0x20, 0x44, 0x01, 0x00, 0x00, 0x00, 0xC0, 0x00, 0x00,
  0x00, 0x00, 0x04, 0x20, 0x3A, 0x39, 0x00, 0x00, 0x01, 0x80, 0x00, 0x00,
  0x00, 0x00, 0x06, 0x20, 0x03, 0x66, 0x00, 0x40, 0x07, 0x00, 0x00, 0x00,
  0x00, 0x00, 0x03, 0xA0, 0x00, 0x80, 0x00, 0x20, 0x03, 0x00, 0x00, 0x00,
  0x00, 0x00, 0x00, 0xF0, 0x00, 0x00, 0x00, 0x20, 0x03, 0x00, 0x00, 0x00,
  0x00, 0x00, 0x00, 0x30, 0x00, 0x00, 0x00, 0x10, 0x06, 0x00, 0x00, 0x00,
  0x00, 0x00, 0x00, 0x10, 0x00, 0x00, 0x00, 0x0C, 0x0C, 0x00, 0x00, 0x00,
  0x00, 0x00, 0x00, 0x18, 0x00, 0x00, 0x00, 0x07, 0xF8, 0x00, 0x00, 0x00,
  0x00, 0x00, 0x00, 0x0C, 0x00, 0x00, 0x00, 0x00, 0xC0, 0x00, 0x00, 0x00,
  0x00, 0x00, 0x00, 0x04, 0x00, 0x00, 0x00, 0x00, 0x80, 0x00, 0x00, 0x00,
  0x00, 0x00, 0x00, 0x06, 0x00, 0x00, 0x00, 0x01, 0x80, 0x00, 0x00, 0x00,
  0x00, 0x00, 0x00, 0x03, 0x00, 0x00, 0x00, 0x03, 0x00, 0x00, 0x00, 0x00,
  0x00, 0x00, 0x00, 0x00, 0xC0, 0x00, 0x00, 0x06, 0x00, 0x00, 0x00, 0x00,
  0x00, 0x00, 0x00, 0x00, 0x60, 0x00, 0x00, 0x38, 0x00, 0x00, 0x00, 0x00,
  0x00, 0x00, 0x00, 0x00, 0x1E, 0x00, 0x80, 0x70, 0x00, 0x00, 0x00, 0x00,
  0x00, 0x00, 0x00, 0x00, 0x1F, 0xF0, 0xE3, 0xC0, 0x00, 0x00, 0x00, 0x00,
  0x00, 0x00, 0x00, 0x00, 0xF9, 0xFF, 0xFF, 0x00, 0x00, 0x00, 0x00, 0x00,
  0x00, 0x00, 0x00, 0x01, 0xFB, 0xC0, 0x7B, 0x80, 0x00, 0x00, 0x00, 0x00,
  0x00, 0x00, 0x00, 0x00, 0xF7, 0x80, 0xD2, 0xC0, 0x00, 0x00, 0x00, 0x00,
  0x00, 0x00, 0x00, 0x00, 0x3C, 0x00, 0xF7, 0xC0, 0x00, 0x00, 0x00, 0x00,
  0x00, 0x00, 0x00, 0x00, 0x10, 0x00, 0x1C, 0x00, 0x00, 0x00, 0x00, 0x00,
  0x00, 0x00, 0x00, 0x00, 0x00, 0x00, 0x0C, 0x00, 0x00, 0x00, 0x00, 0x00,
  0x00, 0x00, 0x00, 0x00, 0x00, 0x00, 0x00, 0x00, 0x00, 0x00, 0x00, 0x00,
  0x00, 0x00, 0x00, 0x00, 0x00, 0x00, 0x00, 0x00, 0x00, 0x00, 0x00, 0x00,
  0x00, 0x00, 0x00, 0x00, 0x00, 0x00, 0x00, 0x00, 0x00, 0x00, 0x00, 0x00,
  0x00, 0x00, 0x00, 0x00, 0x00, 0x00, 0x00, 0x00, 0x00, 0x00, 0x00, 0x00,
  0x00, 0x00, 0x00, 0x00, 0x00, 0x00, 0x00, 0x00, 0x00, 0x00, 0x00, 0x00,
  0x00, 0x00, 0x00, 0x00, 0x00, 0x00, 0x00, 0x00, 0x00, 0x00, 0x00, 0x00,
  0x00, 0x00, 0x00, 0x00, 0x00, 0x00, 0x00, 0x00, 0x00, 0x00, 0x00, 0x00,
  0x00, 0x00, 0x00, 0x00, 0x00, 0x00, 0x00, 0x00, 0x00, 0x00, 0x00, 0x00,
  0x00, 0x00, 0x00, 0x00, 0x00, 0x00, 0x00, 0x00, 0x00, 0x00, 0x00, 0x00,
  0x00, 0x00, 0x00, 0x00, 0x00, 0x00, 0x00, 0x00, 0x00, 0x00, 0x00, 0x00,
  0x00, 0x00, 0x00, 0x00, 0x00, 0x00, 0x00, 0x00, 0x00, 0x00, 0x00, 0x00,
  0x00, 0x00, 0x00, 0x00, 0x00, 0x00, 0x00, 0x00, 0x00, 0x00, 0x00, 0x00,
  0x00, 0x00, 0x00, 0x00, 0x00, 0x00, 0x00, 0x00, 0x00, 0x00, 0x00, 0x00,
  0x00, 0x00, 0x00, 0x00, 0x00, 0x00, 0x00, 0x00, 0x00, 0x00, 0x00, 0x00,
  0x00, 0x00, 0x00, 0x00, 0x00, 0x00, 0x00, 0x00, 0x00, 0x00, 0x00, 0x00,
};

const uint8_t PIG_WIDTH = 96;
const uint8_t PIG_HEIGHT = 100;
const uint8_t PIG_BITMAP[] PROGMEM = {
  0x00, 0x00, 0x00, 0x00, 0x00, 0x00, 0x00, 0x00, 0x00, 0x00, 0x00, 0x00,
  0x00, 0x00, 0x00, 0x00, 0x00, 0x00, 0x00, 0x00, 0x00, 0x00, 0x00, 0x00,
  0x00, 0x00, 0x00, 0x00, 0x00, 0x00, 0x00, 0x00, 0x00, 0x00, 0x00, 0x00,
  0x00, 0x00, 0x00, 0x00, 0x00, 0x00, 0x00, 0x00, 0x00, 0x00, 0x00, 0x00,
  0x00, 0x00, 0x00, 0x00, 0x00, 0x00, 0x00, 0x00, 0x00, 0x00, 0x00, 0x00,
  0x00, 0x00, 0x00, 0x00, 0x00, 0x00, 0x00, 0x00, 0x00, 0x00, 0x00, 0x00,
  0x00, 0x00, 0x00, 0x00, 0x00, 0x00, 0x00, 0x00, 0x00, 0x00, 0x00, 0x00,
  0x00, 0x00, 0x00, 0x00, 0x00, 0x00, 0x00, 0x00, 0x00, 0x00, 0x00, 0x00,
  0x00, 0x00, 0x00, 0x00, 0x00, 0x00, 0x00, 0x00, 0x00, 0x00, 0x00, 0x00,
  0x00, 0x00, 0x00, 0x00, 0x00, 0x00, 0x00, 0x00, 0x00, 0x00, 0x00, 0x00,
  0x00, 0x00, 0x00, 0x00, 0x00, 0x00, 0x00, 0x00, 0x00, 0x00, 0x00, 0x00,
  0x00, 0x00, 0x00, 0x00, 0x00, 0x00, 0x00, 0x00, 0x00, 0x00, 0x00, 0x00,
  0x00, 0x00, 0x00, 0x00, 0x00, 0x00, 0x00, 0x00, 0x00, 0x00, 0x00, 0x00,
  0x00, 0x00, 0x00, 0x00, 0x00, 0x00, 0x00, 0x00, 0x00, 0x00, 0x00, 0x00,
  0x00, 0x00, 0x00, 0x00, 0x00, 0x00, 0x00, 0x00, 0x00, 0x00, 0x00, 0x00,
  0x00, 0x00, 0x00, 0x00, 0x00, 0x00, 0x00, 0x00, 0x00, 0x00, 0x00, 0x00,
  0x00, 0x00, 0x00, 0x00, 0x00, 0x00, 0x00, 0x00, 0x00, 0x00, 0x00, 0x00,
  0x00, 0x00, 0x00, 0x00, 0x00, 0x00, 0x00, 0x00, 0x00, 0x00, 0x00, 0x00,
  0x00, 0x00, 0x00, 0x00, 0x00, 0x00, 0x20, 0x00, 0x00, 0x00, 0x00, 0x00,
  0x00, 0x00, 0x00, 0x00, 0x78, 0x00, 0x78, 0x00, 0x00, 0x00, 0x00, 0x00,
  0x00, 0x00, 0x00, 0x01, 0xFE, 0x03, 0xCC, 0x00, 0x00, 0x00, 0x00, 0x00,
  0x00, 0x00, 0x00, 0x07, 0x03, 0x06, 0x66, 0x00, 0x00, 0x00, 0x00, 0x00,
  0x00, 0x00, 0x00, 0x1C, 0x01, 0xFE, 0x03, 0x00, 0x00, 0x00, 0x00, 0x00,
  0x00, 0x00, 0x00, 0x78, 0x01, 0xE1, 0x81, 0xE3, 0xE0, 0x00, 0x00, 0x00,
  0x00, 0x00, 0x00, 0xC0, 0x19, 0x00, 0x00, 0x7E, 0x70, 0x00, 0x00, 0x00,
  0x00, 0x00, 0x01, 0x80, 0x18, 0x00, 0x00, 0x18, 0x1C, 0x00, 0x00, 0x00,
  0x00, 0x00, 0x03, 0x00, 0x30, 0x00, 0x00, 0x00, 0x06, 0x00, 0x00, 0x00,
  0x00, 0x00, 0x03, 0x00, 0x20, 0x00, 0x00, 0x00, 0x03, 0x00, 0x00, 0x00,
  0x00, 0x00, 0x03, 0x00, 0x60, 0x00, 0x00, 0x02, 0x01, 0x80, 0x00, 0x00,
  0x00, 0x00, 0x03, 0x00, 0x40, 0x00, 0x00, 0x02, 0x00, 0xE0, 0x00, 0x00,
  0x00, 0x00, 0x03, 0x00, 0xC0, 0x00, 0x00, 0x02, 0x00, 0x30, 0x00, 0x00,
  0x00, 0x00, 0x01, 0x00, 0x80, 0x00, 0x00, 0x02, 0x00, 0x10, 0x00, 0x00,
  0x00, 0x00, 0x01, 0x81, 0x00, 0x00, 0x00, 0x02, 0x00, 0x18, 0x00, 0x00,
  0x00, 0x00, 0x00, 0xC3, 0x00, 0x00, 0x00, 0x02, 0x00, 0x18, 0x00, 0x00,
  0x00, 0x00, 0x00, 0x7C, 0x00, 0x00, 0x00, 0x03, 0x00, 0x18, 0x00, 0x00,
  0x00, 0x00, 0x00, 0x38, 0x18, 0x00, 0x00, 0x03, 0x00, 0x18, 0x00, 0x00,
  0x00, 0x00, 0x00, 0x10, 0x00, 0x00, 0x00, 0x01, 0x00, 0x10, 0x00, 0x00,
  0x00, 0x00, 0x00, 0x30, 0x00, 0x00, 0x01, 0x81, 0x80, 0x30, 0x00, 0x00,
  0x00, 0x00, 0x00, 0x20, 0x00, 0x00, 0x00, 0x00, 0x80, 0x60, 0x00, 0x00,
  0x00, 0x00, 0x00, 0x20, 0x20, 0x00, 0x00, 0x00, 0xC0, 0xC0, 0x00, 0x00,
  0x00, 0x00, 0x00, 0x20, 0xF8, 0x00, 0x00, 0x00, 0x7F, 0x80, 0x00, 0x00,
  0x00, 0x00, 0x00, 0x61, 0xEC, 0x00, 0x00, 0x00, 0x1F, 0x00, 0x00, 0x00,
  0x00, 0x00, 0x00, 0x61, 0xC4, 0x00, 0x07, 0xC0, 0x01, 0x00, 0x00, 0x00,
  0x00, 0x00, 0x00, 0x63, 0xC4, 0x00, 0x0F, 0xE0, 0x01, 0x00, 0x00, 0x00,
  0x00, 0x00, 0x00, 0x63, 0xEC, 0x70, 0x18, 0xF0, 0x01, 0x00, 0x00, 0x00,
  0x00, 0x00, 0x00, 0xC3, 0xFF, 0xFC, 0x18, 0xF0, 0x01, 0x00, 0x00, 0x00,
  0x00, 0x00, 0x00, 0xC3, 0xFE, 0x06, 0x18, 0xF8, 0x01, 0x00, 0x00, 0x00,
  0x00, 0x00, 0x00, 0x80, 0xFC, 0x01, 0x1F, 0xF8, 0x03, 0x00, 0x00, 0x00,
  0x00, 0x00, 0x00, 0x80, 0x79, 0x81, 0x9F, 0xF8, 0x03, 0x00, 0x00, 0x00,
  0x00, 0x00, 0x00, 0x8C, 0x39, 0x88, 0x9F, 0xF0, 0x03, 0x00, 0x00, 0x00,
  0x00, 0x00, 0x00, 0xC0, 0x09, 0x0C, 0x8D, 0xD0, 0x02, 0x00, 0x00, 0x00,
  0x00, 0x00, 0x00, 0xC0, 0x0C, 0x08, 0x8F, 0x80, 0x06, 0x00, 0x00, 0x00,
  0x00, 0x00, 0x00, 0x40, 0x06, 0x01, 0x80, 0x00, 0x04, 0x00, 0x00, 0x00,
  0x00, 0x00, 0x00, 0x60, 0x03, 0xF7, 0x00, 0x38, 0x0C, 0x00, 0x00, 0x00,
  0x00, 0x00, 0x00, 0x30, 0x00, 0xFE, 0x00, 0x08, 0x08, 0x00, 0x00, 0x00,
  0x00, 0x00, 0x00, 0x18, 0x00, 0x66, 0x00, 0x00, 0x18, 0x00, 0x00, 0x00,
  0x00, 0x00, 0x00, 0x0C, 0x00, 0x44, 0x00, 0x00, 0x30, 0x00, 0x00, 0x00,
  0x00, 0x00, 0x00, 0x07, 0x00, 0x38, 0x00, 0x00, 0x78, 0x3C, 0xC0, 0x00,
  0x00, 0x00, 0x00, 0x01, 0x80, 0x00, 0x00, 0x01, 0xCC, 0x62, 0xC0, 0x00,
  0x00, 0x00, 0x00, 0x00, 0xF0, 0x00, 0x00, 0x03, 0x06, 0x5B, 0xC0, 0x00,
  0x00, 0x00, 0x00, 0x00, 0x7C, 0x00, 0x00, 0x1E, 0x03, 0x5D, 0x40, 0x00,
  0x00, 0x00, 0x00, 0x00, 0x62, 0x00, 0x00, 0x70, 0x01, 0x7D, 0x40, 0x00,
  0x00, 0x00, 0x00, 0x00, 0x40, 0x00, 0x00, 0x00, 0x00, 0xAD, 0xC0, 0x00,
  0x00, 0x00, 0x00, 0x00, 0x40, 0x00, 0x00, 0x00, 0x00, 0xDF, 0x80, 0x00,
  0x00, 0x00, 0x00, 0x00, 0x40, 0x00, 0x00, 0x00, 0x00, 0x76, 0x00, 0x00,
  0x00, 0x00, 0x00, 0x00, 0xC0, 0x00, 0x00, 0x00, 0x00, 0x4C, 0x00, 0x00,
  0x00, 0x00, 0x00, 0x00, 0xC0, 0x00, 0x00, 0x00, 0x00, 0x78, 0x00, 0x00,
  0x00, 0x00, 0x00, 0x00, 0x40, 0x00, 0x00, 0x00, 0x00, 0x60, 0x00, 0x00,
  0x00, 0x00, 0x00, 0x00, 0x40, 0x00, 0x00, 0x00, 0x00, 0x60, 0x00, 0x00,
  0x00, 0x00, 0x00, 0x00, 0x40, 0x00, 0x00, 0x00, 0x00, 0x60, 0x00, 0x00,
  0x00, 0x00, 0x00, 0x00, 0x40, 0x00, 0x00, 0x00, 0x00, 0x60, 0x00, 0x00,
  0x00, 0x00, 0x00, 0x00, 0x60, 0x00, 0x00, 0x00, 0x00, 0x60, 0x00, 0x00,
  0x00, 0x00, 0x00, 0x00, 0x61, 0x00, 0x00, 0x00, 0x00, 0x60, 0x00, 0x00,
  0x00, 0x00, 0x00, 0x00, 0x20, 0x81, 0x00, 0x10, 0x00, 0x40, 0x00, 0x00,
  0x00, 0x00, 0x00, 0x00, 0x20, 0x61, 0x80, 0x32, 0x00, 0x40, 0x00, 0x00,
  0x00, 0x00, 0x00, 0x00, 0x30, 0x39, 0x80, 0x22, 0x00, 0xC0, 0x00, 0x00,
  0x00, 0x00, 0x00, 0x00, 0x30, 0x1F, 0x80, 0x23, 0x00, 0x80, 0x00, 0x00,
  0x00, 0x00, 0x00, 0x00, 0x10, 0x13, 0x80, 0x7F, 0x81, 0x80, 0x00, 0x00,
  0x00, 0x00, 0x00, 0x00, 0x18, 0x11, 0x80, 0x79, 0x81, 0x80, 0x00, 0x00,
  0x00, 0x00, 0x00, 0x00, 0x1F, 0xF0, 0x80, 0xD9, 0xFF, 0x00, 0x00, 0x00,
  0x00, 0x00, 0x00, 0x00, 0x09, 0x30, 0xFF, 0xF1, 0x66, 0x00, 0x00, 0x00,
  0x00, 0x00, 0x00, 0x00, 0x0F, 0x61, 0xB1, 0x01, 0xCE, 0x00, 0x00, 0x00,
  0x00, 0x00, 0x00, 0x00, 0x07, 0xC0, 0xE3, 0x00, 0xF8, 0x00, 0x00, 0x00,
  0x00, 0x00, 0x00, 0x00, 0x00, 0x00, 0xFE, 0x00, 0x00, 0x00, 0x00, 0x00,
  0x00, 0x00, 0x00, 0x00, 0x00, 0x00, 0x00, 0x00, 0x00, 0x00, 0x00, 0x00,
  0x00, 0x00, 0x00, 0x00, 0x00, 0x00, 0x00, 0x00, 0x00, 0x00, 0x00, 0x00,
  0x00, 0x00, 0x00, 0x00, 0x00, 0x00, 0x00, 0x00, 0x00, 0x00, 0x00, 0x00,
  0x00, 0x00, 0x00, 0x00, 0x00, 0x00, 0x00, 0x00, 0x00, 0x00, 0x00, 0x00,
  0x00, 0x00, 0x00, 0x00, 0x00, 0x00, 0x00, 0x00, 0x00, 0x00, 0x00, 0x00,
  0x00, 0x00, 0x00, 0x00, 0x00, 0x00, 0x00, 0x00, 0x00, 0x00, 0x00, 0x00,
  0x00, 0x00, 0x00, 0x00, 0x00, 0x00, 0x00, 0x00, 0x00, 0x00, 0x00, 0x00,
  0x00, 0x00, 0x00, 0x00, 0x00, 0x00, 0x00, 0x00, 0x00, 0x00, 0x00, 0x00,
  0x00, 0x00, 0x00, 0x00, 0x00, 0x00, 0x00, 0x00, 0x00, 0x00, 0x00, 0x00,
  0x00, 0x00, 0x00, 0x00, 0x00, 0x00, 0x00, 0x00, 0x00, 0x00, 0x00, 0x00,
  0x00, 0x00, 0x00, 0x00, 0x00, 0x00, 0x00, 0x00, 0x00, 0x00, 0x00, 0x00,
  0x00, 0x00, 0x00, 0x00, 0x00, 0x00, 0x00, 0x00, 0x00, 0x00, 0x00, 0x00,
  0x00, 0x00, 0x00, 0x00, 0x00, 0x00, 0x00, 0x00, 0x00, 0x00, 0x00, 0x00,
  0x00, 0x00, 0x00, 0x00, 0x00, 0x00, 0x00, 0x00, 0x00, 0x00, 0x00, 0x00,
  0x00, 0x00, 0x00, 0x00, 0x00, 0x00, 0x00, 0x00, 0x00, 0x00, 0x00, 0x00,
  0x00, 0x00, 0x00, 0x00, 0x00, 0x00, 0x00, 0x00, 0x00, 0x00, 0x00, 0x00,
};

const uint8_t CAT_ACTION_SCENE_WIDTH = 184;
const uint8_t CAT_ACTION_SCENE_HEIGHT = 108;
const uint8_t CAT_FEED_0_RLE[] PROGMEM = {
  0xFF, 0x00, 0xFF, 0x00, 0xFF, 0x00, 0xDB, 0x06, 0xB2, 0x0A, 0x2F, 0x03,
  0x7C, 0x01, 0x06, 0x05, 0x28, 0x09, 0x7A, 0x02, 0x09, 0x04, 0x23, 0x07,
  0x04, 0x02, 0x79, 0x02, 0x02, 0x01, 0x08, 0x04, 0x1F, 0x04, 0x09, 0x02,
  0x79, 0x02, 0x02, 0x02, 0x09, 0x03, 0x1C, 0x04, 0x0B, 0x02, 0x79, 0x02,
  0x03, 0x01, 0x0B, 0x02, 0x1A, 0x03, 0x0A, 0x01, 0x02, 0x02, 0x79, 0x01,
  0x04, 0x02, 0x02, 0x02, 0x07, 0x02, 0x17, 0x03, 0x0B, 0x02, 0x03, 0x01,
  0x78, 0x02, 0x05, 0x02, 0x01, 0x02, 0x08, 0x02, 0x16, 0x02, 0x0C, 0x01,
  0x04, 0x02, 0x77, 0x02, 0x06, 0x01, 0x01, 0x02, 0x08, 0x02, 0x15, 0x02,
  0x07, 0x01, 0x04, 0x02, 0x04, 0x02, 0x77, 0x02, 0x06, 0x03, 0x04, 0x01,
  0x05, 0x02, 0x13, 0x02, 0x07, 0x02, 0x03, 0x02, 0x05, 0x02, 0x77, 0x02,
  0x07, 0x02, 0x04, 0x02, 0x04, 0x02, 0x12, 0x02, 0x08, 0x01, 0x03, 0x02,
  0x06, 0x02, 0x77, 0x02, 0x03, 0x01, 0x04, 0x01, 0x04, 0x02, 0x05, 0x01,
  0x12, 0x02, 0x03, 0x01, 0x04, 0x01, 0x02, 0x02, 0x07, 0x02, 0x77, 0x01,
  0x04, 0x07, 0x03, 0x01, 0x06, 0x02, 0x04, 0x07, 0x05, 0x02, 0x03, 0x02,
  0x04, 0x01, 0x01, 0x03, 0x01, 0x03, 0x03, 0x02, 0x77, 0x01, 0x06, 0x06,
  0x01, 0x02, 0x06, 0x11, 0x01, 0x02, 0x03, 0x02, 0x04, 0x08, 0x04, 0x02,
  0x76, 0x02, 0x0A, 0x02, 0x01, 0x01, 0x04, 0x01, 0x02, 0x05, 0x09, 0x06,
  0x03, 0x02, 0x03, 0x03, 0x0A, 0x02, 0x76, 0x02, 0x0B, 0x03, 0x03, 0x02,
  0x01, 0x03, 0x0F, 0x03, 0x03, 0x02, 0x02, 0x03, 0x0B, 0x02, 0x77, 0x01,
  0x03, 0x02, 0x07, 0x02, 0x03, 0x01, 0x02, 0x01, 0x12, 0x02, 0x03, 0x02,
  0x01, 0x03, 0x0C, 0x02, 0x77, 0x02, 0x03, 0x04, 0x04, 0x02, 0x02, 0x02,
  0x1B, 0x03, 0x09, 0x02, 0x03, 0x02, 0x77, 0x02, 0x04, 0x09, 0x1F, 0x0D,
  0x03, 0x02, 0x78, 0x02, 0x0B, 0x03, 0x1E, 0x0B, 0x05, 0x02, 0x78, 0x02,
  0x0C, 0x02, 0x1E, 0x02, 0x0E, 0x02, 0x79, 0x02, 0x3A, 0x02, 0x7A, 0x03,
  0x02, 0x01, 0x36, 0x02, 0x7B, 0x02, 0x03, 0x04, 0x31, 0x02, 0x7D, 0x03,
  0x02, 0x02, 0x2D, 0x01, 0x03, 0x03, 0x7E, 0x05, 0x2B, 0x04, 0x02, 0x03,
  0x81, 0x02, 0x30, 0x04, 0x82, 0x02, 0x2D, 0x05, 0x83, 0x02, 0x2F, 0x03,
  0x83, 0x02, 0x31, 0x02, 0x83, 0x02, 0x32, 0x02, 0x82, 0x02, 0x09, 0x03,
  0x13, 0x01, 0x12, 0x02, 0x81, 0x02, 0x1F, 0x03, 0x12, 0x01, 0x81, 0x02,
  0x1F, 0x01, 0x14, 0x02, 0x80, 0x02, 0x34, 0x02, 0x80, 0x02, 0x34, 0x02,
  0x80, 0x01, 0x06, 0x06, 0x29, 0x02, 0x7F, 0x02, 0x05, 0x08, 0x14, 0x06,
  0x0E, 0x02, 0x7F, 0x02, 0x04, 0x0A, 0x11, 0x09, 0x0D, 0x02, 0x7F, 0x02,
  0x03, 0x06, 0x03, 0x02, 0x10, 0x0B, 0x0C, 0x02, 0x7F, 0x02, 0x03, 0x06,
  0x04, 0x02, 0x0F, 0x02, 0x02, 0x08, 0x0B, 0x02, 0x7F, 0x02, 0x03, 0x01,
  0x01, 0x04, 0x04, 0x02, 0x0E, 0x02, 0x04, 0x04, 0x01, 0x02, 0x0B, 0x02,
  0x7F, 0x02, 0x02, 0x02, 0x01, 0x05, 0x02, 0x03, 0x0E, 0x02, 0x04, 0x05,
  0x01, 0x02, 0x0A, 0x02, 0x7F, 0x02, 0x02, 0x02, 0x01, 0x0A, 0x0D, 0x03,
  0x03, 0x06, 0x01, 0x02, 0x0A, 0x02, 0x7F, 0x02, 0x02, 0x02, 0x01, 0x0A,
  0x0D, 0x0C, 0x01, 0x02, 0x0A, 0x02, 0x7E, 0x03, 0x03, 0x01, 0x01, 0x0A,
  0x0D, 0x0C, 0x01, 0x02, 0x09, 0x02, 0x7E, 0x03, 0x04, 0x01, 0x01, 0x02,
  0x01, 0x07, 0x04, 0x02, 0x07, 0x0C, 0x01, 0x02, 0x09, 0x02, 0x7E, 0x03,
  0x06, 0x02, 0x01, 0x03, 0x01, 0x02, 0x04, 0x04, 0x06, 0x08, 0x01, 0x03,
  0x01, 0x02, 0x09, 0x02, 0x7F, 0x03, 0x05, 0x09, 0x05, 0x02, 0x08, 0x06,
  0x03, 0x02, 0x01, 0x02, 0x08, 0x02, 0x81, 0x02, 0x06, 0x07, 0x10, 0x02,
  0x01, 0x03, 0x02, 0x02, 0x0D, 0x02, 0x07, 0x05, 0x73, 0x02, 0x01, 0x04,
  0x04, 0x03, 0x05, 0x01, 0x02, 0x02, 0x09, 0x09, 0x0E, 0x02, 0x03, 0x0B,
  0x70, 0x07, 0x0C, 0x06, 0x01, 0x02, 0x06, 0x07, 0x0C, 0x05, 0x02, 0x04,
  0x05, 0x04, 0x6E, 0x04, 0x11, 0x07, 0x09, 0x02, 0x07, 0x01, 0x07, 0x03,
  0x02, 0x03, 0x0B, 0x03, 0x6C, 0x01, 0x02, 0x02, 0x02, 0x01, 0x0D, 0x03,
  0x02, 0x02, 0x10, 0x06, 0x04, 0x02, 0x02, 0x03, 0x0D, 0x03, 0x6F, 0x03,
  0x0F, 0x01, 0x03, 0x02, 0x15, 0x01, 0x04, 0x02, 0x02, 0x02, 0x0F, 0x02,
  0x6F, 0x03, 0x0F, 0x02, 0x02, 0x01, 0x11, 0x01, 0x07, 0x04, 0x01, 0x02,
  0x06, 0x05, 0x06, 0x02, 0x6F, 0x03, 0x0F, 0x03, 0x12, 0x02, 0x05, 0x05,
  0x01, 0x01, 0x05, 0x08, 0x06, 0x02, 0x6F, 0x04, 0x0E, 0x01, 0x14, 0x02,
  0x03, 0x02, 0x04, 0x02, 0x04, 0x03, 0x05, 0x02, 0x05, 0x02, 0x71, 0x03,
  0x24, 0x04, 0x05, 0x02, 0x04, 0x01, 0x08, 0x02, 0x05, 0x02, 0x71, 0x05,
  0x20, 0x04, 0x06, 0x01, 0x04, 0x05, 0x06, 0x01, 0x05, 0x02, 0x74, 0x05,
  0x1B, 0x05, 0x06, 0x02, 0x04, 0x07, 0x04, 0x02, 0x04, 0x02, 0x75, 0x06,
  0x14, 0x08, 0x08, 0x02, 0x04, 0x03, 0x02, 0x03, 0x03, 0x02, 0x04, 0x02,
  0x74, 0x02, 0x14, 0x09, 0x02, 0x03, 0x08, 0x01, 0x04, 0x05, 0x02, 0x02,
  0x02, 0x02, 0x05, 0x01, 0x74, 0x02, 0x16, 0x01, 0x01, 0x02, 0x06, 0x03,
  0x07, 0x02, 0x06, 0x02, 0x02, 0x02, 0x03, 0x01, 0x05, 0x02, 0x73, 0x03,
  0x17, 0x02, 0x07, 0x04, 0x05, 0x02, 0x03, 0x02, 0x02, 0x02, 0x02, 0x01,
  0x03, 0x01, 0x05, 0x02, 0x72, 0x04, 0x17, 0x02, 0x09, 0x04, 0x03, 0x02,
  0x04, 0x02, 0x01, 0x03, 0x01, 0x01, 0x03, 0x01, 0x05, 0x02, 0x73, 0x02,
  0x18, 0x02, 0x0B, 0x04, 0x02, 0x02, 0x04, 0x02, 0x01, 0x02, 0x01, 0x01,
  0x02, 0x02, 0x05, 0x01, 0x75, 0x01, 0x17, 0x02, 0x0E, 0x03, 0x02, 0x02,
  0x04, 0x06, 0x02, 0x02, 0x04, 0x02, 0x75, 0x02, 0x01, 0x01, 0x11, 0x01,
  0x01, 0x02, 0x10, 0x03, 0x02, 0x03, 0x04, 0x04, 0x02, 0x02, 0x04, 0x02,
  0x75, 0x04, 0x10, 0x04, 0x12, 0x02, 0x03, 0x09, 0x02, 0x02, 0x05, 0x02,
  0x75, 0x04, 0x0C, 0x01, 0x01, 0x03, 0x16, 0x02, 0x04, 0x06, 0x03, 0x02,
  0x05, 0x02, 0x75, 0x02, 0x01, 0x02, 0x0A, 0x05, 0x18, 0x02, 0x0B, 0x02,
  0x05, 0x02, 0x76, 0x02, 0x01, 0x02, 0x08, 0x03, 0x1C, 0x02, 0x0A, 0x02,
  0x06, 0x02, 0x76, 0x02, 0x02, 0x02, 0x01, 0x01, 0x04, 0x02, 0x1F, 0x02,
  0x08, 0x02, 0x06, 0x02, 0x77, 0x02, 0x03, 0x03, 0x03, 0x02, 0x20, 0x02,
  0x06, 0x03, 0x07, 0x02, 0x78, 0x01, 0x04, 0x03, 0x24, 0x0A, 0x07, 0x02,
  0x79, 0x02, 0x05, 0x02, 0x03, 0x01, 0x0D, 0x01, 0x11, 0x07, 0x09, 0x02,
  0x65, 0x05, 0x10, 0x02, 0x06, 0x01, 0x02, 0x02, 0x0D, 0x01, 0x11, 0x02,
  0x0D, 0x02, 0x63, 0x05, 0x01, 0x05, 0x0D, 0x02, 0x06, 0x02, 0x02, 0x01,
  0x0C, 0x02, 0x02, 0x01, 0x0E, 0x02, 0x0C, 0x02, 0x61, 0x07, 0x03, 0x07,
  0x0B, 0x01, 0x07, 0x04, 0x0C, 0x02, 0x01, 0x02, 0x0E, 0x02, 0x0A, 0x03,
  0x61, 0x05, 0x01, 0x03, 0x01, 0x03, 0x02, 0x04, 0x0A, 0x02, 0x08, 0x02,
  0x0C, 0x02, 0x01, 0x01, 0x0F, 0x02, 0x07, 0x05, 0x60, 0x03, 0x03, 0x03,
  0x01, 0x02, 0x02, 0x02, 0x01, 0x01, 0x02, 0x04, 0x07, 0x02, 0x08, 0x02,
  0x0C, 0x01, 0x02, 0x02, 0x0E, 0x0C, 0x60, 0x0A, 0x02, 0x03, 0x02, 0x03,
  0x01, 0x06, 0x06, 0x02, 0x08, 0x02, 0x0B, 0x02, 0x02, 0x02, 0x0E, 0x09,
  0x62, 0x05, 0x02, 0x10, 0x02, 0x04, 0x06, 0x01, 0x08, 0x02, 0x0B, 0x02,
  0x03, 0x01, 0x0D, 0x02, 0x6A, 0x01, 0x02, 0x02, 0x01, 0x02, 0x03, 0x02,
  0x03, 0x02, 0x03, 0x02, 0x01, 0x03, 0x01, 0x02, 0x05, 0x01, 0x08, 0x02,
  0x0B, 0x01, 0x03, 0x04, 0x0B, 0x02, 0x69, 0x04, 0x01, 0x15, 0x02, 0x03,
  0x04, 0x02, 0x08, 0x02, 0x0A, 0x02, 0x02, 0x07, 0x08, 0x02, 0x6A, 0x02,
  0x01, 0x03, 0x03, 0x0E, 0x02, 0x04, 0x01, 0x02, 0x02, 0x02, 0x08, 0x02,
  0x0B, 0x05, 0x0E, 0x02, 0x6A, 0x01, 0x04, 0x08, 0x06, 0x08, 0x03, 0x02,
  0x02, 0x03, 0x07, 0x01, 0x0B, 0x06, 0x0D, 0x02, 0x6A, 0x02, 0x08, 0x0E,
  0x07, 0x02, 0x02, 0x03, 0x02, 0x01, 0x03, 0x02, 0x0B, 0x07, 0x02, 0x01,
  0x07, 0x03, 0x6B, 0x02, 0x1E, 0x01, 0x03, 0x05, 0x03, 0x04, 0x01, 0x02,
  0x05, 0x02, 0x03, 0x03, 0x02, 0x01, 0x05, 0x04, 0x6C, 0x02, 0x0C, 0x04,
  0x0E, 0x02, 0x03, 0x0B, 0x01, 0x02, 0x04, 0x02, 0x05, 0x0C, 0x6D, 0x02,
  0x0B, 0x06, 0x0E, 0x02, 0x06, 0x03, 0x02, 0x0B, 0x07, 0x09, 0x6F, 0x02,
  0x0B, 0x02, 0x04, 0x02, 0x0C, 0x02, 0x0D, 0x07, 0x81, 0x02, 0x0B, 0x02,
  0x01, 0x02, 0x01, 0x02, 0x0D, 0x01, 0x95, 0x02, 0x0D, 0x04, 0x0F, 0x02,
  0x94, 0x03, 0x0B, 0x06, 0x0D, 0x02, 0x96, 0x04, 0x09, 0x05, 0x0C, 0x03,
  0x99, 0x05, 0x13, 0x06, 0x9C, 0x19, 0xA3, 0x11, 0xFF, 0x00, 0xE7,
};

const uint8_t CAT_FEED_1_RLE[] PROGMEM = {
  0xFF, 0x00, 0xFF, 0x00, 0xFF, 0x00, 0xFF, 0x00, 0xFF, 0x00, 0xFF, 0x00,
  0xFF, 0x00, 0xFF, 0x00, 0xFF, 0x00, 0xFF, 0x00, 0xFF, 0x00, 0xC0, 0x03,
  0x35, 0x05, 0x7A, 0x0A, 0x2B, 0x0A, 0x78, 0x02, 0x04, 0x08, 0x26, 0x05,
  0x05, 0x02, 0x78, 0x02, 0x09, 0x05, 0x22, 0x04, 0x09, 0x02, 0x77, 0x02,
  0x0C, 0x04, 0x1E, 0x04, 0x0B, 0x02, 0x77, 0x02, 0x02, 0x01, 0x0B, 0x03,
  0x1C, 0x03, 0x0D, 0x02, 0x77, 0x02, 0x03, 0x01, 0x0B, 0x03, 0x1A, 0x02,
  0x0C, 0x01, 0x03, 0x01, 0x77, 0x02, 0x03, 0x02, 0x03, 0x01, 0x08, 0x02,
  0x18, 0x02, 0x09, 0x01, 0x02, 0x02, 0x03, 0x02, 0x76, 0x02, 0x04, 0x02,
  0x02, 0x01, 0x09, 0x02, 0x16, 0x02, 0x09, 0x02, 0x02, 0x01, 0x04, 0x02,
  0x76, 0x02, 0x05, 0x01, 0x02, 0x01, 0x0A, 0x02, 0x14, 0x02, 0x0A, 0x02,
  0x01, 0x02, 0x04, 0x02, 0x76, 0x02, 0x05, 0x02, 0x01, 0x01, 0x04, 0x01,
  0x05, 0x02, 0x14, 0x02, 0x05, 0x02, 0x03, 0x04, 0x05, 0x02, 0x76, 0x02,
  0x06, 0x03, 0x04, 0x01, 0x06, 0x02, 0x12, 0x02, 0x06, 0x01, 0x05, 0x02,
  0x06, 0x02, 0x76, 0x02, 0x07, 0x02, 0x04, 0x01, 0x06, 0x02, 0x12, 0x02,
  0x06, 0x01, 0x05, 0x02, 0x07, 0x01, 0x76, 0x02, 0x03, 0x01, 0x03, 0x02,
  0x04, 0x01, 0x07, 0x01, 0x04, 0x0B, 0x02, 0x02, 0x07, 0x02, 0x03, 0x02,
  0x08, 0x02, 0x75, 0x02, 0x03, 0x07, 0x02, 0x02, 0x07, 0x14, 0x07, 0x02,
  0x02, 0x02, 0x09, 0x02, 0x75, 0x02, 0x05, 0x06, 0x01, 0x02, 0x03, 0x01,
  0x03, 0x05, 0x0B, 0x04, 0x02, 0x02, 0x03, 0x02, 0x01, 0x08, 0x04, 0x02,
  0x75, 0x02, 0x09, 0x04, 0x04, 0x01, 0x01, 0x04, 0x10, 0x02, 0x02, 0x02,
  0x04, 0x08, 0x06, 0x02, 0x75, 0x02, 0x0A, 0x03, 0x03, 0x02, 0x01, 0x02,
  0x12, 0x02, 0x03, 0x01, 0x04, 0x02, 0x0C, 0x02, 0x75, 0x02, 0x03, 0x01,
  0x07, 0x02, 0x03, 0x01, 0x1B, 0x01, 0x03, 0x02, 0x0D, 0x01, 0x77, 0x02,
  0x03, 0x03, 0x04, 0x02, 0x02, 0x02, 0x1B, 0x02, 0x01, 0x02, 0x0D, 0x02,
  0x77, 0x02, 0x04, 0x09, 0x1F, 0x03, 0x09, 0x02, 0x03, 0x02, 0x77, 0x02,
  0x0B, 0x02, 0x1F, 0x0D, 0x04, 0x02, 0x78, 0x02, 0x0B, 0x01, 0x1F, 0x0B,
  0x06, 0x02, 0x79, 0x02, 0x2A, 0x02, 0x0E, 0x02, 0x7A, 0x03, 0x02, 0x01,
  0x36, 0x02, 0x7B, 0x03, 0x02, 0x03, 0x32, 0x02, 0x0A, 0x08, 0x6B, 0x03,
  0x02, 0x01, 0x2E, 0x01, 0x03, 0x02, 0x09, 0x0C, 0x6B, 0x04, 0x2B, 0x03,
  0x03, 0x02, 0x09, 0x03, 0x08, 0x03, 0x6B, 0x02, 0x30, 0x03, 0x09, 0x02,
  0x0C, 0x02, 0x6A, 0x01, 0x2E, 0x05, 0x09, 0x02, 0x0E, 0x02, 0x68, 0x02,
  0x32, 0x02, 0x07, 0x02, 0x06, 0x03, 0x07, 0x02, 0x67, 0x02, 0x32, 0x02,
  0x07, 0x02, 0x04, 0x07, 0x06, 0x02, 0x65, 0x02, 0x33, 0x02, 0x06, 0x02,
  0x04, 0x03, 0x04, 0x02, 0x05, 0x02, 0x65, 0x02, 0x34, 0x02, 0x05, 0x02,
  0x04, 0x02, 0x06, 0x02, 0x05, 0x02, 0x64, 0x02, 0x08, 0x02, 0x13, 0x02,
  0x15, 0x02, 0x05, 0x02, 0x03, 0x05, 0x05, 0x02, 0x04, 0x02, 0x64, 0x02,
  0x09, 0x01, 0x12, 0x04, 0x14, 0x02, 0x05, 0x01, 0x04, 0x07, 0x04, 0x01,
  0x05, 0x01, 0x64, 0x02, 0x34, 0x02, 0x05, 0x01, 0x04, 0x04, 0x01, 0x03,
  0x03, 0x02, 0x04, 0x02, 0x63, 0x01, 0x35, 0x02, 0x05, 0x01, 0x04, 0x02,
  0x01, 0x02, 0x02, 0x02, 0x02, 0x02, 0x04, 0x02, 0x63, 0x01, 0x36, 0x01,
  0x05, 0x02, 0x04, 0x01, 0x01, 0x03, 0x01, 0x02, 0x02, 0x02, 0x04, 0x02,
  0x63, 0x01, 0x06, 0x04, 0x2C, 0x01, 0x05, 0x02, 0x04, 0x01, 0x02, 0x02,
  0x02, 0x02, 0x02, 0x01, 0x04, 0x02, 0x63, 0x01, 0x04, 0x07, 0x14, 0x06,
  0x11, 0x01, 0x05, 0x02, 0x04, 0x01, 0x01, 0x04, 0x01, 0x02, 0x02, 0x01,
  0x04, 0x02, 0x63, 0x01, 0x03, 0x09, 0x11, 0x09, 0x10, 0x02, 0x05, 0x02,
  0x03, 0x02, 0x02, 0x02, 0x01, 0x02, 0x01, 0x02, 0x04, 0x02, 0x63, 0x02,
  0x02, 0x06, 0x01, 0x03, 0x0F, 0x0B, 0x0F, 0x06, 0x02, 0x02, 0x02, 0x02,
  0x02, 0x02, 0x01, 0x02, 0x01, 0x02, 0x04, 0x02, 0x63, 0x02, 0x01, 0x06,
  0x03, 0x02, 0x0F, 0x02, 0x02, 0x08, 0x0D, 0x09, 0x01, 0x06, 0x02, 0x01,
  0x01, 0x02, 0x01, 0x02, 0x04, 0x02, 0x63, 0x02, 0x01, 0x06, 0x03, 0x02,
  0x0E, 0x02, 0x04, 0x04, 0x01, 0x02, 0x0D, 0x02, 0x05, 0x03, 0x02, 0x05,
  0x01, 0x03, 0x02, 0x02, 0x04, 0x02, 0x63, 0x02, 0x01, 0x06, 0x03, 0x03,
  0x0D, 0x02, 0x04, 0x05, 0x01, 0x02, 0x0C, 0x02, 0x07, 0x03, 0x03, 0x03,
  0x01, 0x02, 0x01, 0x02, 0x05, 0x02, 0x62, 0x02, 0x02, 0x07, 0x01, 0x04,
  0x0D, 0x02, 0x03, 0x06, 0x01, 0x02, 0x0C, 0x02, 0x08, 0x03, 0x04, 0x03,
  0x02, 0x02, 0x05, 0x01, 0x62, 0x03, 0x02, 0x01, 0x01, 0x0A, 0x0C, 0x0C,
  0x01, 0x02, 0x0B, 0x03, 0x09, 0x03, 0x04, 0x01, 0x02, 0x02, 0x05, 0x02,
  0x62, 0x02, 0x03, 0x01, 0x01, 0x0A, 0x0C, 0x0C, 0x02, 0x01, 0x0B, 0x04,
  0x09, 0x02, 0x06, 0x02, 0x06, 0x02, 0x63, 0x02, 0x04, 0x02, 0x01, 0x07,
  0x0C, 0x0C, 0x02, 0x01, 0x0A, 0x02, 0x01, 0x02, 0x0A, 0x02, 0x02, 0x04,
  0x06, 0x02, 0x65, 0x02, 0x03, 0x02, 0x02, 0x06, 0x0D, 0x0B, 0x01, 0x02,
  0x0A, 0x04, 0x0B, 0x07, 0x06, 0x03, 0x64, 0x02, 0x05, 0x01, 0x01, 0x03,
  0x01, 0x02, 0x03, 0x04, 0x07, 0x06, 0x03, 0x02, 0x01, 0x02, 0x0B, 0x02,
  0x0D, 0x02, 0x0A, 0x02, 0x65, 0x02, 0x05, 0x07, 0x04, 0x04, 0x07, 0x06,
  0x03, 0x01, 0x0E, 0x03, 0x0D, 0x02, 0x09, 0x02, 0x66, 0x02, 0x01, 0x02,
  0x04, 0x04, 0x07, 0x01, 0x09, 0x06, 0x01, 0x02, 0x0C, 0x05, 0x0E, 0x01,
  0x07, 0x03, 0x66, 0x06, 0x1A, 0x07, 0x0E, 0x01, 0x11, 0x02, 0x04, 0x04,
  0x69, 0x03, 0x0D, 0x05, 0x03, 0x01, 0x07, 0x03, 0x06, 0x02, 0x08, 0x02,
  0x10, 0x08, 0x6C, 0x04, 0x0C, 0x08, 0x0F, 0x05, 0x03, 0x05, 0x10, 0x06,
  0x6F, 0x03, 0x0D, 0x02, 0x03, 0x01, 0x17, 0x06, 0x10, 0x02, 0x73, 0x04,
  0x0C, 0x02, 0x03, 0x01, 0x16, 0x03, 0x14, 0x02, 0x75, 0x04, 0x0A, 0x02,
  0x03, 0x01, 0x10, 0x02, 0x03, 0x04, 0x14, 0x02, 0x77, 0x04, 0x09, 0x02,
  0x01, 0x02, 0x11, 0x06, 0x16, 0x02, 0x79, 0x04, 0x08, 0x03, 0x12, 0x04,
  0x0A, 0x01, 0x0D, 0x02, 0x7B, 0x06, 0x16, 0x06, 0x0B, 0x01, 0x0D, 0x02,
  0x7E, 0x06, 0x0D, 0x09, 0x0E, 0x01, 0x0D, 0x02, 0x7D, 0x04, 0x0F, 0x06,
  0x12, 0x01, 0x0E, 0x02, 0x7C, 0x02, 0x01, 0x01, 0x12, 0x02, 0x13, 0x02,
  0x0D, 0x02, 0x7B, 0x02, 0x02, 0x02, 0x01, 0x01, 0x0E, 0x02, 0x0E, 0x01,
  0x05, 0x02, 0x0D, 0x02, 0x71, 0x03, 0x05, 0x03, 0x04, 0x03, 0x0D, 0x02,
  0x0E, 0x02, 0x06, 0x03, 0x0B, 0x02, 0x6E, 0x04, 0x01, 0x08, 0x06, 0x03,
  0x0B, 0x02, 0x0F, 0x01, 0x06, 0x07, 0x07, 0x02, 0x6B, 0x07, 0x03, 0x06,
  0x08, 0x02, 0x02, 0x01, 0x07, 0x03, 0x0E, 0x02, 0x04, 0x04, 0x0C, 0x02,
  0x6A, 0x05, 0x01, 0x07, 0x02, 0x04, 0x07, 0x05, 0x06, 0x02, 0x0F, 0x01,
  0x03, 0x05, 0x0C, 0x02, 0x68, 0x04, 0x03, 0x03, 0x01, 0x02, 0x02, 0x02,
  0x01, 0x01, 0x02, 0x04, 0x06, 0x04, 0x03, 0x03, 0x0F, 0x07, 0x01, 0x02,
  0x0C, 0x02, 0x67, 0x0A, 0x02, 0x03, 0x02, 0x03, 0x01, 0x07, 0x03, 0x02,
  0x01, 0x07, 0x0F, 0x05, 0x04, 0x03, 0x02, 0x02, 0x05, 0x03, 0x67, 0x02,
  0x01, 0x02, 0x02, 0x07, 0x01, 0x04, 0x01, 0x02, 0x03, 0x02, 0x01, 0x05,
  0x04, 0x04, 0x0F, 0x03, 0x07, 0x03, 0x02, 0x01, 0x05, 0x03, 0x67, 0x02,
  0x02, 0x05, 0x03, 0x02, 0x03, 0x02, 0x03, 0x06, 0x01, 0x04, 0x06, 0x02,
  0x0F, 0x03, 0x09, 0x0C, 0x68, 0x04, 0x01, 0x15, 0x02, 0x03, 0x08, 0x03,
  0x0D, 0x03, 0x0C, 0x07, 0x6B, 0x02, 0x01, 0x04, 0x03, 0x0B, 0x04, 0x03,
  0x02, 0x02, 0x07, 0x03, 0x02, 0x02, 0x07, 0x03, 0x7F, 0x02, 0x04, 0x0A,
  0x01, 0x0A, 0x04, 0x02, 0x07, 0x03, 0x02, 0x02, 0x05, 0x04, 0x80, 0x02,
  0x09, 0x0B, 0x09, 0x02, 0x08, 0x0D, 0x82, 0x02, 0x1E, 0x01, 0x0A, 0x09,
  0x84, 0x01, 0x0D, 0x05, 0x0D, 0x02, 0x95, 0x02, 0x0B, 0x08, 0x0C, 0x02,
  0x95, 0x02, 0x0B, 0x02, 0x04, 0x02, 0x0C, 0x02, 0x95, 0x02, 0x0C, 0x01,
  0x01, 0x05, 0x0D, 0x01, 0x95, 0x02, 0x0D, 0x04, 0x0F, 0x02, 0x94, 0x03,
  0x0C, 0x05, 0x0D, 0x02, 0x96, 0x04, 0x0A, 0x05, 0x0B, 0x03, 0x99, 0x06,
  0x12, 0x06, 0x9C, 0x19, 0xA4, 0x10, 0xFF, 0x00, 0xE5,
};

const uint8_t CAT_FEED_2_RLE[] PROGMEM = {
  0xFF, 0x00, 0xFF, 0x00, 0xFF, 0x00, 0xFF, 0x00, 0xFF, 0x00, 0xFF, 0x00,
  0xFF, 0x00, 0xFF, 0x00, 0xFF, 0x00, 0xFF, 0x00, 0xFF, 0x00, 0xFF, 0x00,
  0xFF, 0x00, 0xFF, 0x00, 0xFF, 0x00, 0xFF, 0x00, 0xFF, 0x00, 0xFF, 0x00,
  0x6F, 0x04, 0xB1, 0x08, 0xAD, 0x05, 0x04, 0x02, 0xAB, 0x05, 0x07, 0x01,
  0x7C, 0x06, 0x28, 0x03, 0x0A, 0x02, 0x7B, 0x0A, 0x22, 0x03, 0x09, 0x01,
  0x02, 0x02, 0x7A, 0x02, 0x05, 0x07, 0x1E, 0x03, 0x09, 0x02, 0x02, 0x02,
  0x7A, 0x02, 0x09, 0x05, 0x1B, 0x03, 0x06, 0x02, 0x02, 0x01, 0x04, 0x02,
  0x79, 0x02, 0x0C, 0x03, 0x19, 0x02, 0x08, 0x02, 0x01, 0x02, 0x04, 0x02,
  0x79, 0x02, 0x02, 0x01, 0x0B, 0x03, 0x16, 0x03, 0x08, 0x02, 0x01, 0x01,
  0x05, 0x02, 0x0B, 0x0A, 0x64, 0x02, 0x02, 0x02, 0x0B, 0x03, 0x15, 0x02,
  0x05, 0x01, 0x03, 0x04, 0x05, 0x02, 0x09, 0x05, 0x04, 0x05, 0x62, 0x02,
  0x03, 0x02, 0x02, 0x01, 0x08, 0x02, 0x14, 0x02, 0x06, 0x01, 0x04, 0x02,
  0x06, 0x02, 0x08, 0x03, 0x0A, 0x03, 0x61, 0x02, 0x04, 0x01, 0x02, 0x01,
  0x09, 0x02, 0x13, 0x02, 0x05, 0x02, 0x04, 0x01, 0x08, 0x01, 0x07, 0x03,
  0x0D, 0x02, 0x60, 0x02, 0x04, 0x02, 0x01, 0x01, 0x0A, 0x02, 0x06, 0x08,
  0x03, 0x02, 0x06, 0x02, 0x03, 0x02, 0x03, 0x01, 0x04, 0x02, 0x05, 0x02,
  0x10, 0x02, 0x5F, 0x02, 0x05, 0x03, 0x04, 0x01, 0x05, 0x02, 0x02, 0x11,
  0x07, 0x01, 0x02, 0x02, 0x01, 0x04, 0x04, 0x02, 0x05, 0x02, 0x06, 0x04,
  0x07, 0x02, 0x5E, 0x02, 0x06, 0x02, 0x04, 0x01, 0x06, 0x07, 0x09, 0x04,
  0x02, 0x01, 0x04, 0x08, 0x06, 0x02, 0x04, 0x02, 0x05, 0x08, 0x06, 0x02,
  0x5D, 0x02, 0x06, 0x02, 0x04, 0x01, 0x06, 0x03, 0x0F, 0x01, 0x03, 0x02,
  0x03, 0x03, 0x0B, 0x02, 0x03, 0x02, 0x05, 0x03, 0x04, 0x03, 0x05, 0x02,
  0x5D, 0x02, 0x02, 0x03, 0x02, 0x02, 0x02, 0x02, 0x05, 0x02, 0x11, 0x01,
  0x03, 0x02, 0x03, 0x02, 0x0C, 0x02, 0x03, 0x02, 0x04, 0x02, 0x08, 0x02,
  0x05, 0x02, 0x5C, 0x02, 0x03, 0x06, 0x02, 0x01, 0x04, 0x03, 0x12, 0x02,
  0x03, 0x01, 0x03, 0x02, 0x0C, 0x01, 0x04, 0x02, 0x04, 0x02, 0x09, 0x02,
  0x04, 0x02, 0x5C, 0x02, 0x08, 0x04, 0x03, 0x02, 0x19, 0x02, 0x01, 0x02,
  0x07, 0x02, 0x03, 0x02, 0x04, 0x01, 0x04, 0x06, 0x06, 0x02, 0x04, 0x02,
  0x5C, 0x02, 0x09, 0x03, 0x03, 0x01, 0x1B, 0x03, 0x01, 0x08, 0x04, 0x02,
  0x03, 0x02, 0x04, 0x08, 0x05, 0x02, 0x04, 0x02, 0x5B, 0x02, 0x0A, 0x02,
  0x1F, 0x0A, 0x06, 0x02, 0x03, 0x02, 0x04, 0x04, 0x02, 0x03, 0x04, 0x02,
  0x04, 0x02, 0x5B, 0x02, 0x03, 0x02, 0x05, 0x02, 0x1F, 0x03, 0x0D, 0x01,
  0x05, 0x01, 0x05, 0x04, 0x03, 0x02, 0x03, 0x02, 0x04, 0x02, 0x5C, 0x01,
  0x04, 0x08, 0x1F, 0x02, 0x0D, 0x02, 0x05, 0x02, 0x04, 0x02, 0x01, 0x03,
  0x01, 0x02, 0x03, 0x02, 0x04, 0x02, 0x5C, 0x02, 0x09, 0x03, 0x2C, 0x03,
  0x05, 0x02, 0x04, 0x02, 0x01, 0x02, 0x03, 0x02, 0x02, 0x02, 0x04, 0x02,
  0x5C, 0x02, 0x38, 0x02, 0x06, 0x02, 0x04, 0x02, 0x01, 0x03, 0x02, 0x02,
  0x02, 0x02, 0x04, 0x02, 0x5D, 0x02, 0x30, 0x03, 0x03, 0x02, 0x08, 0x02,
  0x03, 0x02, 0x01, 0x01, 0x01, 0x02, 0x01, 0x02, 0x02, 0x02, 0x04, 0x02,
  0x5E, 0x02, 0x02, 0x02, 0x2B, 0x02, 0x02, 0x03, 0x0A, 0x02, 0x03, 0x01,
  0x03, 0x02, 0x01, 0x02, 0x02, 0x02, 0x04, 0x02, 0x5E, 0x03, 0x02, 0x02,
  0x2B, 0x05, 0x0C, 0x03, 0x01, 0x02, 0x02, 0x02, 0x01, 0x02, 0x02, 0x02,
  0x04, 0x02, 0x5F, 0x05, 0x2C, 0x05, 0x0D, 0x06, 0x02, 0x01, 0x01, 0x01,
  0x03, 0x01, 0x05, 0x02, 0x61, 0x03, 0x30, 0x01, 0x02, 0x0A, 0x03, 0x05,
  0x02, 0x02, 0x02, 0x02, 0x05, 0x02, 0x62, 0x01, 0x31, 0x10, 0x04, 0x04,
  0x03, 0x02, 0x04, 0x02, 0x62, 0x02, 0x31, 0x03, 0x0A, 0x04, 0x04, 0x03,
  0x02, 0x02, 0x05, 0x02, 0x62, 0x02, 0x32, 0x01, 0x0D, 0x04, 0x06, 0x02,
  0x06, 0x02, 0x62, 0x01, 0x33, 0x02, 0x0E, 0x03, 0x04, 0x02, 0x06, 0x02,
  0x62, 0x02, 0x33, 0x02, 0x0F, 0x02, 0x02, 0x03, 0x06, 0x03, 0x62, 0x02,
  0x33, 0x02, 0x10, 0x05, 0x07, 0x02, 0x63, 0x02, 0x33, 0x02, 0x11, 0x02,
  0x08, 0x02, 0x64, 0x02, 0x33, 0x02, 0x11, 0x02, 0x07, 0x02, 0x65, 0x02,
  0x33, 0x02, 0x12, 0x02, 0x04, 0x03, 0x66, 0x02, 0x08, 0x02, 0x12, 0x03,
  0x14, 0x02, 0x12, 0x02, 0x02, 0x04, 0x67, 0x02, 0x08, 0x02, 0x12, 0x03,
  0x14, 0x02, 0x13, 0x05, 0x69, 0x02, 0x33, 0x04, 0x11, 0x03, 0x6B, 0x02,
  0x34, 0x03, 0x11, 0x02, 0x6D, 0x02, 0x34, 0x02, 0x12, 0x02, 0x6C, 0x02,
  0x33, 0x02, 0x13, 0x02, 0x6C, 0x02, 0x31, 0x03, 0x14, 0x02, 0x6C, 0x02,
  0x32, 0x02, 0x14, 0x02, 0x6C, 0x02, 0x06, 0x02, 0x17, 0x01, 0x12, 0x02,
  0x14, 0x02, 0x6A, 0x03, 0x05, 0x06, 0x12, 0x07, 0x0F, 0x03, 0x13, 0x02,
  0x6A, 0x03, 0x04, 0x08, 0x10, 0x0A, 0x0B, 0x04, 0x14, 0x02, 0x6B, 0x04,
  0x02, 0x02, 0x04, 0x03, 0x0E, 0x03, 0x05, 0x03, 0x0B, 0x02, 0x16, 0x01,
  0x6E, 0x02, 0x0A, 0x02, 0x0C, 0x02, 0x08, 0x01, 0x0C, 0x02, 0x07, 0x01,
  0x0E, 0x01, 0x6D, 0x02, 0x0B, 0x01, 0x0D, 0x02, 0x15, 0x02, 0x07, 0x01,
  0x0E, 0x02, 0x6C, 0x06, 0x21, 0x06, 0x02, 0x04, 0x08, 0x02, 0x0E, 0x01,
  0x6C, 0x04, 0x0D, 0x04, 0x12, 0x01, 0x06, 0x05, 0x08, 0x02, 0x0E, 0x02,
  0x6D, 0x03, 0x0C, 0x04, 0x18, 0x03, 0x0B, 0x02, 0x0E, 0x02, 0x6E, 0x03,
  0x21, 0x03, 0x02, 0x03, 0x07, 0x01, 0x05, 0x03, 0x0B, 0x02, 0x70, 0x03,
  0x08, 0x02, 0x02, 0x01, 0x04, 0x02, 0x0F, 0x04, 0x09, 0x02, 0x05, 0x06,
  0x07, 0x02, 0x72, 0x08, 0x02, 0x09, 0x0F, 0x05, 0x09, 0x02, 0x03, 0x03,
  0x01, 0x03, 0x08, 0x02, 0x70, 0x07, 0x02, 0x0B, 0x0E, 0x04, 0x0C, 0x01,
  0x03, 0x03, 0x0C, 0x02, 0x70, 0x05, 0x01, 0x02, 0x02, 0x06, 0x04, 0x01,
  0x0A, 0x06, 0x0E, 0x01, 0x01, 0x05, 0x0C, 0x02, 0x6D, 0x05, 0x02, 0x0A,
  0x01, 0x01, 0x02, 0x08, 0x02, 0x07, 0x0F, 0x05, 0x01, 0x01, 0x01, 0x01,
  0x02, 0x01, 0x07, 0x02, 0x6C, 0x0B, 0x02, 0x03, 0x02, 0x0D, 0x05, 0x03,
  0x10, 0x02, 0x04, 0x03, 0x02, 0x01, 0x05, 0x03, 0x6D, 0x05, 0x02, 0x07,
  0x01, 0x07, 0x03, 0x02, 0x01, 0x02, 0x02, 0x01, 0x02, 0x03, 0x10, 0x02,
  0x05, 0x04, 0x01, 0x01, 0x03, 0x04, 0x6D, 0x02, 0x02, 0x05, 0x03, 0x02,
  0x03, 0x02, 0x03, 0x06, 0x01, 0x06, 0x01, 0x02, 0x10, 0x03, 0x07, 0x09,
  0x6F, 0x04, 0x01, 0x15, 0x02, 0x09, 0x01, 0x01, 0x0E, 0x03, 0x0A, 0x04,
  0x72, 0x01, 0x02, 0x03, 0x04, 0x0C, 0x03, 0x04, 0x01, 0x02, 0x03, 0x02,
  0x01, 0x01, 0x02, 0x02, 0x08, 0x04, 0x80, 0x02, 0x04, 0x09, 0x03, 0x09,
  0x04, 0x02, 0x04, 0x03, 0x02, 0x01, 0x07, 0x04, 0x82, 0x02, 0x09, 0x0C,
  0x09, 0x02, 0x04, 0x06, 0x02, 0x06, 0x84, 0x02, 0x1E, 0x02, 0x05, 0x0B,
  0x85, 0x02, 0x0D, 0x02, 0x01, 0x02, 0x0D, 0x02, 0x0A, 0x01, 0x8A, 0x02,
  0x0C, 0x07, 0x0D, 0x01, 0x95, 0x02, 0x0B, 0x03, 0x02, 0x04, 0x0C, 0x02,
  0x94, 0x02, 0x0C, 0x07, 0x0D, 0x02, 0x94, 0x01, 0x0E, 0x05, 0x0E, 0x02,
  0x94, 0x02, 0x0D, 0x05, 0x0D, 0x03, 0x95, 0x03, 0x0B, 0x05, 0x0B, 0x04,
  0x97, 0x06, 0x14, 0x05, 0x9C, 0x1A, 0xA2, 0x12, 0xFF, 0x00, 0xE0,
};

const uint8_t CAT_FEED_3_RLE[] PROGMEM = {
  0xFF, 0x00, 0xFF, 0x00, 0xFF, 0x00, 0x21, 0x06, 0xB1, 0x0A, 0xAE, 0x02,
  0x05, 0x05, 0xAC, 0x02, 0x08, 0x04, 0x2B, 0x01, 0x7D, 0x02, 0x02, 0x01,
  0x08, 0x03, 0x24, 0x09, 0x7B, 0x02, 0x02, 0x02, 0x08, 0x03, 0x20, 0x08,
  0x02, 0x02, 0x7B, 0x02, 0x03, 0x01, 0x0A, 0x02, 0x1C, 0x06, 0x08, 0x01,
  0x7B, 0x02, 0x03, 0x02, 0x02, 0x01, 0x07, 0x02, 0x1A, 0x04, 0x0B, 0x02,
  0x79, 0x02, 0x05, 0x02, 0x01, 0x01, 0x08, 0x02, 0x17, 0x04, 0x0D, 0x02,
  0x79, 0x02, 0x05, 0x02, 0x01, 0x01, 0x08, 0x02, 0x16, 0x03, 0x0B, 0x02,
  0x02, 0x02, 0x79, 0x02, 0x06, 0x03, 0x04, 0x01, 0x04, 0x02, 0x14, 0x03,
  0x0C, 0x01, 0x03, 0x02, 0x79, 0x02, 0x06, 0x03, 0x04, 0x01, 0x04, 0x02,
  0x13, 0x03, 0x07, 0x01, 0x04, 0x02, 0x03, 0x02, 0x79, 0x01, 0x03, 0x02,
  0x03, 0x02, 0x03, 0x02, 0x05, 0x02, 0x12, 0x02, 0x07, 0x02, 0x03, 0x02,
  0x04, 0x02, 0x78, 0x02, 0x04, 0x06, 0x03, 0x02, 0x05, 0x02, 0x11, 0x02,
  0x08, 0x01, 0x03, 0x02, 0x06, 0x01, 0x78, 0x02, 0x06, 0x05, 0x01, 0x02,
  0x06, 0x02, 0x01, 0x0D, 0x03, 0x02, 0x08, 0x01, 0x02, 0x03, 0x06, 0x02,
  0x77, 0x02, 0x0A, 0x03, 0x04, 0x01, 0x02, 0x08, 0x02, 0x0A, 0x03, 0x01,
  0x04, 0x02, 0x01, 0x03, 0x03, 0x01, 0x03, 0x02, 0x77, 0x02, 0x0A, 0x03,
  0x03, 0x02, 0x01, 0x03, 0x0E, 0x04, 0x03, 0x01, 0x04, 0x09, 0x04, 0x02,
  0x77, 0x02, 0x03, 0x02, 0x06, 0x02, 0x03, 0x01, 0x02, 0x01, 0x12, 0x02,
  0x03, 0x01, 0x04, 0x07, 0x06, 0x02, 0x78, 0x01, 0x04, 0x06, 0x01, 0x02,
  0x02, 0x02, 0x15, 0x02, 0x03, 0x02, 0x02, 0x03, 0x0B, 0x01, 0x79, 0x02,
  0x05, 0x07, 0x1E, 0x02, 0x01, 0x03, 0x0B, 0x02, 0x79, 0x02, 0x0A, 0x02,
  0x1F, 0x01, 0x01, 0x02, 0x08, 0x01, 0x03, 0x02, 0x79, 0x02, 0x0B, 0x01,
  0x1F, 0x06, 0x04, 0x03, 0x03, 0x02, 0x7A, 0x02, 0x2A, 0x0B, 0x05, 0x02,
  0x7B, 0x02, 0x02, 0x02, 0x25, 0x02, 0x0D, 0x02, 0x7C, 0x03, 0x02, 0x03,
  0x32, 0x02, 0x7D, 0x03, 0x01, 0x02, 0x32, 0x03, 0x7E, 0x04, 0x33, 0x02,
  0x80, 0x02, 0x2E, 0x02, 0x03, 0x02, 0x80, 0x03, 0x2C, 0x03, 0x02, 0x03,
  0x81, 0x02, 0x30, 0x04, 0x81, 0x02, 0x2F, 0x05, 0x82, 0x02, 0x31, 0x02,
  0x83, 0x02, 0x09, 0x02, 0x26, 0x02, 0x82, 0x02, 0x09, 0x03, 0x27, 0x02,
  0x81, 0x02, 0x1F, 0x03, 0x11, 0x02, 0x81, 0x02, 0x1F, 0x03, 0x11, 0x02,
  0x81, 0x01, 0x34, 0x02, 0x80, 0x02, 0x35, 0x02, 0x7F, 0x02, 0x35, 0x02,
  0x7F, 0x02, 0x35, 0x02, 0x7F, 0x02, 0x08, 0x02, 0x2B, 0x02, 0x7F, 0x02,
  0x06, 0x06, 0x29, 0x02, 0x7F, 0x02, 0x04, 0x09, 0x28, 0x02, 0x7F, 0x02,
  0x04, 0x03, 0x04, 0x03, 0x11, 0x05, 0x11, 0x01, 0x7E, 0x03, 0x05, 0x02,
  0x06, 0x02, 0x10, 0x08, 0x0E, 0x02, 0x7D, 0x03, 0x0E, 0x02, 0x0F, 0x04,
  0x01, 0x05, 0x0D, 0x02, 0x7D, 0x02, 0x15, 0x02, 0x08, 0x02, 0x06, 0x04,
  0x0C, 0x02, 0x09, 0x08, 0x6D, 0x03, 0x01, 0x03, 0x0E, 0x04, 0x07, 0x01,
  0x08, 0x03, 0x0C, 0x02, 0x07, 0x0C, 0x6B, 0x08, 0x0E, 0x03, 0x11, 0x02,
  0x0B, 0x02, 0x06, 0x04, 0x09, 0x03, 0x69, 0x03, 0x34, 0x02, 0x05, 0x03,
  0x0C, 0x03, 0x67, 0x03, 0x04, 0x01, 0x0B, 0x01, 0x09, 0x01, 0x19, 0x03,
  0x04, 0x03, 0x0F, 0x02, 0x66, 0x04, 0x01, 0x03, 0x0B, 0x06, 0x03, 0x02,
  0x1A, 0x02, 0x03, 0x03, 0x11, 0x02, 0x67, 0x04, 0x0D, 0x0A, 0x0E, 0x04,
  0x0A, 0x02, 0x02, 0x02, 0x06, 0x06, 0x06, 0x03, 0x66, 0x03, 0x0E, 0x01,
  0x05, 0x04, 0x0F, 0x05, 0x05, 0x04, 0x02, 0x02, 0x05, 0x09, 0x06, 0x02,
  0x66, 0x03, 0x16, 0x02, 0x13, 0x01, 0x05, 0x03, 0x03, 0x02, 0x04, 0x03,
  0x06, 0x02, 0x06, 0x02, 0x66, 0x03, 0x16, 0x01, 0x0E, 0x01, 0x0A, 0x02,
  0x03, 0x02, 0x05, 0x02, 0x08, 0x02, 0x05, 0x02, 0x67, 0x03, 0x24, 0x03,
  0x06, 0x04, 0x03, 0x02, 0x04, 0x02, 0x0A, 0x02, 0x04, 0x02, 0x68, 0x03,
  0x25, 0x01, 0x06, 0x04, 0x03, 0x02, 0x04, 0x05, 0x07, 0x02, 0x05, 0x02,
  0x68, 0x04, 0x23, 0x02, 0x05, 0x02, 0x05, 0x02, 0x04, 0x07, 0x06, 0x01,
  0x05, 0x02, 0x6A, 0x04, 0x25, 0x04, 0x06, 0x02, 0x04, 0x03, 0x02, 0x03,
  0x05, 0x02, 0x04, 0x02, 0x6C, 0x06, 0x20, 0x05, 0x06, 0x02, 0x04, 0x02,
  0x01, 0x01, 0x02, 0x03, 0x04, 0x02, 0x04, 0x02, 0x6E, 0x07, 0x1B, 0x06,
  0x07, 0x02, 0x04, 0x02, 0x01, 0x03, 0x01, 0x02, 0x04, 0x02, 0x04, 0x02,
  0x71, 0x06, 0x15, 0x06, 0x02, 0x02, 0x07, 0x02, 0x04, 0x02, 0x01, 0x02,
  0x03, 0x01, 0x04, 0x02, 0x04, 0x02, 0x70, 0x02, 0x14, 0x0A, 0x05, 0x03,
  0x06, 0x02, 0x03, 0x02, 0x01, 0x03, 0x02, 0x02, 0x03, 0x02, 0x04, 0x02,
  0x70, 0x01, 0x17, 0x05, 0x09, 0x04, 0x04, 0x02, 0x03, 0x02, 0x01, 0x01,
  0x01, 0x01, 0x02, 0x02, 0x03, 0x02, 0x04, 0x02, 0x6F, 0x02, 0x1A, 0x02,
  0x0B, 0x04, 0x03, 0x02, 0x02, 0x02, 0x02, 0x03, 0x01, 0x02, 0x03, 0x01,
  0x05, 0x02, 0x6F, 0x02, 0x01, 0x01, 0x18, 0x02, 0x0D, 0x03, 0x03, 0x03,
  0x01, 0x01, 0x02, 0x02, 0x02, 0x02, 0x02, 0x02, 0x05, 0x02, 0x70, 0x03,
  0x18, 0x02, 0x0F, 0x03, 0x02, 0x05, 0x02, 0x02, 0x01, 0x01, 0x03, 0x02,
  0x05, 0x02, 0x70, 0x03, 0x14, 0x01, 0x02, 0x02, 0x11, 0x03, 0x03, 0x04,
  0x01, 0x01, 0x01, 0x02, 0x02, 0x02, 0x05, 0x02, 0x72, 0x02, 0x13, 0x02,
  0x01, 0x02, 0x13, 0x02, 0x05, 0x03, 0x01, 0x02, 0x03, 0x02, 0x05, 0x02,
  0x73, 0x01, 0x02, 0x01, 0x0F, 0x05, 0x15, 0x02, 0x05, 0x05, 0x02, 0x02,
  0x06, 0x02, 0x73, 0x02, 0x01, 0x02, 0x09, 0x02, 0x02, 0x02, 0x1A, 0x02,
  0x06, 0x02, 0x02, 0x02, 0x06, 0x02, 0x74, 0x05, 0x08, 0x06, 0x1B, 0x02,
  0x09, 0x02, 0x07, 0x02, 0x74, 0x05, 0x07, 0x05, 0x1E, 0x02, 0x06, 0x03,
  0x07, 0x02, 0x75, 0x02, 0x02, 0x02, 0x05, 0x02, 0x22, 0x02, 0x04, 0x04,
  0x07, 0x03, 0x75, 0x02, 0x03, 0x03, 0x02, 0x02, 0x23, 0x08, 0x09, 0x02,
  0x77, 0x02, 0x03, 0x03, 0x13, 0x01, 0x13, 0x05, 0x0A, 0x02, 0x78, 0x02,
  0x05, 0x01, 0x03, 0x02, 0x0D, 0x02, 0x13, 0x02, 0x0B, 0x03, 0x79, 0x02,
  0x06, 0x01, 0x02, 0x02, 0x0D, 0x02, 0x13, 0x02, 0x0A, 0x03, 0x7A, 0x02,
  0x06, 0x03, 0x01, 0x01, 0x0D, 0x02, 0x01, 0x02, 0x10, 0x02, 0x08, 0x04,
  0x7C, 0x02, 0x06, 0x04, 0x0D, 0x02, 0x01, 0x02, 0x10, 0x02, 0x05, 0x05,
  0x7E, 0x02, 0x08, 0x02, 0x0D, 0x02, 0x01, 0x02, 0x10, 0x0A, 0x6A, 0x08,
  0x0E, 0x02, 0x09, 0x01, 0x0C, 0x02, 0x02, 0x02, 0x0F, 0x08, 0x67, 0x13,
  0x0A, 0x02, 0x08, 0x02, 0x0B, 0x02, 0x02, 0x02, 0x0F, 0x02, 0x6B, 0x18,
  0x07, 0x02, 0x08, 0x02, 0x0B, 0x02, 0x03, 0x01, 0x0F, 0x02, 0x69, 0x09,
  0x0A, 0x08, 0x06, 0x02, 0x08, 0x02, 0x0A, 0x02, 0x03, 0x04, 0x0C, 0x02,
  0x6A, 0x04, 0x08, 0x03, 0x08, 0x02, 0x01, 0x02, 0x04, 0x02, 0x09, 0x01,
  0x0B, 0x02, 0x01, 0x08, 0x09, 0x03, 0x69, 0x02, 0x01, 0x03, 0x06, 0x02,
  0x01, 0x02, 0x07, 0x02, 0x01, 0x02, 0x04, 0x02, 0x08, 0x02, 0x0A, 0x06,
  0x0F, 0x02, 0x6A, 0x0E, 0x02, 0x09, 0x01, 0x04, 0x02, 0x02, 0x08, 0x02,
  0x0B, 0x05, 0x0F, 0x02, 0x6B, 0x01, 0x02, 0x18, 0x01, 0x02, 0x02, 0x04,
  0x01, 0x01, 0x04, 0x01, 0x0B, 0x07, 0x02, 0x01, 0x09, 0x03, 0x6B, 0x02,
  0x04, 0x14, 0x03, 0x02, 0x03, 0x03, 0x01, 0x01, 0x03, 0x02, 0x01, 0x01,
  0x02, 0x01, 0x06, 0x02, 0x02, 0x03, 0x02, 0x01, 0x07, 0x04, 0x6C, 0x02,
  0x08, 0x0B, 0x09, 0x02, 0x03, 0x0B, 0x02, 0x01, 0x05, 0x02, 0x04, 0x05,
  0x03, 0x06, 0x6E, 0x02, 0x0C, 0x01, 0x01, 0x01, 0x0D, 0x02, 0x04, 0x0A,
  0x01, 0x02, 0x03, 0x03, 0x06, 0x0B, 0x70, 0x01, 0x0C, 0x05, 0x0C, 0x02,
  0x0C, 0x0A, 0x0B, 0x02, 0x74, 0x02, 0x0B, 0x03, 0x01, 0x03, 0x0B, 0x02,
  0x0F, 0x04, 0x84, 0x02, 0x0B, 0x02, 0x01, 0x01, 0x01, 0x02, 0x0C, 0x02,
  0x96, 0x02, 0x0B, 0x07, 0x0C, 0x02, 0x96, 0x02, 0x0C, 0x05, 0x0C, 0x03,
  0x97, 0x03, 0x0A, 0x05, 0x0B, 0x03, 0x99, 0x05, 0x08, 0x01, 0x01, 0x01,
  0x08, 0x05, 0x9D, 0x0D, 0x01, 0x0B, 0xA3, 0x11, 0xFF, 0x00, 0xE8,
};

const uint8_t CAT_WATER_0_RLE[] PROGMEM = {
  0xFF, 0x00, 0xFF, 0x00, 0xFF, 0x00, 0xFF, 0x00, 0xFF, 0x00, 0xFF, 0x00,
  0x08, 0x05, 0xB2, 0x09, 0x24, 0x07, 0x84, 0x02, 0x05, 0x05, 0x1F, 0x06,
  0x02, 0x02, 0x82, 0x02, 0x09, 0x03, 0x1C, 0x04, 0x06, 0x02, 0x82, 0x02,
  0x0B, 0x03, 0x18, 0x04, 0x09, 0x01, 0x82, 0x02, 0x02, 0x02, 0x08, 0x03,
  0x16, 0x03, 0x08, 0x01, 0x02, 0x02, 0x81, 0x01, 0x04, 0x01, 0x02, 0x02,
  0x05, 0x03, 0x13, 0x03, 0x09, 0x01, 0x03, 0x02, 0x80, 0x02, 0x04, 0x02,
  0x01, 0x02, 0x07, 0x02, 0x11, 0x03, 0x09, 0x02, 0x03, 0x02, 0x80, 0x02,
  0x05, 0x01, 0x01, 0x02, 0x07, 0x02, 0x11, 0x02, 0x05, 0x02, 0x03, 0x01,
  0x05, 0x01, 0x80, 0x02, 0x05, 0x03, 0x03, 0x01, 0x05, 0x02, 0x0F, 0x02,
  0x06, 0x01, 0x03, 0x02, 0x05, 0x02, 0x7F, 0x02, 0x02, 0x02, 0x02, 0x02,
  0x03, 0x02, 0x05, 0x02, 0x0D, 0x02, 0x07, 0x01, 0x02, 0x02, 0x06, 0x02,
  0x7F, 0x02, 0x03, 0x05, 0x03, 0x02, 0x05, 0x02, 0x0D, 0x02, 0x07, 0x01,
  0x01, 0x02, 0x02, 0x02, 0x03, 0x02, 0x7F, 0x02, 0x07, 0x02, 0x02, 0x01,
  0x06, 0x02, 0x01, 0x09, 0x02, 0x02, 0x03, 0x01, 0x04, 0x07, 0x04, 0x02,
  0x7F, 0x02, 0x08, 0x04, 0x03, 0x01, 0x02, 0x10, 0x03, 0x01, 0x04, 0x02,
  0x09, 0x02, 0x7F, 0x02, 0x09, 0x02, 0x03, 0x06, 0x0B, 0x03, 0x03, 0x01,
  0x03, 0x02, 0x0A, 0x02, 0x7F, 0x02, 0x03, 0x03, 0x01, 0x04, 0x03, 0x01,
  0x01, 0x01, 0x10, 0x01, 0x03, 0x02, 0x01, 0x02, 0x0B, 0x02, 0x7F, 0x02,
  0x04, 0x07, 0x1B, 0x03, 0x06, 0x03, 0x03, 0x02, 0x80, 0x02, 0x09, 0x02,
  0x1A, 0x0A, 0x05, 0x02, 0x80, 0x02, 0x0A, 0x01, 0x1A, 0x02, 0x04, 0x01,
  0x08, 0x01, 0x81, 0x02, 0x02, 0x01, 0x22, 0x01, 0x0D, 0x02, 0x79, 0x01,
  0x08, 0x02, 0x01, 0x03, 0x2E, 0x02, 0x79, 0x02, 0x08, 0x02, 0x01, 0x03,
  0x28, 0x02, 0x02, 0x02, 0x7B, 0x02, 0x08, 0x04, 0x26, 0x04, 0x03, 0x02,
  0x7C, 0x02, 0x08, 0x02, 0x27, 0x02, 0x03, 0x03, 0x7E, 0x01, 0x07, 0x02,
  0x2B, 0x04, 0x7A, 0x02, 0x0A, 0x02, 0x2B, 0x04, 0x7B, 0x05, 0x07, 0x02,
  0x2D, 0x02, 0x7E, 0x02, 0x07, 0x01, 0x2F, 0x02, 0x85, 0x02, 0x2F, 0x02,
  0x7D, 0x01, 0x07, 0x02, 0x06, 0x02, 0x27, 0x02, 0x7A, 0x04, 0x07, 0x01,
  0x06, 0x04, 0x10, 0x03, 0x14, 0x02, 0x83, 0x02, 0x1A, 0x03, 0x14, 0x02,
  0x83, 0x02, 0x31, 0x02, 0x83, 0x02, 0x31, 0x02, 0x83, 0x02, 0x31, 0x02,
  0x83, 0x02, 0x04, 0x04, 0x29, 0x02, 0x83, 0x02, 0x03, 0x06, 0x11, 0x06,
  0x11, 0x02, 0x83, 0x02, 0x03, 0x07, 0x0F, 0x08, 0x10, 0x02, 0x83, 0x02,
  0x02, 0x02, 0x01, 0x02, 0x01, 0x03, 0x0D, 0x07, 0x01, 0x02, 0x0F, 0x02,
  0x83, 0x02, 0x01, 0x02, 0x01, 0x02, 0x03, 0x02, 0x0D, 0x02, 0x02, 0x04,
  0x01, 0x02, 0x0E, 0x02, 0x83, 0x02, 0x01, 0x02, 0x01, 0x02, 0x03, 0x02,
  0x0C, 0x02, 0x04, 0x03, 0x02, 0x02, 0x0D, 0x01, 0x83, 0x03, 0x01, 0x06,
  0x02, 0x02, 0x0C, 0x02, 0x03, 0x05, 0x01, 0x02, 0x0C, 0x02, 0x0B, 0x02,
  0x75, 0x03, 0x02, 0x0A, 0x0C, 0x03, 0x02, 0x05, 0x01, 0x02, 0x0D, 0x03,
  0x05, 0x0A, 0x71, 0x02, 0x04, 0x09, 0x0C, 0x0A, 0x01, 0x02, 0x0E, 0x02,
  0x03, 0x05, 0x04, 0x04, 0x71, 0x02, 0x03, 0x01, 0x01, 0x07, 0x0C, 0x0A,
  0x01, 0x02, 0x0D, 0x03, 0x02, 0x03, 0x0A, 0x02, 0x6D, 0x06, 0x04, 0x01,
  0x01, 0x05, 0x03, 0x01, 0x08, 0x0A, 0x01, 0x02, 0x0C, 0x03, 0x02, 0x03,
  0x0C, 0x02, 0x6A, 0x09, 0x03, 0x06, 0x03, 0x04, 0x06, 0x06, 0x02, 0x02,
  0x01, 0x01, 0x04, 0x05, 0x02, 0x03, 0x03, 0x03, 0x0E, 0x02, 0x6E, 0x02,
  0x06, 0x05, 0x03, 0x03, 0x08, 0x02, 0x01, 0x02, 0x01, 0x02, 0x05, 0x03,
  0x07, 0x03, 0x02, 0x02, 0x07, 0x02, 0x07, 0x02, 0x6E, 0x03, 0x05, 0x02,
  0x11, 0x07, 0x0F, 0x03, 0x01, 0x02, 0x05, 0x07, 0x06, 0x01, 0x6C, 0x05,
  0x0D, 0x02, 0x0A, 0x05, 0x0E, 0x04, 0x02, 0x02, 0x04, 0x03, 0x03, 0x03,
  0x05, 0x02, 0x69, 0x03, 0x02, 0x02, 0x0B, 0x05, 0x01, 0x02, 0x11, 0x05,
  0x03, 0x02, 0x04, 0x02, 0x04, 0x02, 0x06, 0x02, 0x04, 0x02, 0x68, 0x02,
  0x05, 0x02, 0x0B, 0x06, 0x15, 0x03, 0x01, 0x03, 0x04, 0x02, 0x03, 0x02,
  0x01, 0x01, 0x06, 0x01, 0x05, 0x02, 0x6E, 0x03, 0x0B, 0x01, 0x02, 0x02,
  0x17, 0x04, 0x05, 0x02, 0x03, 0x06, 0x04, 0x02, 0x04, 0x02, 0x6F, 0x03,
  0x0A, 0x01, 0x02, 0x02, 0x16, 0x04, 0x06, 0x02, 0x03, 0x03, 0x02, 0x03,
  0x02, 0x02, 0x04, 0x02, 0x71, 0x03, 0x09, 0x03, 0x16, 0x04, 0x07, 0x02,
  0x03, 0x04, 0x02, 0x02, 0x03, 0x01, 0x04, 0x02, 0x72, 0x04, 0x1D, 0x04,
  0x02, 0x03, 0x06, 0x01, 0x03, 0x02, 0x01, 0x03, 0x01, 0x02, 0x02, 0x02,
  0x04, 0x01, 0x74, 0x05, 0x18, 0x04, 0x05, 0x03, 0x05, 0x02, 0x02, 0x02,
  0x01, 0x03, 0x01, 0x02, 0x02, 0x02, 0x04, 0x01, 0x76, 0x07, 0x0F, 0x07,
  0x09, 0x03, 0x04, 0x05, 0x01, 0x03, 0x01, 0x02, 0x02, 0x02, 0x04, 0x01,
  0x79, 0x04, 0x0E, 0x04, 0x01, 0x02, 0x0C, 0x03, 0x03, 0x04, 0x03, 0x01,
  0x01, 0x02, 0x02, 0x01, 0x04, 0x02, 0x79, 0x02, 0x16, 0x01, 0x0D, 0x03,
  0x04, 0x02, 0x03, 0x01, 0x01, 0x02, 0x01, 0x02, 0x04, 0x02, 0x78, 0x02,
  0x01, 0x01, 0x15, 0x01, 0x0F, 0x02, 0x04, 0x03, 0x02, 0x02, 0x02, 0x02,
  0x04, 0x02, 0x78, 0x04, 0x15, 0x01, 0x10, 0x02, 0x04, 0x03, 0x01, 0x02,
  0x01, 0x02, 0x05, 0x02, 0x79, 0x03, 0x12, 0x01, 0x01, 0x02, 0x10, 0x02,
  0x06, 0x03, 0x02, 0x02, 0x04, 0x02, 0x7B, 0x02, 0x12, 0x03, 0x12, 0x02,
  0x06, 0x01, 0x02, 0x02, 0x05, 0x02, 0x7B, 0x02, 0x10, 0x02, 0x01, 0x01,
  0x14, 0x02, 0x07, 0x02, 0x06, 0x01, 0x7C, 0x02, 0x01, 0x02, 0x09, 0x02,
  0x01, 0x02, 0x17, 0x02, 0x05, 0x03, 0x06, 0x02, 0x7D, 0x04, 0x08, 0x05,
  0x18, 0x09, 0x06, 0x02, 0x7F, 0x04, 0x05, 0x03, 0x1D, 0x05, 0x08, 0x03,
  0x7F, 0x01, 0x02, 0x02, 0x04, 0x01, 0x1F, 0x02, 0x0A, 0x03, 0x80, 0x02,
  0x02, 0x02, 0x02, 0x01, 0x20, 0x02, 0x09, 0x03, 0x81, 0x02, 0x09, 0x01,
  0x1D, 0x02, 0x07, 0x03, 0x83, 0x02, 0x05, 0x02, 0x01, 0x02, 0x0B, 0x02,
  0x01, 0x02, 0x0D, 0x02, 0x04, 0x05, 0x84, 0x02, 0x06, 0x04, 0x0B, 0x02,
  0x01, 0x01, 0x0E, 0x09, 0x87, 0x01, 0x07, 0x03, 0x0B, 0x02, 0x01, 0x01,
  0x0E, 0x02, 0x76, 0x08, 0x10, 0x02, 0x07, 0x02, 0x0B, 0x01, 0x02, 0x01,
  0x0E, 0x02, 0x71, 0x12, 0x0B, 0x02, 0x08, 0x01, 0x0B, 0x01, 0x02, 0x01,
  0x0E, 0x02, 0x6E, 0x18, 0x08, 0x02, 0x07, 0x02, 0x0A, 0x02, 0x02, 0x02,
  0x0C, 0x02, 0x6D, 0x0B, 0x06, 0x0A, 0x07, 0x02, 0x07, 0x02, 0x0A, 0x02,
  0x02, 0x02, 0x0C, 0x02, 0x6C, 0x03, 0x01, 0x02, 0x06, 0x05, 0x07, 0x02,
  0x01, 0x03, 0x04, 0x02, 0x08, 0x02, 0x0A, 0x01, 0x02, 0x06, 0x08, 0x02,
  0x6D, 0x01, 0x02, 0x01, 0x02, 0x12, 0x02, 0x01, 0x01, 0x02, 0x04, 0x02,
  0x08, 0x02, 0x09, 0x05, 0x03, 0x02, 0x08, 0x02, 0x6C, 0x02, 0x01, 0x05,
  0x10, 0x05, 0x01, 0x02, 0x03, 0x01, 0x01, 0x01, 0x06, 0x02, 0x0A, 0x04,
  0x0D, 0x02, 0x6D, 0x02, 0x02, 0x03, 0x12, 0x03, 0x01, 0x03, 0x03, 0x03,
  0x01, 0x02, 0x03, 0x01, 0x0A, 0x02, 0x02, 0x01, 0x01, 0x01, 0x02, 0x01,
  0x07, 0x02, 0x6E, 0x04, 0x01, 0x07, 0x07, 0x07, 0x02, 0x04, 0x03, 0x03,
  0x01, 0x01, 0x03, 0x02, 0x01, 0x01, 0x08, 0x02, 0x01, 0x04, 0x01, 0x02,
  0x05, 0x03, 0x6E, 0x02, 0x02, 0x03, 0x03, 0x0E, 0x03, 0x03, 0x01, 0x02,
  0x04, 0x0B, 0x02, 0x01, 0x04, 0x02, 0x03, 0x03, 0x01, 0x02, 0x02, 0x05,
  0x6F, 0x02, 0x04, 0x06, 0x0A, 0x06, 0x04, 0x01, 0x06, 0x05, 0x01, 0x03,
  0x02, 0x01, 0x03, 0x02, 0x05, 0x0A, 0x71, 0x02, 0x08, 0x0E, 0x08, 0x02,
  0x0C, 0x09, 0x09, 0x03, 0x75, 0x02, 0x1E, 0x02, 0x0E, 0x05, 0x82, 0x02,
  0x0D, 0x02, 0x01, 0x02, 0x0D, 0x02, 0x95, 0x02, 0x0D, 0x05, 0x0E, 0x01,
  0x95, 0x02, 0x0B, 0x04, 0x01, 0x04, 0x0C, 0x02, 0x94, 0x02, 0x0B, 0x02,
  0x02, 0x01, 0x01, 0x03, 0x0C, 0x02, 0x94, 0x01, 0x0C, 0x09, 0x0C, 0x02,
  0x94, 0x02, 0x0D, 0x05, 0x0E, 0x02, 0x95, 0x02, 0x0C, 0x05, 0x0C, 0x03,
  0x97, 0x03, 0x0A, 0x05, 0x0A, 0x04, 0x99, 0x06, 0x12, 0x05, 0x9E, 0x18,
  0xA4, 0x10, 0xFF, 0x00, 0xE4,
};

const uint8_t CAT_WATER_1_RLE[] PROGMEM = {
  0xFF, 0x00, 0xFF, 0x00, 0xFF, 0x00, 0xFF, 0x00, 0xFF, 0x00, 0xFF, 0x00,
  0xFF, 0x00, 0xFF, 0x00, 0xFF, 0x00, 0xFF, 0x00, 0xFF, 0x00, 0xFF, 0x00,
  0xBC, 0x08, 0xAE, 0x0C, 0xAB, 0x03, 0x08, 0x04, 0xA8, 0x03, 0x0B, 0x03,
  0xA6, 0x02, 0x0E, 0x02, 0x97, 0x08, 0x07, 0x02, 0x0F, 0x02, 0x6B, 0x02,
  0x26, 0x08, 0x01, 0x02, 0x06, 0x02, 0x07, 0x03, 0x07, 0x02, 0x68, 0x0A,
  0x1F, 0x04, 0x06, 0x02, 0x06, 0x02, 0x05, 0x07, 0x06, 0x01, 0x68, 0x02,
  0x04, 0x07, 0x1A, 0x03, 0x0A, 0x02, 0x04, 0x02, 0x05, 0x02, 0x05, 0x02,
  0x05, 0x02, 0x66, 0x02, 0x0A, 0x04, 0x17, 0x03, 0x0B, 0x02, 0x04, 0x02,
  0x04, 0x02, 0x07, 0x02, 0x04, 0x02, 0x66, 0x02, 0x0C, 0x03, 0x15, 0x02,
  0x09, 0x01, 0x03, 0x02, 0x04, 0x02, 0x04, 0x02, 0x08, 0x01, 0x05, 0x02,
  0x65, 0x02, 0x0E, 0x02, 0x13, 0x02, 0x0A, 0x01, 0x03, 0x02, 0x04, 0x02,
  0x04, 0x07, 0x03, 0x02, 0x04, 0x02, 0x65, 0x02, 0x03, 0x01, 0x0B, 0x02,
  0x11, 0x02, 0x0A, 0x02, 0x03, 0x02, 0x04, 0x02, 0x04, 0x03, 0x02, 0x03,
  0x02, 0x02, 0x04, 0x02, 0x65, 0x02, 0x03, 0x02, 0x03, 0x01, 0x07, 0x02,
  0x0F, 0x02, 0x06, 0x02, 0x03, 0x01, 0x04, 0x02, 0x05, 0x01, 0x04, 0x04,
  0x03, 0x02, 0x02, 0x01, 0x04, 0x02, 0x65, 0x02, 0x04, 0x02, 0x02, 0x01,
  0x08, 0x02, 0x0E, 0x02, 0x06, 0x01, 0x03, 0x02, 0x05, 0x01, 0x05, 0x02,
  0x03, 0x02, 0x01, 0x03, 0x01, 0x02, 0x02, 0x02, 0x03, 0x02, 0x65, 0x02,
  0x05, 0x01, 0x02, 0x01, 0x08, 0x02, 0x0D, 0x02, 0x07, 0x01, 0x02, 0x02,
  0x06, 0x01, 0x05, 0x02, 0x03, 0x02, 0x01, 0x03, 0x01, 0x02, 0x02, 0x02,
  0x03, 0x02, 0x65, 0x02, 0x05, 0x04, 0x03, 0x01, 0x05, 0x02, 0x04, 0x07,
  0x01, 0x02, 0x07, 0x01, 0x01, 0x02, 0x02, 0x02, 0x03, 0x02, 0x05, 0x03,
  0x01, 0x02, 0x01, 0x03, 0x02, 0x01, 0x02, 0x02, 0x03, 0x02, 0x65, 0x02,
  0x06, 0x02, 0x04, 0x01, 0x05, 0x10, 0x02, 0x02, 0x03, 0x07, 0x04, 0x02,
  0x06, 0x05, 0x03, 0x01, 0x02, 0x01, 0x02, 0x02, 0x03, 0x02, 0x65, 0x02,
  0x03, 0x06, 0x03, 0x01, 0x05, 0x05, 0x09, 0x01, 0x03, 0x02, 0x03, 0x02,
  0x09, 0x02, 0x08, 0x04, 0x02, 0x02, 0x01, 0x01, 0x02, 0x01, 0x04, 0x02,
  0x65, 0x02, 0x04, 0x05, 0x03, 0x01, 0x04, 0x03, 0x0C, 0x01, 0x03, 0x02,
  0x02, 0x02, 0x0A, 0x01, 0x0B, 0x03, 0x03, 0x02, 0x01, 0x02, 0x04, 0x02,
  0x65, 0x02, 0x08, 0x02, 0x01, 0x02, 0x03, 0x02, 0x13, 0x01, 0x02, 0x01,
  0x0B, 0x01, 0x0C, 0x04, 0x01, 0x01, 0x02, 0x02, 0x04, 0x02, 0x66, 0x01,
  0x09, 0x04, 0x02, 0x02, 0x14, 0x04, 0x05, 0x02, 0x03, 0x0A, 0x06, 0x04,
  0x01, 0x02, 0x04, 0x02, 0x67, 0x02, 0x02, 0x02, 0x05, 0x02, 0x1A, 0x09,
  0x04, 0x0C, 0x06, 0x01, 0x02, 0x02, 0x04, 0x02, 0x67, 0x02, 0x03, 0x08,
  0x1A, 0x02, 0x03, 0x02, 0x06, 0x02, 0x08, 0x04, 0x06, 0x02, 0x05, 0x01,
  0x68, 0x02, 0x05, 0x02, 0x03, 0x02, 0x18, 0x02, 0x0B, 0x02, 0x0C, 0x02,
  0x03, 0x03, 0x05, 0x02, 0x69, 0x02, 0x0A, 0x01, 0x25, 0x02, 0x0D, 0x06,
  0x05, 0x02, 0x6A, 0x02, 0x2B, 0x03, 0x01, 0x02, 0x0F, 0x03, 0x06, 0x02,
  0x6C, 0x02, 0x02, 0x01, 0x25, 0x03, 0x02, 0x02, 0x11, 0x02, 0x05, 0x03,
  0x6D, 0x02, 0x01, 0x03, 0x27, 0x03, 0x12, 0x02, 0x03, 0x03, 0x6F, 0x04,
  0x26, 0x03, 0x01, 0x02, 0x12, 0x01, 0x01, 0x03, 0x72, 0x03, 0x2A, 0x02,
  0x12, 0x04, 0x73, 0x02, 0x2C, 0x01, 0x13, 0x01, 0x75, 0x02, 0x2C, 0x02,
  0x12, 0x02, 0x73, 0x02, 0x2D, 0x02, 0x12, 0x02, 0x73, 0x02, 0x2E, 0x01,
  0x12, 0x02, 0x73, 0x02, 0x2E, 0x02, 0x11, 0x02, 0x73, 0x02, 0x06, 0x01,
  0x27, 0x02, 0x12, 0x01, 0x73, 0x01, 0x06, 0x03, 0x0F, 0x03, 0x14, 0x02,
  0x12, 0x01, 0x73, 0x01, 0x18, 0x01, 0x16, 0x02, 0x11, 0x02, 0x72, 0x02,
  0x2F, 0x02, 0x11, 0x02, 0x73, 0x01, 0x2F, 0x02, 0x11, 0x02, 0x73, 0x01,
  0x2F, 0x02, 0x11, 0x02, 0x73, 0x02, 0x04, 0x03, 0x12, 0x04, 0x11, 0x01,
  0x12, 0x03, 0x72, 0x02, 0x03, 0x05, 0x10, 0x07, 0x0F, 0x03, 0x04, 0x01,
  0x0D, 0x02, 0x71, 0x02, 0x02, 0x02, 0x01, 0x04, 0x0E, 0x05, 0x01, 0x03,
  0x0F, 0x02, 0x04, 0x01, 0x0D, 0x02, 0x71, 0x02, 0x02, 0x05, 0x01, 0x02,
  0x0C, 0x07, 0x01, 0x02, 0x0F, 0x02, 0x04, 0x01, 0x0D, 0x02, 0x72, 0x01,
  0x02, 0x01, 0x01, 0x02, 0x02, 0x02, 0x0B, 0x02, 0x03, 0x04, 0x01, 0x02,
  0x0D, 0x02, 0x05, 0x01, 0x0E, 0x01, 0x72, 0x01, 0x02, 0x01, 0x01, 0x02,
  0x03, 0x01, 0x0B, 0x02, 0x03, 0x04, 0x02, 0x02, 0x0B, 0x03, 0x05, 0x01,
  0x0E, 0x01, 0x70, 0x03, 0x02, 0x01, 0x01, 0x03, 0x01, 0x03, 0x0A, 0x02,
  0x03, 0x05, 0x01, 0x02, 0x0A, 0x03, 0x06, 0x02, 0x0D, 0x01, 0x70, 0x02,
  0x03, 0x09, 0x0A, 0x03, 0x01, 0x06, 0x01, 0x02, 0x0C, 0x02, 0x05, 0x02,
  0x0D, 0x01, 0x71, 0x02, 0x02, 0x09, 0x0A, 0x0A, 0x01, 0x02, 0x04, 0x04,
  0x03, 0x02, 0x07, 0x02, 0x0C, 0x01, 0x70, 0x04, 0x03, 0x07, 0x0A, 0x0A,
  0x01, 0x02, 0x02, 0x03, 0x05, 0x02, 0x08, 0x07, 0x06, 0x02, 0x6E, 0x07,
  0x03, 0x01, 0x01, 0x04, 0x0B, 0x05, 0x02, 0x02, 0x05, 0x01, 0x06, 0x02,
  0x04, 0x01, 0x03, 0x02, 0x01, 0x05, 0x06, 0x02, 0x6E, 0x01, 0x03, 0x02,
  0x04, 0x05, 0x03, 0x03, 0x06, 0x06, 0x01, 0x01, 0x0D, 0x02, 0x04, 0x02,
  0x01, 0x02, 0x03, 0x01, 0x09, 0x02, 0x73, 0x02, 0x04, 0x03, 0x04, 0x03,
  0x07, 0x07, 0x06, 0x04, 0x02, 0x02, 0x05, 0x04, 0x03, 0x02, 0x09, 0x02,
  0x71, 0x05, 0x15, 0x05, 0x09, 0x05, 0x06, 0x03, 0x03, 0x02, 0x0A, 0x01,
  0x71, 0x02, 0x02, 0x02, 0x09, 0x01, 0x01, 0x02, 0x02, 0x01, 0x14, 0x04,
  0x06, 0x02, 0x04, 0x02, 0x01, 0x01, 0x07, 0x02, 0x70, 0x02, 0x04, 0x03,
  0x07, 0x07, 0x12, 0x03, 0x09, 0x02, 0x04, 0x04, 0x02, 0x01, 0x04, 0x02,
  0x77, 0x03, 0x08, 0x02, 0x01, 0x02, 0x10, 0x04, 0x0A, 0x02, 0x04, 0x03,
  0x02, 0x02, 0x03, 0x02, 0x7A, 0x04, 0x06, 0x01, 0x01, 0x02, 0x0E, 0x04,
  0x0B, 0x02, 0x06, 0x0A, 0x7D, 0x05, 0x04, 0x02, 0x0B, 0x07, 0x0C, 0x02,
  0x07, 0x07, 0x80, 0x0E, 0x06, 0x04, 0x02, 0x02, 0x0B, 0x02, 0x8E, 0x02,
  0x05, 0x08, 0x0B, 0x02, 0x0C, 0x02, 0x8D, 0x02, 0x0B, 0x03, 0x01, 0x02,
  0x03, 0x06, 0x0C, 0x02, 0x8E, 0x02, 0x01, 0x01, 0x0A, 0x0D, 0x0C, 0x02,
  0x84, 0x12, 0x06, 0x02, 0x02, 0x01, 0x02, 0x04, 0x01, 0x02, 0x01, 0x01,
  0x09, 0x02, 0x82, 0x17, 0x03, 0x02, 0x0B, 0x04, 0x02, 0x01, 0x05, 0x02,
  0x81, 0x16, 0x01, 0x06, 0x0D, 0x03, 0x02, 0x01, 0x03, 0x03, 0x81, 0x02,
  0x01, 0x04, 0x0F, 0x03, 0x02, 0x02, 0x0F, 0x0A, 0x81, 0x02, 0x01, 0x02,
  0x03, 0x0F, 0x03, 0x02, 0x01, 0x02, 0x0F, 0x07, 0x82, 0x02, 0x01, 0x02,
  0x01, 0x04, 0x0D, 0x04, 0x01, 0x02, 0x01, 0x01, 0x98, 0x02, 0x01, 0x03,
  0x04, 0x03, 0x0E, 0x02, 0x02, 0x02, 0x97, 0x02, 0x02, 0x03, 0x13, 0x03,
  0x01, 0x03, 0x97, 0x01, 0x01, 0x02, 0x02, 0x05, 0x0A, 0x06, 0x02, 0x04,
  0x96, 0x02, 0x02, 0x03, 0x02, 0x10, 0x03, 0x03, 0x02, 0x01, 0x96, 0x02,
  0x04, 0x05, 0x0D, 0x05, 0x04, 0x02, 0x95, 0x02, 0x07, 0x10, 0x08, 0x02,
  0x95, 0x01, 0x20, 0x02, 0x94, 0x02, 0x0E, 0x01, 0x02, 0x01, 0x0F, 0x01,
  0x94, 0x02, 0x0D, 0x06, 0x0E, 0x02, 0x93, 0x02, 0x0C, 0x08, 0x0D, 0x02,
  0x93, 0x01, 0x0D, 0x02, 0x01, 0x02, 0x01, 0x02, 0x0D, 0x02, 0x93, 0x02,
  0x0C, 0x08, 0x0D, 0x02, 0x93, 0x02, 0x0E, 0x04, 0x0E, 0x02, 0x95, 0x03,
  0x0B, 0x06, 0x0C, 0x03, 0x96, 0x04, 0x0A, 0x04, 0x0B, 0x03, 0x9A, 0x06,
  0x11, 0x06, 0x9E, 0x17, 0xA5, 0x0F, 0xFF, 0x00, 0xE1,
};

const uint8_t CAT_WATER_2_RLE[] PROGMEM = {
  0xFF, 0x00, 0xFF, 0x00, 0xFF, 0x00, 0xFF, 0x00, 0xFF, 0x00, 0xFF, 0x00,
  0xFF, 0x00, 0xFF, 0x00, 0xFF, 0x00, 0xFF, 0x00, 0xFF, 0x00, 0xFF, 0x00,
  0xFF, 0x00, 0x74, 0x09, 0xAD, 0x0D, 0xAA, 0x03, 0x09, 0x03, 0xA8, 0x02,
  0x0D, 0x02, 0xA6, 0x02, 0x0F, 0x02, 0xA4, 0x02, 0x11, 0x02, 0xA3, 0x02,
  0x06, 0x05, 0x07, 0x02, 0xA1, 0x02, 0x06, 0x08, 0x05, 0x02, 0xA1, 0x02,
  0x05, 0x02, 0x05, 0x03, 0x05, 0x02, 0xA0, 0x02, 0x04, 0x02, 0x07, 0x03,
  0x04, 0x02, 0xA0, 0x02, 0x04, 0x06, 0x04, 0x02, 0x05, 0x02, 0x9F, 0x02,
  0x04, 0x08, 0x03, 0x02, 0x04, 0x02, 0x9F, 0x02, 0x04, 0x03, 0x04, 0x02,
  0x02, 0x02, 0x04, 0x02, 0x8D, 0x08, 0x0A, 0x02, 0x04, 0x02, 0x01, 0x02,
  0x02, 0x02, 0x02, 0x02, 0x04, 0x02, 0x63, 0x05, 0x22, 0x08, 0x02, 0x02,
  0x0A, 0x02, 0x03, 0x02, 0x01, 0x04, 0x01, 0x02, 0x02, 0x01, 0x04, 0x02,
  0x62, 0x0A, 0x1C, 0x05, 0x07, 0x02, 0x0A, 0x03, 0x02, 0x02, 0x01, 0x03,
  0x02, 0x02, 0x02, 0x01, 0x04, 0x02, 0x61, 0x02, 0x06, 0x05, 0x19, 0x03,
  0x0B, 0x01, 0x0B, 0x03, 0x02, 0x01, 0x01, 0x01, 0x01, 0x02, 0x01, 0x02,
  0x02, 0x01, 0x04, 0x02, 0x61, 0x02, 0x09, 0x04, 0x15, 0x03, 0x0D, 0x02,
  0x0C, 0x05, 0x03, 0x01, 0x01, 0x02, 0x01, 0x02, 0x04, 0x02, 0x61, 0x02,
  0x0B, 0x04, 0x12, 0x03, 0x0A, 0x01, 0x03, 0x02, 0x0F, 0x02, 0x03, 0x01,
  0x01, 0x02, 0x01, 0x02, 0x04, 0x02, 0x61, 0x02, 0x02, 0x01, 0x0A, 0x03,
  0x10, 0x02, 0x0B, 0x02, 0x03, 0x02, 0x10, 0x04, 0x02, 0x01, 0x02, 0x02,
  0x04, 0x02, 0x61, 0x02, 0x02, 0x02, 0x0A, 0x03, 0x0E, 0x03, 0x0A, 0x02,
  0x04, 0x02, 0x01, 0x0A, 0x06, 0x06, 0x01, 0x02, 0x05, 0x01, 0x62, 0x02,
  0x03, 0x02, 0x02, 0x01, 0x07, 0x02, 0x0E, 0x02, 0x06, 0x02, 0x03, 0x01,
  0x05, 0x10, 0x06, 0x02, 0x02, 0x02, 0x04, 0x02, 0x62, 0x02, 0x04, 0x01,
  0x02, 0x01, 0x08, 0x02, 0x0C, 0x02, 0x07, 0x01, 0x03, 0x02, 0x05, 0x03,
  0x0B, 0x04, 0x07, 0x02, 0x05, 0x02, 0x62, 0x02, 0x04, 0x02, 0x01, 0x01,
  0x03, 0x01, 0x05, 0x02, 0x02, 0x0B, 0x07, 0x01, 0x02, 0x02, 0x06, 0x02,
  0x0E, 0x03, 0x05, 0x02, 0x05, 0x02, 0x63, 0x02, 0x05, 0x03, 0x03, 0x01,
  0x05, 0x08, 0x03, 0x03, 0x03, 0x01, 0x04, 0x01, 0x01, 0x06, 0x03, 0x02,
  0x10, 0x02, 0x03, 0x02, 0x06, 0x02, 0x63, 0x02, 0x02, 0x01, 0x03, 0x02,
  0x03, 0x02, 0x04, 0x03, 0x09, 0x02, 0x03, 0x02, 0x03, 0x07, 0x04, 0x02,
  0x11, 0x05, 0x06, 0x02, 0x64, 0x02, 0x02, 0x06, 0x03, 0x01, 0x03, 0x03,
  0x0C, 0x01, 0x03, 0x02, 0x03, 0x02, 0x09, 0x02, 0x12, 0x02, 0x07, 0x02,
  0x65, 0x02, 0x07, 0x02, 0x02, 0x01, 0x02, 0x02, 0x12, 0x02, 0x02, 0x02,
  0x0A, 0x02, 0x13, 0x02, 0x05, 0x02, 0x66, 0x02, 0x08, 0x04, 0x02, 0x01,
  0x14, 0x01, 0x01, 0x02, 0x07, 0x01, 0x03, 0x02, 0x14, 0x02, 0x02, 0x03,
  0x67, 0x02, 0x09, 0x02, 0x18, 0x05, 0x04, 0x03, 0x03, 0x02, 0x14, 0x06,
  0x69, 0x01, 0x03, 0x02, 0x02, 0x04, 0x19, 0x09, 0x05, 0x02, 0x15, 0x03,
  0x6B, 0x02, 0x03, 0x08, 0x17, 0x02, 0x0C, 0x02, 0x17, 0x01, 0x6C, 0x02,
  0x09, 0x02, 0x17, 0x02, 0x0C, 0x02, 0x17, 0x02, 0x6C, 0x02, 0x09, 0x01,
  0x21, 0x01, 0x02, 0x02, 0x18, 0x02, 0x6D, 0x02, 0x01, 0x01, 0x25, 0x04,
  0x02, 0x02, 0x19, 0x01, 0x6D, 0x06, 0x23, 0x02, 0x02, 0x03, 0x1A, 0x02,
  0x6D, 0x05, 0x25, 0x05, 0x1A, 0x02, 0x6F, 0x02, 0x26, 0x02, 0x02, 0x02,
  0x19, 0x02, 0x6F, 0x02, 0x2A, 0x02, 0x19, 0x02, 0x6F, 0x01, 0x2C, 0x01,
  0x19, 0x02, 0x6E, 0x02, 0x2C, 0x02, 0x18, 0x02, 0x6E, 0x02, 0x2C, 0x02,
  0x18, 0x02, 0x6E, 0x02, 0x2C, 0x02, 0x18, 0x02, 0x6E, 0x02, 0x2D, 0x01,
  0x18, 0x02, 0x6E, 0x02, 0x2D, 0x01, 0x0A, 0x01, 0x0C, 0x03, 0x6E, 0x01,
  0x2E, 0x01, 0x0A, 0x01, 0x0E, 0x02, 0x6D, 0x02, 0x2D, 0x01, 0x0A, 0x01,
  0x0F, 0x01, 0x6D, 0x02, 0x2D, 0x01, 0x0A, 0x01, 0x0F, 0x02, 0x6C, 0x02,
  0x2C, 0x02, 0x0A, 0x01, 0x0F, 0x02, 0x6C, 0x02, 0x2C, 0x02, 0x0A, 0x02,
  0x0E, 0x02, 0x6C, 0x02, 0x05, 0x01, 0x26, 0x04, 0x08, 0x02, 0x0E, 0x02,
  0x6C, 0x02, 0x04, 0x04, 0x0F, 0x04, 0x12, 0x03, 0x09, 0x02, 0x0D, 0x02,
  0x6D, 0x02, 0x16, 0x01, 0x16, 0x02, 0x0A, 0x02, 0x0C, 0x02, 0x6D, 0x02,
  0x2C, 0x02, 0x0A, 0x07, 0x08, 0x01, 0x6E, 0x02, 0x2B, 0x02, 0x06, 0x01,
  0x03, 0x02, 0x02, 0x03, 0x08, 0x02, 0x6D, 0x02, 0x2B, 0x03, 0x06, 0x02,
  0x01, 0x02, 0x03, 0x02, 0x09, 0x02, 0x6D, 0x02, 0x2C, 0x02, 0x06, 0x04,
  0x04, 0x02, 0x09, 0x02, 0x6E, 0x02, 0x03, 0x04, 0x11, 0x06, 0x0C, 0x02,
  0x07, 0x03, 0x04, 0x02, 0x0A, 0x01, 0x6B, 0x07, 0x01, 0x07, 0x0E, 0x08,
  0x03, 0x06, 0x01, 0x03, 0x07, 0x02, 0x04, 0x02, 0x0A, 0x02, 0x6B, 0x01,
  0x03, 0x02, 0x02, 0x02, 0x02, 0x03, 0x0D, 0x03, 0x04, 0x02, 0x02, 0x03,
  0x05, 0x02, 0x08, 0x02, 0x04, 0x02, 0x01, 0x01, 0x02, 0x01, 0x05, 0x02,
  0x70, 0x02, 0x07, 0x02, 0x0B, 0x02, 0x11, 0x02, 0x09, 0x02, 0x04, 0x04,
  0x02, 0x01, 0x04, 0x02, 0x6F, 0x05, 0x20, 0x02, 0x03, 0x02, 0x0A, 0x02,
  0x05, 0x03, 0x02, 0x01, 0x02, 0x03, 0x6F, 0x03, 0x01, 0x02, 0x0B, 0x02,
  0x12, 0x07, 0x0A, 0x02, 0x07, 0x09, 0x6F, 0x02, 0x04, 0x03, 0x08, 0x04,
  0x14, 0x05, 0x09, 0x02, 0x09, 0x04, 0x75, 0x07, 0x08, 0x02, 0x13, 0x03,
  0x0C, 0x02, 0x80, 0x0C, 0x04, 0x01, 0x07, 0x01, 0x0C, 0x04, 0x0C, 0x02,
  0x80, 0x0A, 0x01, 0x0F, 0x09, 0x06, 0x0C, 0x03, 0x7E, 0x03, 0x01, 0x03,
  0x06, 0x0E, 0x04, 0x09, 0x01, 0x01, 0x01, 0x02, 0x02, 0x01, 0x06, 0x03,
  0x7F, 0x02, 0x01, 0x01, 0x03, 0x08, 0x04, 0x02, 0x04, 0x0C, 0x04, 0x03,
  0x03, 0x01, 0x05, 0x03, 0x7F, 0x02, 0x01, 0x01, 0x01, 0x04, 0x02, 0x03,
  0x03, 0x01, 0x03, 0x02, 0x02, 0x02, 0x04, 0x01, 0x01, 0x02, 0x07, 0x03,
  0x03, 0x01, 0x03, 0x03, 0x81, 0x02, 0x01, 0x03, 0x04, 0x02, 0x04, 0x02,
  0x04, 0x04, 0x02, 0x01, 0x01, 0x02, 0x01, 0x02, 0x08, 0x0B, 0x82, 0x02,
  0x02, 0x03, 0x03, 0x03, 0x05, 0x03, 0x06, 0x04, 0x01, 0x03, 0x0A, 0x07,
  0x83, 0x02, 0x01, 0x02, 0x02, 0x08, 0x0A, 0x05, 0x02, 0x02, 0x01, 0x01,
  0x94, 0x02, 0x02, 0x03, 0x03, 0x11, 0x03, 0x03, 0x02, 0x02, 0x93, 0x02,
  0x04, 0x05, 0x0F, 0x05, 0x04, 0x02, 0x93, 0x02, 0x08, 0x11, 0x08, 0x02,
  0x93, 0x01, 0x22, 0x02, 0x92, 0x02, 0x0F, 0x02, 0x01, 0x01, 0x10, 0x01,
  0x92, 0x02, 0x0F, 0x05, 0x0F, 0x02, 0x91, 0x02, 0x0D, 0x08, 0x0E, 0x02,
  0x91, 0x02, 0x0D, 0x02, 0x02, 0x01, 0x01, 0x03, 0x0D, 0x02, 0x91, 0x02,
  0x0D, 0x08, 0x0E, 0x02, 0x91, 0x03, 0x0E, 0x05, 0x0E, 0x02, 0x93, 0x03,
  0x0C, 0x06, 0x0D, 0x03, 0x95, 0x03, 0x0B, 0x05, 0x0B, 0x03, 0x98, 0x06,
  0x13, 0x06, 0x9C, 0x19, 0xA3, 0x11, 0xFF, 0x00, 0xDE,
};

const uint8_t CAT_WATER_3_RLE[] PROGMEM = {
  0xFF, 0x00, 0xFF, 0x00, 0xFF, 0x00, 0x2B, 0x05, 0xB2, 0x08, 0xB0, 0x01,
  0x05, 0x04, 0xAD, 0x02, 0x07, 0x04, 0xAB, 0x02, 0x09, 0x03, 0xA9, 0x02,
  0x03, 0x01, 0x08, 0x03, 0x1E, 0x04, 0x85, 0x02, 0x03, 0x02, 0x02, 0x01,
  0x05, 0x03, 0x18, 0x0C, 0x82, 0x02, 0x04, 0x01, 0x02, 0x01, 0x06, 0x03,
  0x14, 0x06, 0x07, 0x03, 0x81, 0x02, 0x04, 0x02, 0x01, 0x01, 0x07, 0x02,
  0x12, 0x04, 0x0C, 0x02, 0x80, 0x02, 0x06, 0x03, 0x08, 0x02, 0x10, 0x03,
  0x0E, 0x02, 0x80, 0x02, 0x02, 0x02, 0x02, 0x02, 0x03, 0x02, 0x04, 0x02,
  0x0F, 0x02, 0x0D, 0x01, 0x02, 0x02, 0x80, 0x02, 0x03, 0x05, 0x03, 0x02,
  0x05, 0x02, 0x0D, 0x02, 0x08, 0x01, 0x04, 0x02, 0x03, 0x01, 0x80, 0x02,
  0x06, 0x03, 0x02, 0x02, 0x05, 0x02, 0x0C, 0x02, 0x08, 0x02, 0x03, 0x02,
  0x04, 0x01, 0x80, 0x02, 0x08, 0x01, 0x02, 0x01, 0x03, 0x01, 0x01, 0x0D,
  0x02, 0x02, 0x03, 0x01, 0x04, 0x01, 0x03, 0x02, 0x05, 0x01, 0x80, 0x02,
  0x02, 0x01, 0x05, 0x04, 0x02, 0x07, 0x04, 0x08, 0x04, 0x01, 0x03, 0x02,
  0x01, 0x03, 0x06, 0x01, 0x80, 0x02, 0x03, 0x02, 0x02, 0x04, 0x03, 0x02,
  0x0E, 0x03, 0x03, 0x02, 0x03, 0x05, 0x06, 0x02, 0x80, 0x02, 0x04, 0x07,
  0x19, 0x02, 0x03, 0x02, 0x02, 0x04, 0x03, 0x02, 0x80, 0x02, 0x09, 0x02,
  0x1A, 0x01, 0x01, 0x03, 0x0A, 0x02, 0x81, 0x02, 0x09, 0x01, 0x1A, 0x03,
  0x0C, 0x02, 0x81, 0x02, 0x01, 0x02, 0x21, 0x05, 0x0A, 0x02, 0x82, 0x02,
  0x01, 0x03, 0x1E, 0x02, 0x03, 0x07, 0x04, 0x02, 0x82, 0x05, 0x1F, 0x01,
  0x06, 0x04, 0x04, 0x02, 0x84, 0x03, 0x2F, 0x02, 0x84, 0x02, 0x2F, 0x02,
  0x84, 0x02, 0x2B, 0x02, 0x03, 0x02, 0x83, 0x02, 0x28, 0x05, 0x03, 0x02,
  0x84, 0x02, 0x2F, 0x02, 0x84, 0x02, 0x07, 0x01, 0x24, 0x05, 0x85, 0x02,
  0x06, 0x03, 0x23, 0x04, 0x85, 0x02, 0x2F, 0x02, 0x85, 0x02, 0x1A, 0x03,
  0x13, 0x01, 0x85, 0x02, 0x1A, 0x03, 0x13, 0x02, 0x84, 0x01, 0x07, 0x01,
  0x29, 0x02, 0x83, 0x02, 0x05, 0x05, 0x27, 0x02, 0x83, 0x02, 0x03, 0x08,
  0x26, 0x02, 0x83, 0x02, 0x03, 0x08, 0x26, 0x02, 0x83, 0x02, 0x02, 0x02,
  0x01, 0x02, 0x02, 0x02, 0x0F, 0x06, 0x12, 0x01, 0x83, 0x02, 0x02, 0x01,
  0x01, 0x03, 0x03, 0x02, 0x0D, 0x08, 0x11, 0x01, 0x83, 0x02, 0x01, 0x02,
  0x01, 0x03, 0x02, 0x03, 0x0C, 0x07, 0x01, 0x02, 0x0F, 0x02, 0x82, 0x03,
  0x01, 0x0B, 0x0C, 0x02, 0x02, 0x04, 0x01, 0x02, 0x0E, 0x02, 0x81, 0x03,
  0x02, 0x0A, 0x0C, 0x02, 0x04, 0x03, 0x01, 0x02, 0x0E, 0x02, 0x81, 0x02,
  0x04, 0x09, 0x0C, 0x02, 0x03, 0x05, 0x01, 0x02, 0x0D, 0x02, 0x81, 0x02,
  0x05, 0x02, 0x01, 0x05, 0x0C, 0x0A, 0x01, 0x02, 0x0D, 0x02, 0x80, 0x01,
  0x01, 0x02, 0x05, 0x06, 0x04, 0x02, 0x07, 0x0A, 0x01, 0x02, 0x0C, 0x02,
  0x7E, 0x08, 0x04, 0x06, 0x03, 0x04, 0x06, 0x0A, 0x01, 0x02, 0x0C, 0x02,
  0x82, 0x02, 0x07, 0x03, 0x06, 0x02, 0x07, 0x06, 0x01, 0x02, 0x02, 0x01,
  0x0D, 0x02, 0x83, 0x02, 0x18, 0x05, 0x02, 0x02, 0x01, 0x02, 0x0D, 0x03,
  0x06, 0x09, 0x72, 0x04, 0x0B, 0x01, 0x02, 0x01, 0x09, 0x07, 0x06, 0x05,
  0x07, 0x02, 0x04, 0x0D, 0x6E, 0x06, 0x0B, 0x05, 0x02, 0x01, 0x06, 0x06,
  0x05, 0x07, 0x05, 0x03, 0x03, 0x03, 0x09, 0x04, 0x6B, 0x02, 0x03, 0x02,
  0x0C, 0x01, 0x02, 0x04, 0x08, 0x03, 0x10, 0x04, 0x03, 0x02, 0x0D, 0x03,
  0x70, 0x02, 0x10, 0x01, 0x1B, 0x03, 0x04, 0x02, 0x0F, 0x03, 0x70, 0x02,
  0x0F, 0x01, 0x12, 0x03, 0x07, 0x02, 0x03, 0x02, 0x11, 0x02, 0x70, 0x03,
  0x0D, 0x03, 0x13, 0x03, 0x04, 0x03, 0x03, 0x02, 0x06, 0x05, 0x07, 0x02,
  0x70, 0x03, 0x0C, 0x01, 0x01, 0x01, 0x15, 0x02, 0x01, 0x04, 0x04, 0x01,
  0x05, 0x09, 0x06, 0x02, 0x71, 0x03, 0x0A, 0x03, 0x16, 0x04, 0x05, 0x02,
  0x05, 0x02, 0x05, 0x03, 0x05, 0x02, 0x72, 0x04, 0x21, 0x03, 0x06, 0x02,
  0x04, 0x02, 0x08, 0x02, 0x04, 0x02, 0x74, 0x04, 0x1C, 0x05, 0x07, 0x02,
  0x04, 0x06, 0x04, 0x02, 0x05, 0x02, 0x75, 0x03, 0x18, 0x07, 0x08, 0x02,
  0x04, 0x03, 0x01, 0x03, 0x04, 0x01, 0x05, 0x02, 0x75, 0x02, 0x12, 0x0A,
  0x03, 0x02, 0x07, 0x02, 0x04, 0x03, 0x03, 0x02, 0x03, 0x02, 0x04, 0x02,
  0x74, 0x02, 0x13, 0x06, 0x08, 0x03, 0x06, 0x02, 0x03, 0x01, 0x01, 0x02,
  0x02, 0x02, 0x03, 0x02, 0x04, 0x02, 0x74, 0x01, 0x01, 0x01, 0x16, 0x02,
  0x09, 0x03, 0x05, 0x03, 0x01, 0x02, 0x02, 0x03, 0x01, 0x01, 0x03, 0x02,
  0x04, 0x02, 0x73, 0x04, 0x17, 0x01, 0x0B, 0x03, 0x04, 0x05, 0x01, 0x03,
  0x02, 0x02, 0x02, 0x02, 0x04, 0x02, 0x74, 0x03, 0x17, 0x01, 0x0D, 0x03,
  0x03, 0x04, 0x01, 0x01, 0x01, 0x01, 0x02, 0x02, 0x02, 0x02, 0x04, 0x02,
  0x75, 0x02, 0x16, 0x02, 0x0E, 0x03, 0x04, 0x03, 0x02, 0x02, 0x01, 0x02,
  0x02, 0x02, 0x04, 0x02, 0x75, 0x02, 0x14, 0x03, 0x10, 0x03, 0x04, 0x03,
  0x01, 0x01, 0x01, 0x02, 0x02, 0x02, 0x05, 0x02, 0x75, 0x02, 0x02, 0x01,
  0x0F, 0x04, 0x12, 0x03, 0x04, 0x03, 0x02, 0x02, 0x02, 0x02, 0x05, 0x02,
  0x75, 0x05, 0x0B, 0x01, 0x02, 0x02, 0x16, 0x02, 0x06, 0x04, 0x02, 0x02,
  0x05, 0x02, 0x77, 0x04, 0x0A, 0x05, 0x18, 0x02, 0x06, 0x02, 0x02, 0x02,
  0x06, 0x02, 0x77, 0x05, 0x08, 0x05, 0x1A, 0x01, 0x09, 0x03, 0x05, 0x02,
  0x78, 0x02, 0x02, 0x01, 0x06, 0x03, 0x1E, 0x02, 0x06, 0x04, 0x06, 0x02,
  0x78, 0x02, 0x02, 0x02, 0x04, 0x02, 0x20, 0x0A, 0x07, 0x02, 0x7A, 0x01,
  0x03, 0x02, 0x03, 0x01, 0x22, 0x07, 0x08, 0x03, 0x7A, 0x02, 0x2A, 0x02,
  0x0C, 0x03, 0x7B, 0x02, 0x05, 0x01, 0x03, 0x02, 0x1F, 0x02, 0x0B, 0x03,
  0x7C, 0x02, 0x05, 0x03, 0x01, 0x02, 0x0C, 0x01, 0x02, 0x01, 0x0F, 0x02,
  0x0A, 0x03, 0x7D, 0x02, 0x06, 0x05, 0x0B, 0x02, 0x01, 0x02, 0x0F, 0x02,
  0x07, 0x04, 0x80, 0x01, 0x08, 0x03, 0x0B, 0x02, 0x01, 0x02, 0x0F, 0x0B,
  0x82, 0x02, 0x08, 0x02, 0x0B, 0x02, 0x01, 0x02, 0x0F, 0x09, 0x6A, 0x0C,
  0x0E, 0x02, 0x08, 0x02, 0x0B, 0x01, 0x02, 0x02, 0x0F, 0x02, 0x6D, 0x14,
  0x0A, 0x02, 0x08, 0x02, 0x0A, 0x02, 0x02, 0x02, 0x0F, 0x01, 0x6C, 0x18,
  0x08, 0x02, 0x08, 0x02, 0x0A, 0x02, 0x03, 0x02, 0x0D, 0x02, 0x6A, 0x09,
  0x0A, 0x09, 0x06, 0x02, 0x08, 0x02, 0x0A, 0x02, 0x02, 0x04, 0x0C, 0x02,
  0x69, 0x02, 0x01, 0x03, 0x04, 0x0A, 0x04, 0x02, 0x01, 0x03, 0x04, 0x02,
  0x08, 0x02, 0x0A, 0x07, 0x01, 0x03, 0x09, 0x02, 0x6A, 0x01, 0x01, 0x02,
  0x02, 0x07, 0x04, 0x07, 0x02, 0x01, 0x01, 0x02, 0x04, 0x02, 0x08, 0x02,
  0x0A, 0x05, 0x0E, 0x02, 0x6A, 0x02, 0x01, 0x05, 0x10, 0x05, 0x01, 0x02,
  0x03, 0x03, 0x02, 0x01, 0x03, 0x02, 0x0B, 0x01, 0x01, 0x02, 0x01, 0x01,
  0x0C, 0x03, 0x6A, 0x02, 0x02, 0x02, 0x13, 0x03, 0x01, 0x03, 0x03, 0x03,
  0x02, 0x01, 0x03, 0x01, 0x01, 0x01, 0x09, 0x02, 0x01, 0x02, 0x01, 0x01,
  0x02, 0x01, 0x08, 0x03, 0x6B, 0x04, 0x01, 0x05, 0x0B, 0x06, 0x01, 0x04,
  0x04, 0x0B, 0x02, 0x01, 0x05, 0x02, 0x03, 0x03, 0x01, 0x02, 0x06, 0x03,
  0x6D, 0x01, 0x02, 0x02, 0x03, 0x10, 0x02, 0x03, 0x01, 0x02, 0x05, 0x0A,
  0x02, 0x01, 0x04, 0x02, 0x04, 0x06, 0x02, 0x06, 0x6D, 0x02, 0x04, 0x04,
  0x0E, 0x04, 0x04, 0x01, 0x0D, 0x0A, 0x07, 0x09, 0x70, 0x02, 0x07, 0x10,
  0x07, 0x02, 0x0E, 0x07, 0x81, 0x02, 0x1E, 0x02, 0x96, 0x01, 0x0D, 0x02,
  0x01, 0x01, 0x0E, 0x02, 0x95, 0x02, 0x0D, 0x05, 0x0E, 0x01, 0x95, 0x02,
  0x0B, 0x08, 0x0D, 0x02, 0x94, 0x02, 0x0B, 0x02, 0x02, 0x01, 0x01, 0x03,
  0x0C, 0x02, 0x94, 0x02, 0x0B, 0x09, 0x0C, 0x02, 0x94, 0x02, 0x0D, 0x05,
  0x0E, 0x02, 0x95, 0x02, 0x0C, 0x05, 0x0C, 0x03, 0x97, 0x04, 0x09, 0x05,
  0x0A, 0x04, 0x9A, 0x05, 0x12, 0x05, 0x9E, 0x18, 0xA4, 0x10, 0xFF, 0x00,
  0xE6,
};

const uint8_t CAT_SLEEP_0_RLE[] PROGMEM = {
  0xFF, 0x00, 0xFF, 0x00, 0xFF, 0x00, 0xFF, 0x00, 0xFF, 0x00, 0xFF, 0x00,
  0xFF, 0x00, 0xFF, 0x00, 0xFF, 0x00, 0xFF, 0x00, 0xFF, 0x00, 0xFF, 0x00,
  0x01, 0x03, 0xB2, 0x07, 0xAF, 0x04, 0x04, 0x01, 0xAE, 0x03, 0x06, 0x02,
  0xAB, 0x03, 0x08, 0x02, 0xAA, 0x03, 0x06, 0x01, 0x03, 0x02, 0xA8, 0x02,
  0x08, 0x01, 0x03, 0x02, 0xA7, 0x02, 0x08, 0x02, 0x03, 0x02, 0xA6, 0x02,
  0x09, 0x01, 0x05, 0x02, 0xA4, 0x02, 0x05, 0x01, 0x03, 0x03, 0x04, 0x02,
  0x78, 0x0F, 0x1D, 0x02, 0x05, 0x01, 0x02, 0x03, 0x05, 0x02, 0x77, 0x05,
  0x05, 0x09, 0x19, 0x02, 0x06, 0x01, 0x02, 0x02, 0x07, 0x01, 0x77, 0x02,
  0x0E, 0x04, 0x18, 0x02, 0x06, 0x04, 0x01, 0x03, 0x04, 0x01, 0x77, 0x02,
  0x11, 0x03, 0x15, 0x02, 0x03, 0x01, 0x04, 0x06, 0x05, 0x02, 0x76, 0x02,
  0x03, 0x01, 0x0E, 0x03, 0x14, 0x02, 0x03, 0x01, 0x04, 0x02, 0x09, 0x02,
  0x76, 0x02, 0x03, 0x02, 0x04, 0x01, 0x0A, 0x02, 0x0C, 0x06, 0x01, 0x02,
  0x03, 0x02, 0x02, 0x02, 0x0A, 0x01, 0x77, 0x02, 0x04, 0x02, 0x03, 0x02,
  0x03, 0x01, 0x06, 0x02, 0x06, 0x0E, 0x04, 0x01, 0x02, 0x01, 0x05, 0x02,
  0x03, 0x02, 0x77, 0x02, 0x05, 0x03, 0x01, 0x02, 0x03, 0x02, 0x05, 0x02,
  0x04, 0x06, 0x09, 0x02, 0x03, 0x04, 0x01, 0x05, 0x04, 0x02, 0x77, 0x02,
  0x07, 0x04, 0x03, 0x02, 0x06, 0x02, 0x01, 0x04, 0x13, 0x08, 0x05, 0x02,
  0x77, 0x02, 0x08, 0x03, 0x03, 0x02, 0x06, 0x04, 0x16, 0x03, 0x0A, 0x01,
  0x79, 0x01, 0x04, 0x08, 0x02, 0x02, 0x03, 0x01, 0x03, 0x01, 0x18, 0x02,
  0x06, 0x01, 0x03, 0x02, 0x79, 0x02, 0x03, 0x04, 0x03, 0x02, 0x01, 0x01,
  0x04, 0x01, 0x02, 0x02, 0x1F, 0x02, 0x02, 0x02, 0x7A, 0x02, 0x0B, 0x03,
  0x04, 0x01, 0x22, 0x02, 0x02, 0x03, 0x7A, 0x02, 0x0C, 0x02, 0x03, 0x02,
  0x24, 0x04, 0x7B, 0x02, 0x0A, 0x05, 0x02, 0x01, 0x25, 0x03, 0x7D, 0x01,
  0x04, 0x0E, 0x27, 0x02, 0x7C, 0x02, 0x04, 0x04, 0x06, 0x02, 0x29, 0x02,
  0x7B, 0x02, 0x0F, 0x01, 0x2A, 0x02, 0x7B, 0x02, 0x39, 0x02, 0x7B, 0x03,
  0x39, 0x02, 0x7B, 0x02, 0x05, 0x05, 0x2F, 0x02, 0x7C, 0x03, 0x29, 0x03,
  0x0C, 0x02, 0x7C, 0x03, 0x05, 0x01, 0x22, 0x03, 0x0C, 0x02, 0x7E, 0x07,
  0x31, 0x02, 0x80, 0x04, 0x33, 0x02, 0x80, 0x02, 0x34, 0x02, 0x80, 0x02,
  0x0F, 0x02, 0x18, 0x03, 0x08, 0x02, 0x80, 0x02, 0x0E, 0x02, 0x17, 0x07,
  0x06, 0x02, 0x7F, 0x02, 0x27, 0x09, 0x05, 0x02, 0x7F, 0x02, 0x26, 0x03,
  0x01, 0x07, 0x04, 0x02, 0x7F, 0x02, 0x25, 0x02, 0x04, 0x04, 0x01, 0x02,
  0x04, 0x02, 0x7E, 0x02, 0x25, 0x02, 0x04, 0x05, 0x01, 0x01, 0x04, 0x04,
  0x7C, 0x02, 0x10, 0x02, 0x13, 0x02, 0x04, 0x05, 0x01, 0x02, 0x04, 0x02,
  0x7D, 0x02, 0x0E, 0x07, 0x10, 0x0B, 0x01, 0x01, 0x05, 0x02, 0x7D, 0x02,
  0x0C, 0x0A, 0x0F, 0x0B, 0x06, 0x02, 0x7E, 0x02, 0x0B, 0x04, 0x03, 0x05,
  0x0E, 0x07, 0x02, 0x02, 0x04, 0x06, 0x7D, 0x02, 0x09, 0x05, 0x03, 0x05,
  0x0F, 0x06, 0x01, 0x02, 0x03, 0x09, 0x7C, 0x02, 0x09, 0x04, 0x05, 0x05,
  0x06, 0x03, 0x06, 0x07, 0x03, 0x02, 0x03, 0x02, 0x7F, 0x02, 0x09, 0x01,
  0x01, 0x03, 0x03, 0x06, 0x06, 0x03, 0x07, 0x05, 0x08, 0x02, 0x81, 0x01,
  0x08, 0x02, 0x01, 0x0C, 0x0B, 0x01, 0x0D, 0x06, 0x81, 0x02, 0x07, 0x02,
  0x01, 0x0C, 0x07, 0x02, 0x01, 0x02, 0x10, 0x02, 0x82, 0x02, 0x07, 0x02,
  0x01, 0x08, 0x02, 0x01, 0x05, 0x01, 0x01, 0x05, 0x10, 0x02, 0x84, 0x02,
  0x07, 0x01, 0x02, 0x07, 0x01, 0x02, 0x05, 0x04, 0x12, 0x03, 0x84, 0x02,
  0x0A, 0x09, 0x1B, 0x03, 0x85, 0x02, 0x0B, 0x07, 0x1B, 0x03, 0x85, 0x02,
  0x0F, 0x01, 0x1C, 0x03, 0x7F, 0x03, 0x05, 0x04, 0x04, 0x04, 0x21, 0x03,
  0x7D, 0x08, 0x05, 0x02, 0x03, 0x02, 0x04, 0x01, 0x1D, 0x03, 0x7D, 0x04,
  0x05, 0x03, 0x04, 0x01, 0x07, 0x03, 0x1B, 0x06, 0x7B, 0x03, 0x08, 0x03,
  0x03, 0x05, 0x02, 0x02, 0x1C, 0x02, 0x03, 0x03, 0x79, 0x02, 0x0B, 0x02,
  0x05, 0x04, 0x01, 0x01, 0x23, 0x02, 0x78, 0x02, 0x06, 0x03, 0x04, 0x02,
  0x05, 0x06, 0x20, 0x04, 0x78, 0x02, 0x04, 0x06, 0x03, 0x02, 0x06, 0x0C,
  0x02, 0x05, 0x12, 0x03, 0x78, 0x02, 0x04, 0x03, 0x06, 0x03, 0x05, 0x03,
  0x03, 0x0E, 0x13, 0x02, 0x78, 0x02, 0x04, 0x02, 0x04, 0x06, 0x03, 0x03,
  0x0C, 0x01, 0x1A, 0x01, 0x77, 0x02, 0x04, 0x02, 0x03, 0x08, 0x02, 0x03,
  0x0D, 0x01, 0x1A, 0x02, 0x76, 0x02, 0x04, 0x01, 0x03, 0x03, 0x01, 0x01,
  0x01, 0x02, 0x03, 0x02, 0x0E, 0x02, 0x16, 0x04, 0x77, 0x02, 0x03, 0x02,
  0x03, 0x05, 0x01, 0x02, 0x02, 0x02, 0x10, 0x06, 0x11, 0x04, 0x77, 0x02,
  0x03, 0x02, 0x02, 0x02, 0x01, 0x03, 0x01, 0x02, 0x02, 0x01, 0x13, 0x04,
  0x11, 0x02, 0x79, 0x02, 0x03, 0x02, 0x02, 0x02, 0x01, 0x01, 0x01, 0x01,
  0x01, 0x02, 0x01, 0x02, 0x16, 0x03, 0x0F, 0x03, 0x78, 0x02, 0x03, 0x02,
  0x02, 0x02, 0x04, 0x02, 0x02, 0x02, 0x17, 0x05, 0x0B, 0x04, 0x78, 0x02,
  0x03, 0x02, 0x02, 0x02, 0x02, 0x03, 0x03, 0x01, 0x1C, 0x02, 0x07, 0x04,
  0x01, 0x02, 0x78, 0x02, 0x04, 0x02, 0x02, 0x05, 0x03, 0x02, 0x1D, 0x02,
  0x06, 0x03, 0x02, 0x02, 0x78, 0x02, 0x04, 0x02, 0x02, 0x02, 0x05, 0x03,
  0x25, 0x01, 0x04, 0x01, 0x7A, 0x01, 0x05, 0x03, 0x05, 0x05, 0x24, 0x02,
  0x03, 0x02, 0x7A, 0x02, 0x05, 0x09, 0x01, 0x02, 0x23, 0x02, 0x04, 0x02,
  0x7B, 0x02, 0x07, 0x03, 0x04, 0x02, 0x10, 0x01, 0x11, 0x02, 0x05, 0x02,
  0x7B, 0x02, 0x0E, 0x02, 0x10, 0x01, 0x0D, 0x02, 0x01, 0x02, 0x06, 0x02,
  0x7C, 0x03, 0x0B, 0x04, 0x0F, 0x01, 0x0D, 0x04, 0x07, 0x02, 0x7D, 0x04,
  0x06, 0x04, 0x01, 0x02, 0x0F, 0x02, 0x0C, 0x03, 0x07, 0x02, 0x80, 0x0B,
  0x02, 0x02, 0x0A, 0x02, 0x03, 0x02, 0x0B, 0x03, 0x08, 0x02, 0x83, 0x05,
  0x04, 0x02, 0x0B, 0x01, 0x05, 0x01, 0x0B, 0x03, 0x08, 0x02, 0x8C, 0x02,
  0x09, 0x04, 0x03, 0x03, 0x0A, 0x03, 0x08, 0x02, 0x8C, 0x02, 0x09, 0x0A,
  0x0A, 0x04, 0x08, 0x02, 0x8C, 0x02, 0x0A, 0x02, 0x05, 0x02, 0x09, 0x04,
  0x08, 0x02, 0x8C, 0x02, 0x08, 0x01, 0x02, 0x03, 0x02, 0x03, 0x0A, 0x03,
  0x04, 0x01, 0x02, 0x03, 0x8D, 0x02, 0x04, 0x02, 0x02, 0x0B, 0x07, 0x07,
  0x02, 0x02, 0x01, 0x03, 0x8E, 0x04, 0x01, 0x02, 0x01, 0x03, 0x04, 0x01,
  0x02, 0x03, 0x03, 0x02, 0x02, 0x03, 0x01, 0x09, 0x90, 0x09, 0x09, 0x0B,
  0x04, 0x04, 0xA7, 0x08, 0xFF, 0x00, 0xC2,
};

const uint8_t CAT_SLEEP_1_RLE[] PROGMEM = {
  0xFF, 0x00, 0xFF, 0x00, 0xFF, 0x00, 0xFF, 0x00, 0xFF, 0x00, 0xFF, 0x00,
  0xFF, 0x00, 0xFF, 0x00, 0xFF, 0x00, 0xFF, 0x00, 0xFF, 0x00, 0xFF, 0x00,
  0xFF, 0x00, 0xFF, 0x00, 0xFF, 0x00, 0xFF, 0x00, 0xFF, 0x00, 0xFF, 0x00,
  0xFF, 0x00, 0xFF, 0x00, 0xFF, 0x00, 0xFF, 0x00, 0xFF, 0x00, 0xFF, 0x00,
  0xFF, 0x00, 0xFF, 0x00, 0xFF, 0x00, 0x9E, 0x06, 0x2E, 0x07, 0x7D, 0x0A,
  0x27, 0x0B, 0x7B, 0x02, 0x06, 0x05, 0x22, 0x06, 0x06, 0x02, 0x7B, 0x02,
  0x09, 0x04, 0x1E, 0x04, 0x0A, 0x02, 0x7B, 0x02, 0x0B, 0x04, 0x1B, 0x03,
  0x0C, 0x02, 0x7B, 0x02, 0x02, 0x01, 0x0A, 0x03, 0x19, 0x02, 0x0A, 0x02,
  0x03, 0x01, 0x7B, 0x01, 0x03, 0x02, 0x0A, 0x03, 0x17, 0x02, 0x06, 0x01,
  0x04, 0x01, 0x04, 0x02, 0x79, 0x02, 0x04, 0x01, 0x04, 0x01, 0x06, 0x03,
  0x15, 0x02, 0x06, 0x02, 0x03, 0x02, 0x04, 0x02, 0x79, 0x02, 0x04, 0x02,
  0x03, 0x01, 0x07, 0x02, 0x14, 0x02, 0x07, 0x02, 0x02, 0x02, 0x05, 0x02,
  0x79, 0x02, 0x05, 0x02, 0x01, 0x02, 0x08, 0x02, 0x08, 0x05, 0x05, 0x02,
  0x08, 0x02, 0x01, 0x02, 0x06, 0x02, 0x79, 0x02, 0x06, 0x01, 0x01, 0x02,
  0x03, 0x01, 0x04, 0x02, 0x03, 0x11, 0x03, 0x02, 0x03, 0x04, 0x07, 0x02,
  0x79, 0x02, 0x02, 0x02, 0x03, 0x02, 0x04, 0x01, 0x05, 0x07, 0x08, 0x05,
  0x04, 0x02, 0x04, 0x07, 0x03, 0x02, 0x79, 0x02, 0x03, 0x06, 0x04, 0x01,
  0x05, 0x03, 0x0F, 0x02, 0x04, 0x02, 0x03, 0x07, 0x04, 0x02, 0x79, 0x02,
  0x08, 0x02, 0x02, 0x02, 0x04, 0x02, 0x11, 0x02, 0x04, 0x02, 0x02, 0x02,
  0x0A, 0x02, 0x79, 0x02, 0x09, 0x01, 0x02, 0x01, 0x04, 0x02, 0x13, 0x01,
  0x05, 0x01, 0x02, 0x01, 0x0B, 0x01, 0x7A, 0x02, 0x09, 0x04, 0x02, 0x01,
  0x1C, 0x04, 0x0A, 0x02, 0x7A, 0x02, 0x03, 0x02, 0x05, 0x02, 0x03, 0x01,
  0x1C, 0x06, 0x02, 0x03, 0x03, 0x02, 0x7B, 0x01, 0x04, 0x08, 0x20, 0x09,
  0x05, 0x02, 0x7B, 0x02, 0x0A, 0x02, 0x1F, 0x02, 0x0B, 0x02, 0x7C, 0x02,
  0x2B, 0x01, 0x0C, 0x02, 0x7D, 0x02, 0x31, 0x02, 0x03, 0x02, 0x7F, 0x02,
  0x02, 0x03, 0x29, 0x03, 0x03, 0x02, 0x81, 0x02, 0x02, 0x01, 0x2A, 0x01,
  0x04, 0x02, 0x83, 0x04, 0x2C, 0x04, 0x85, 0x02, 0x2C, 0x04, 0x85, 0x02,
  0x30, 0x02, 0x84, 0x02, 0x30, 0x0A, 0x7C, 0x01, 0x32, 0x0C, 0x78, 0x02,
  0x32, 0x02, 0x07, 0x05, 0x76, 0x02, 0x32, 0x02, 0x0A, 0x03, 0x75, 0x01,
  0x34, 0x01, 0x0C, 0x03, 0x72, 0x02, 0x34, 0x01, 0x0D, 0x03, 0x71, 0x02,
  0x34, 0x02, 0x0D, 0x03, 0x70, 0x02, 0x09, 0x02, 0x29, 0x01, 0x0F, 0x02,
  0x70, 0x02, 0x08, 0x03, 0x11, 0x04, 0x14, 0x01, 0x10, 0x02, 0x6F, 0x02,
  0x08, 0x01, 0x15, 0x02, 0x14, 0x01, 0x11, 0x02, 0x6F, 0x01, 0x34, 0x01,
  0x11, 0x02, 0x6F, 0x01, 0x47, 0x02, 0x6E, 0x02, 0x32, 0x01, 0x03, 0x02,
  0x0E, 0x02, 0x6E, 0x02, 0x32, 0x05, 0x10, 0x01, 0x6E, 0x02, 0x33, 0x03,
  0x11, 0x02, 0x6D, 0x02, 0x33, 0x02, 0x12, 0x02, 0x6B, 0x04, 0x33, 0x02,
  0x12, 0x02, 0x6B, 0x02, 0x05, 0x02, 0x2D, 0x02, 0x08, 0x05, 0x06, 0x03,
  0x6B, 0x02, 0x04, 0x0A, 0x0C, 0x03, 0x05, 0x04, 0x0B, 0x03, 0x07, 0x0A,
  0x03, 0x04, 0x6B, 0x02, 0x04, 0x09, 0x0C, 0x0B, 0x0C, 0x02, 0x06, 0x04,
  0x06, 0x03, 0x02, 0x02, 0x01, 0x02, 0x6A, 0x05, 0x02, 0x07, 0x0E, 0x09,
  0x02, 0x05, 0x07, 0x01, 0x05, 0x03, 0x0A, 0x02, 0x01, 0x02, 0x02, 0x02,
  0x67, 0x07, 0x04, 0x03, 0x05, 0x03, 0x09, 0x07, 0x03, 0x02, 0x0A, 0x02,
  0x03, 0x02, 0x0D, 0x01, 0x01, 0x02, 0x03, 0x02, 0x65, 0x02, 0x01, 0x02,
  0x10, 0x01, 0x1E, 0x04, 0x02, 0x02, 0x0E, 0x02, 0x01, 0x01, 0x03, 0x02,
  0x69, 0x05, 0x20, 0x04, 0x05, 0x04, 0x04, 0x02, 0x08, 0x02, 0x05, 0x01,
  0x01, 0x02, 0x03, 0x01, 0x6A, 0x02, 0x0C, 0x04, 0x01, 0x02, 0x11, 0x03,
  0x03, 0x05, 0x03, 0x02, 0x06, 0x07, 0x03, 0x01, 0x01, 0x02, 0x03, 0x02,
  0x67, 0x05, 0x0B, 0x06, 0x17, 0x02, 0x07, 0x02, 0x05, 0x03, 0x03, 0x02,
  0x03, 0x01, 0x01, 0x02, 0x03, 0x02, 0x67, 0x01, 0x03, 0x02, 0x26, 0x02,
  0x08, 0x01, 0x05, 0x02, 0x03, 0x04, 0x03, 0x01, 0x01, 0x02, 0x03, 0x02,
  0x6C, 0x03, 0x21, 0x04, 0x08, 0x02, 0x05, 0x02, 0x02, 0x06, 0x01, 0x02,
  0x01, 0x02, 0x03, 0x02, 0x6B, 0x02, 0x01, 0x07, 0x15, 0x08, 0x0A, 0x02,
  0x04, 0x02, 0x02, 0x05, 0x01, 0x04, 0x01, 0x02, 0x03, 0x02, 0x6A, 0x02,
  0x02, 0x02, 0x03, 0x04, 0x09, 0x0C, 0x02, 0x03, 0x08, 0x02, 0x01, 0x02,
  0x04, 0x02, 0x02, 0x02, 0x01, 0x02, 0x01, 0x03, 0x02, 0x02, 0x03, 0x02,
  0x6A, 0x02, 0x0A, 0x02, 0x06, 0x05, 0x03, 0x04, 0x0F, 0x02, 0x01, 0x02,
  0x04, 0x02, 0x02, 0x01, 0x01, 0x03, 0x01, 0x02, 0x02, 0x02, 0x04, 0x02,
  0x6A, 0x02, 0x0B, 0x03, 0x02, 0x03, 0x1A, 0x01, 0x02, 0x02, 0x04, 0x02,
  0x01, 0x04, 0x03, 0x01, 0x03, 0x02, 0x04, 0x02, 0x6A, 0x02, 0x0D, 0x05,
  0x1A, 0x03, 0x01, 0x02, 0x04, 0x02, 0x01, 0x02, 0x03, 0x03, 0x02, 0x02,
  0x04, 0x02, 0x6B, 0x02, 0x0E, 0x03, 0x1B, 0x03, 0x01, 0x02, 0x05, 0x01,
  0x01, 0x07, 0x02, 0x02, 0x05, 0x02, 0x6B, 0x02, 0x0E, 0x02, 0x1B, 0x02,
  0x04, 0x01, 0x05, 0x02, 0x03, 0x01, 0x04, 0x03, 0x04, 0x02, 0x6C, 0x02,
  0x0E, 0x02, 0x1A, 0x03, 0x04, 0x02, 0x05, 0x03, 0x04, 0x04, 0x05, 0x02,
  0x6D, 0x02, 0x0C, 0x03, 0x01, 0x01, 0x17, 0x03, 0x02, 0x01, 0x03, 0x01,
  0x06, 0x08, 0x06, 0x02, 0x6F, 0x03, 0x07, 0x01, 0x02, 0x05, 0x03, 0x01,
  0x10, 0x0E, 0x12, 0x02, 0x71, 0x04, 0x05, 0x01, 0x02, 0x05, 0x02, 0x02,
  0x0A, 0x09, 0x03, 0x09, 0x0F, 0x03, 0x74, 0x0C, 0x01, 0x06, 0x03, 0x0D,
  0x0E, 0x03, 0x0B, 0x04, 0x78, 0x07, 0x05, 0x0C, 0x17, 0x06, 0x03, 0x06,
  0xAB, 0x0B, 0xFF, 0x00, 0xAD,
};

const uint8_t CAT_SLEEP_2_RLE[] PROGMEM = {
  0xFF, 0x00, 0xFF, 0x00, 0xFF, 0x00, 0xFF, 0x00, 0xFF, 0x00, 0xFF, 0x00,
  0xFF, 0x00, 0xFF, 0x00, 0xFF, 0x00, 0xFF, 0x00, 0xFF, 0x00, 0x3D, 0x07,
  0xB1, 0x07, 0xB5, 0x02, 0xB5, 0x03, 0xB4, 0x03, 0xB5, 0x02, 0xB5, 0x02,
  0xB5, 0x08, 0xB1, 0x03, 0xFF, 0x00, 0x65, 0x01, 0xB3, 0x07, 0xB5, 0x02,
  0xB5, 0x02, 0xB5, 0x02, 0xB5, 0x03, 0xB5, 0x06, 0xB2, 0x05, 0xFF, 0x00,
  0xFF, 0x00, 0x1D, 0x05, 0xB5, 0x02, 0xB5, 0x02, 0xB6, 0x02, 0xB5, 0x05,
  0xB3, 0x03, 0xC5, 0x07, 0xAD, 0x0C, 0xA9, 0x06, 0x07, 0x02, 0xA7, 0x04,
  0x0B, 0x02, 0xA6, 0x03, 0x0D, 0x02, 0xA5, 0x02, 0x0B, 0x01, 0x03, 0x02,
  0xA4, 0x02, 0x06, 0x01, 0x04, 0x02, 0x04, 0x01, 0x7C, 0x09, 0x1E, 0x02,
  0x06, 0x02, 0x03, 0x02, 0x05, 0x01, 0x77, 0x11, 0x1A, 0x02, 0x07, 0x02,
  0x02, 0x02, 0x06, 0x01, 0x76, 0x05, 0x0B, 0x04, 0x18, 0x02, 0x03, 0x01,
  0x04, 0x01, 0x01, 0x02, 0x07, 0x02, 0x75, 0x02, 0x10, 0x04, 0x09, 0x0E,
  0x03, 0x02, 0x04, 0x03, 0x03, 0x01, 0x04, 0x01, 0x76, 0x02, 0x12, 0x03,
  0x06, 0x07, 0x05, 0x04, 0x03, 0x02, 0x04, 0x07, 0x03, 0x02, 0x76, 0x02,
  0x13, 0x02, 0x03, 0x05, 0x0C, 0x02, 0x04, 0x01, 0x03, 0x02, 0x09, 0x02,
  0x76, 0x02, 0x02, 0x02, 0x04, 0x01, 0x0B, 0x02, 0x01, 0x03, 0x0F, 0x02,
  0x04, 0x02, 0x01, 0x02, 0x0A, 0x02, 0x76, 0x02, 0x03, 0x02, 0x03, 0x02,
  0x03, 0x01, 0x07, 0x03, 0x17, 0x04, 0x0B, 0x02, 0x76, 0x02, 0x04, 0x02,
  0x02, 0x02, 0x03, 0x02, 0x06, 0x02, 0x19, 0x06, 0x01, 0x03, 0x04, 0x02,
  0x76, 0x02, 0x05, 0x02, 0x01, 0x02, 0x03, 0x02, 0x06, 0x01, 0x19, 0x0A,
  0x04, 0x02, 0x77, 0x02, 0x06, 0x04, 0x03, 0x02, 0x05, 0x02, 0x19, 0x02,
  0x0C, 0x02, 0x77, 0x02, 0x07, 0x03, 0x03, 0x02, 0x28, 0x01, 0x04, 0x02,
  0x78, 0x02, 0x03, 0x08, 0x02, 0x02, 0x02, 0x01, 0x24, 0x02, 0x04, 0x02,
  0x79, 0x01, 0x0A, 0x02, 0x01, 0x01, 0x03, 0x01, 0x23, 0x02, 0x04, 0x02,
  0x7A, 0x02, 0x0A, 0x03, 0x28, 0x02, 0x02, 0x02, 0x7B, 0x02, 0x0A, 0x03,
  0x2B, 0x04, 0x03, 0x05, 0x72, 0x02, 0x04, 0x02, 0x01, 0x07, 0x2D, 0x0E,
  0x6E, 0x02, 0x03, 0x05, 0x04, 0x01, 0x2D, 0x03, 0x07, 0x06, 0x6C, 0x02,
  0x3B, 0x02, 0x0B, 0x04, 0x6B, 0x02, 0x3A, 0x02, 0x0D, 0x03, 0x6B, 0x02,
  0x04, 0x03, 0x32, 0x02, 0x0F, 0x02, 0x6A, 0x03, 0x04, 0x02, 0x33, 0x02,
  0x0F, 0x02, 0x6B, 0x03, 0x02, 0x02, 0x33, 0x02, 0x10, 0x02, 0x6B, 0x05,
  0x34, 0x02, 0x11, 0x02, 0x6C, 0x03, 0x1F, 0x04, 0x11, 0x02, 0x11, 0x02,
  0x6D, 0x02, 0x21, 0x02, 0x11, 0x02, 0x12, 0x02, 0x6B, 0x02, 0x35, 0x02,
  0x03, 0x01, 0x0E, 0x02, 0x6B, 0x02, 0x36, 0x02, 0x01, 0x02, 0x0F, 0x02,
  0x6A, 0x02, 0x0A, 0x03, 0x29, 0x04, 0x10, 0x02, 0x6A, 0x02, 0x09, 0x03,
  0x2C, 0x01, 0x12, 0x01, 0x6A, 0x02, 0x09, 0x01, 0x2D, 0x02, 0x12, 0x02,
  0x69, 0x02, 0x37, 0x02, 0x12, 0x02, 0x69, 0x02, 0x36, 0x02, 0x13, 0x02,
  0x69, 0x02, 0x35, 0x02, 0x08, 0x07, 0x05, 0x03, 0x69, 0x02, 0x27, 0x02,
  0x0B, 0x02, 0x06, 0x0B, 0x03, 0x04, 0x68, 0x02, 0x25, 0x04, 0x03, 0x04,
  0x05, 0x02, 0x04, 0x03, 0x07, 0x03, 0x02, 0x02, 0x01, 0x02, 0x67, 0x02,
  0x1E, 0x0A, 0x02, 0x04, 0x07, 0x02, 0x03, 0x02, 0x0B, 0x02, 0x01, 0x02,
  0x02, 0x02, 0x67, 0x01, 0x1E, 0x09, 0x0D, 0x02, 0x03, 0x02, 0x0D, 0x01,
  0x01, 0x02, 0x03, 0x02, 0x66, 0x01, 0x0F, 0x01, 0x10, 0x05, 0x05, 0x02,
  0x06, 0x03, 0x03, 0x02, 0x0E, 0x02, 0x01, 0x01, 0x03, 0x02, 0x65, 0x02,
  0x0D, 0x03, 0x1A, 0x05, 0x02, 0x03, 0x03, 0x02, 0x08, 0x03, 0x04, 0x02,
  0x01, 0x02, 0x03, 0x01, 0x63, 0x04, 0x06, 0x0A, 0x05, 0x03, 0x16, 0x01,
  0x02, 0x03, 0x03, 0x02, 0x06, 0x07, 0x03, 0x01, 0x01, 0x02, 0x03, 0x02,
  0x63, 0x02, 0x08, 0x08, 0x06, 0x03, 0x18, 0x02, 0x05, 0x01, 0x06, 0x03,
  0x03, 0x02, 0x03, 0x01, 0x01, 0x02, 0x03, 0x02, 0x64, 0x03, 0x08, 0x04,
  0x22, 0x02, 0x05, 0x02, 0x05, 0x02, 0x03, 0x04, 0x02, 0x02, 0x01, 0x02,
  0x03, 0x02, 0x65, 0x02, 0x01, 0x04, 0x10, 0x02, 0x14, 0x04, 0x06, 0x02,
  0x05, 0x02, 0x02, 0x06, 0x01, 0x02, 0x01, 0x02, 0x03, 0x02, 0x64, 0x03,
  0x05, 0x01, 0x0F, 0x04, 0x0C, 0x08, 0x08, 0x02, 0x04, 0x02, 0x02, 0x05,
  0x01, 0x03, 0x02, 0x02, 0x03, 0x02, 0x63, 0x04, 0x03, 0x03, 0x0F, 0x01,
  0x01, 0x02, 0x0A, 0x04, 0x02, 0x03, 0x06, 0x02, 0x01, 0x02, 0x04, 0x02,
  0x02, 0x01, 0x02, 0x02, 0x01, 0x02, 0x03, 0x02, 0x03, 0x02, 0x62, 0x02,
  0x02, 0x05, 0x04, 0x05, 0x08, 0x04, 0x08, 0x03, 0x0E, 0x02, 0x01, 0x02,
  0x04, 0x02, 0x02, 0x01, 0x01, 0x01, 0x01, 0x01, 0x01, 0x02, 0x02, 0x02,
  0x04, 0x02, 0x68, 0x0F, 0x0C, 0x07, 0x0F, 0x01, 0x02, 0x02, 0x04, 0x02,
  0x01, 0x04, 0x02, 0x02, 0x03, 0x02, 0x04, 0x02, 0x67, 0x07, 0x06, 0x04,
  0x09, 0x07, 0x10, 0x03, 0x01, 0x02, 0x04, 0x02, 0x01, 0x02, 0x02, 0x04,
  0x02, 0x02, 0x04, 0x02, 0x68, 0x01, 0x01, 0x02, 0x0C, 0x03, 0x05, 0x04,
  0x15, 0x03, 0x01, 0x02, 0x04, 0x02, 0x01, 0x07, 0x02, 0x03, 0x04, 0x02,
  0x6A, 0x02, 0x0D, 0x05, 0x01, 0x03, 0x16, 0x02, 0x03, 0x02, 0x05, 0x02,
  0x03, 0x01, 0x04, 0x03, 0x04, 0x02, 0x6B, 0x02, 0x0F, 0x05, 0x17, 0x03,
  0x04, 0x02, 0x05, 0x03, 0x04, 0x04, 0x05, 0x02, 0x6C, 0x02, 0x10, 0x02,
  0x17, 0x04, 0x01, 0x01, 0x02, 0x02, 0x06, 0x08, 0x06, 0x02, 0x6E, 0x02,
  0x0E, 0x03, 0x01, 0x01, 0x14, 0x0C, 0x12, 0x02, 0x70, 0x03, 0x09, 0x01,
  0x02, 0x05, 0x03, 0x01, 0x0D, 0x04, 0x03, 0x09, 0x0F, 0x03, 0x72, 0x05,
  0x06, 0x08, 0x02, 0x02, 0x0A, 0x05, 0x0D, 0x03, 0x0B, 0x04, 0x75, 0x0D,
  0x02, 0x13, 0x10, 0x07, 0x01, 0x07, 0x7B, 0x07, 0x06, 0x0D, 0x16, 0x0B,
  0xFF, 0x00, 0xA8,
};

const uint8_t CAT_SLEEP_3_RLE[] PROGMEM = {
  0xFF, 0x00, 0xFF, 0x00, 0xFF, 0x00, 0x52, 0x08, 0xB0, 0x08, 0xB5, 0x02,
  0xB5, 0x02, 0xB5, 0x03, 0xB4, 0x03, 0xB5, 0x02, 0xB5, 0x08, 0xAF, 0x09,
  0xFF, 0x00, 0xFF, 0x00, 0xD1, 0x06, 0xB2, 0x06, 0xB5, 0x02, 0xB5, 0x02,
  0xB5, 0x02, 0xB5, 0x06, 0xB2, 0x06, 0xFF, 0x00, 0xFF, 0x00, 0x1C, 0x05,
  0xB3, 0x05, 0xB5, 0x02, 0xB5, 0x02, 0xB5, 0x05, 0xB4, 0x02, 0xFF, 0x00,
  0xFF, 0x00, 0xFF, 0x00, 0xFF, 0x00, 0xFF, 0x00, 0x0E, 0x03, 0xB2, 0x07,
  0xAF, 0x04, 0x04, 0x02, 0xAC, 0x04, 0x06, 0x02, 0xAA, 0x04, 0x09, 0x02,
  0xA8, 0x03, 0x06, 0x02, 0x03, 0x02, 0xA7, 0x03, 0x07, 0x01, 0x05, 0x01,
  0xA6, 0x02, 0x08, 0x02, 0x05, 0x02, 0xA4, 0x03, 0x04, 0x01, 0x03, 0x01,
  0x06, 0x02, 0xA4, 0x02, 0x05, 0x01, 0x02, 0x02, 0x06, 0x02, 0xA3, 0x02,
  0x06, 0x02, 0x01, 0x01, 0x08, 0x02, 0xA2, 0x02, 0x06, 0x04, 0x01, 0x03,
  0x04, 0x02, 0xA1, 0x02, 0x03, 0x01, 0x04, 0x06, 0x05, 0x02, 0x81, 0x09,
  0x0F, 0x0A, 0x03, 0x01, 0x04, 0x02, 0x09, 0x02, 0x7C, 0x11, 0x09, 0x09,
  0x01, 0x03, 0x03, 0x02, 0x02, 0x02, 0x0A, 0x02, 0x7A, 0x06, 0x0B, 0x03,
  0x06, 0x05, 0x08, 0x02, 0x03, 0x02, 0x02, 0x02, 0x05, 0x01, 0x04, 0x02,
  0x7A, 0x02, 0x11, 0x02, 0x04, 0x03, 0x0B, 0x02, 0x04, 0x04, 0x04, 0x03,
  0x04, 0x02, 0x7A, 0x02, 0x12, 0x02, 0x01, 0x03, 0x0E, 0x01, 0x05, 0x08,
  0x05, 0x02, 0x7B, 0x02, 0x08, 0x01, 0x0A, 0x04, 0x15, 0x05, 0x08, 0x02,
  0x7B, 0x02, 0x02, 0x02, 0x04, 0x01, 0x04, 0x01, 0x05, 0x02, 0x17, 0x02,
  0x0B, 0x02, 0x7B, 0x02, 0x03, 0x02, 0x03, 0x02, 0x03, 0x01, 0x05, 0x02,
  0x17, 0x02, 0x06, 0x02, 0x02, 0x02, 0x7C, 0x02, 0x04, 0x02, 0x02, 0x02,
  0x03, 0x02, 0x04, 0x02, 0x1D, 0x03, 0x03, 0x02, 0x7C, 0x02, 0x05, 0x05,
  0x03, 0x02, 0x04, 0x01, 0x1E, 0x02, 0x02, 0x05, 0x7B, 0x02, 0x07, 0x03,
  0x03, 0x02, 0x26, 0x03, 0x01, 0x02, 0x7B, 0x02, 0x05, 0x06, 0x02, 0x01,
  0x02, 0x02, 0x28, 0x02, 0x7B, 0x02, 0x02, 0x04, 0x03, 0x02, 0x01, 0x01,
  0x02, 0x01, 0x2A, 0x02, 0x7A, 0x02, 0x0A, 0x03, 0x2D, 0x02, 0x7A, 0x02,
  0x0B, 0x02, 0x2E, 0x0D, 0x6F, 0x02, 0x07, 0x06, 0x2D, 0x05, 0x02, 0x08,
  0x6D, 0x02, 0x03, 0x05, 0x33, 0x01, 0x0B, 0x04, 0x6C, 0x02, 0x3A, 0x02,
  0x0C, 0x04, 0x6A, 0x02, 0x3A, 0x02, 0x0E, 0x03, 0x6A, 0x02, 0x39, 0x02,
  0x0F, 0x03, 0x6A, 0x02, 0x04, 0x03, 0x32, 0x01, 0x10, 0x03, 0x6A, 0x03,
  0x03, 0x01, 0x1D, 0x02, 0x14, 0x02, 0x10, 0x02, 0x6B, 0x06, 0x1C, 0x04,
  0x13, 0x02, 0x11, 0x02, 0x6C, 0x03, 0x34, 0x02, 0x12, 0x02, 0x6C, 0x02,
  0x34, 0x02, 0x03, 0x01, 0x0E, 0x02, 0x6C, 0x02, 0x34, 0x06, 0x0F, 0x02,
  0x6B, 0x02, 0x36, 0x03, 0x10, 0x02, 0x6B, 0x02, 0x08, 0x02, 0x2C, 0x02,
  0x11, 0x02, 0x6B, 0x02, 0x07, 0x03, 0x2C, 0x02, 0x12, 0x02, 0x6A, 0x02,
  0x07, 0x01, 0x2D, 0x02, 0x13, 0x02, 0x6A, 0x02, 0x34, 0x02, 0x14, 0x02,
  0x6A, 0x02, 0x26, 0x01, 0x0C, 0x03, 0x09, 0x05, 0x06, 0x03, 0x69, 0x02,
  0x25, 0x03, 0x04, 0x03, 0x05, 0x02, 0x06, 0x0A, 0x04, 0x04, 0x69, 0x01,
  0x23, 0x04, 0x02, 0x05, 0x07, 0x02, 0x04, 0x03, 0x07, 0x03, 0x02, 0x02,
  0x01, 0x02, 0x68, 0x02, 0x1C, 0x09, 0x03, 0x02, 0x09, 0x03, 0x03, 0x02,
  0x0A, 0x03, 0x05, 0x02, 0x67, 0x02, 0x1C, 0x08, 0x0E, 0x03, 0x03, 0x02,
  0x0C, 0x02, 0x06, 0x02, 0x66, 0x02, 0x1E, 0x03, 0x06, 0x05, 0x04, 0x04,
  0x03, 0x02, 0x0E, 0x02, 0x01, 0x02, 0x02, 0x02, 0x66, 0x02, 0x0D, 0x02,
  0x1B, 0x03, 0x03, 0x03, 0x03, 0x02, 0x08, 0x03, 0x04, 0x02, 0x01, 0x02,
  0x03, 0x02, 0x63, 0x04, 0x05, 0x01, 0x05, 0x04, 0x05, 0x01, 0x1A, 0x04,
  0x03, 0x02, 0x06, 0x06, 0x04, 0x01, 0x01, 0x02, 0x03, 0x02, 0x63, 0x03,
  0x06, 0x09, 0x04, 0x04, 0x18, 0x03, 0x04, 0x02, 0x06, 0x03, 0x03, 0x02,
  0x03, 0x01, 0x01, 0x02, 0x03, 0x02, 0x64, 0x03, 0x06, 0x07, 0x06, 0x02,
  0x18, 0x02, 0x06, 0x02, 0x05, 0x02, 0x03, 0x04, 0x02, 0x02, 0x01, 0x02,
  0x03, 0x02, 0x65, 0x02, 0x02, 0x03, 0x04, 0x01, 0x0E, 0x01, 0x12, 0x03,
  0x07, 0x02, 0x05, 0x01, 0x03, 0x06, 0x01, 0x02, 0x01, 0x02, 0x03, 0x02,
  0x65, 0x02, 0x01, 0x03, 0x10, 0x05, 0x0C, 0x08, 0x08, 0x02, 0x04, 0x02,
  0x02, 0x05, 0x01, 0x03, 0x02, 0x02, 0x03, 0x02, 0x64, 0x04, 0x03, 0x02,
  0x0C, 0x06, 0x0B, 0x04, 0x02, 0x02, 0x07, 0x02, 0x01, 0x01, 0x05, 0x02,
  0x02, 0x01, 0x01, 0x03, 0x01, 0x03, 0x02, 0x02, 0x03, 0x02, 0x63, 0x02,
  0x01, 0x03, 0x01, 0x02, 0x0E, 0x01, 0x0D, 0x03, 0x0E, 0x01, 0x02, 0x01,
  0x05, 0x02, 0x01, 0x02, 0x01, 0x03, 0x01, 0x02, 0x02, 0x02, 0x04, 0x02,
  0x68, 0x08, 0x15, 0x05, 0x0F, 0x01, 0x02, 0x02, 0x04, 0x02, 0x01, 0x04,
  0x02, 0x02, 0x03, 0x02, 0x04, 0x02, 0x68, 0x0B, 0x10, 0x05, 0x10, 0x03,
  0x01, 0x02, 0x04, 0x02, 0x01, 0x02, 0x03, 0x03, 0x02, 0x02, 0x05, 0x01,
  0x69, 0x03, 0x06, 0x06, 0x0A, 0x04, 0x13, 0x03, 0x01, 0x02, 0x04, 0x02,
  0x01, 0x07, 0x02, 0x03, 0x04, 0x02, 0x6A, 0x02, 0x08, 0x07, 0x05, 0x04,
  0x14, 0x02, 0x03, 0x02, 0x05, 0x02, 0x02, 0x02, 0x04, 0x03, 0x05, 0x02,
  0x6A, 0x02, 0x0C, 0x0A, 0x15, 0x03, 0x04, 0x02, 0x05, 0x03, 0x04, 0x04,
  0x05, 0x02, 0x6C, 0x02, 0x0E, 0x05, 0x16, 0x04, 0x01, 0x01, 0x02, 0x02,
  0x06, 0x08, 0x06, 0x02, 0x6E, 0x02, 0x0E, 0x01, 0x01, 0x01, 0x01, 0x01,
  0x13, 0x0D, 0x08, 0x02, 0x08, 0x02, 0x70, 0x03, 0x09, 0x01, 0x02, 0x05,
  0x03, 0x01, 0x0D, 0x04, 0x03, 0x09, 0x0F, 0x03, 0x72, 0x05, 0x06, 0x08,
  0x02, 0x02, 0x0A, 0x05, 0x0D, 0x03, 0x0B, 0x04, 0x75, 0x0D, 0x02, 0x13,
  0x10, 0x07, 0x01, 0x07, 0x7B, 0x07, 0x06, 0x0D, 0x16, 0x0B, 0xFF, 0x00,
  0xA8,
};

const uint8_t CAT_CLEAN_0_RLE[] PROGMEM = {
  0xFF, 0x00, 0xFF, 0x00, 0xFF, 0x00, 0xFF, 0x00, 0x0B, 0x05, 0xB0, 0x09,
  0xAD, 0x05, 0x05, 0x02, 0xAB, 0x03, 0x08, 0x02, 0xA9, 0x04, 0x09, 0x02,
  0x7E, 0x01, 0x29, 0x03, 0x07, 0x02, 0x02, 0x02, 0x7B, 0x0A, 0x22, 0x03,
  0x08, 0x01, 0x04, 0x02, 0x7A, 0x0C, 0x1F, 0x02, 0x09, 0x02, 0x04, 0x02,
  0x79, 0x02, 0x08, 0x06, 0x1B, 0x03, 0x05, 0x01, 0x03, 0x01, 0x05, 0x02,
  0x79, 0x02, 0x0B, 0x04, 0x19, 0x03, 0x06, 0x02, 0x01, 0x02, 0x05, 0x02,
  0x79, 0x02, 0x0D, 0x04, 0x17, 0x02, 0x07, 0x02, 0x01, 0x01, 0x06, 0x02,
  0x79, 0x02, 0x03, 0x02, 0x0A, 0x03, 0x15, 0x02, 0x08, 0x04, 0x06, 0x02,
  0x79, 0x02, 0x03, 0x02, 0x0B, 0x03, 0x14, 0x02, 0x09, 0x02, 0x01, 0x03,
  0x03, 0x02, 0x79, 0x02, 0x04, 0x02, 0x03, 0x01, 0x07, 0x02, 0x13, 0x02,
  0x05, 0x02, 0x03, 0x05, 0x04, 0x02, 0x79, 0x01, 0x06, 0x02, 0x01, 0x02,
  0x08, 0x02, 0x09, 0x08, 0x01, 0x02, 0x05, 0x02, 0x02, 0x02, 0x08, 0x02,
  0x79, 0x02, 0x06, 0x02, 0x01, 0x01, 0x09, 0x02, 0x04, 0x10, 0x05, 0x01,
  0x02, 0x02, 0x08, 0x02, 0x79, 0x02, 0x06, 0x04, 0x09, 0x02, 0x01, 0x08,
  0x07, 0x05, 0x04, 0x01, 0x01, 0x02, 0x05, 0x01, 0x03, 0x02, 0x79, 0x02,
  0x03, 0x01, 0x03, 0x03, 0x03, 0x02, 0x05, 0x05, 0x10, 0x01, 0x04, 0x04,
  0x04, 0x02, 0x03, 0x02, 0x79, 0x02, 0x03, 0x07, 0x03, 0x02, 0x05, 0x02,
  0x18, 0x03, 0x02, 0x04, 0x04, 0x02, 0x79, 0x02, 0x05, 0x06, 0x02, 0x02,
  0x05, 0x02, 0x18, 0x07, 0x05, 0x02, 0x7A, 0x02, 0x09, 0x03, 0x01, 0x02,
  0x03, 0x04, 0x1A, 0x01, 0x09, 0x02, 0x7A, 0x02, 0x0A, 0x02, 0x01, 0x02,
  0x03, 0x02, 0x1F, 0x02, 0x04, 0x03, 0x7A, 0x02, 0x0B, 0x03, 0x04, 0x01,
  0x20, 0x01, 0x05, 0x02, 0x7C, 0x02, 0x03, 0x02, 0x06, 0x02, 0x27, 0x01,
  0x02, 0x03, 0x7C, 0x02, 0x04, 0x0A, 0x26, 0x02, 0x01, 0x02, 0x7D, 0x03,
  0x05, 0x08, 0x27, 0x03, 0x7F, 0x02, 0x34, 0x03, 0x80, 0x02, 0x34, 0x02,
  0x80, 0x03, 0x34, 0x02, 0x80, 0x02, 0x04, 0x03, 0x23, 0x03, 0x07, 0x02,
  0x81, 0x03, 0x02, 0x02, 0x24, 0x03, 0x08, 0x02, 0x81, 0x05, 0x12, 0x02,
  0x1C, 0x02, 0x0E, 0x02, 0x72, 0x04, 0x11, 0x03, 0x1C, 0x02, 0x0D, 0x03,
  0x73, 0x03, 0x31, 0x02, 0x0B, 0x03, 0x74, 0x02, 0x2A, 0x01, 0x07, 0x02,
  0x0A, 0x03, 0x75, 0x02, 0x28, 0x05, 0x05, 0x02, 0x0A, 0x01, 0x76, 0x02,
  0x28, 0x07, 0x04, 0x02, 0x81, 0x02, 0x13, 0x02, 0x12, 0x09, 0x03, 0x02,
  0x81, 0x02, 0x10, 0x07, 0x10, 0x02, 0x03, 0x02, 0x01, 0x02, 0x03, 0x02,
  0x0D, 0x04, 0x6F, 0x02, 0x0F, 0x09, 0x0F, 0x02, 0x03, 0x02, 0x01, 0x02,
  0x03, 0x02, 0x0B, 0x06, 0x6F, 0x02, 0x0E, 0x0B, 0x0D, 0x03, 0x03, 0x05,
  0x03, 0x02, 0x0B, 0x02, 0x73, 0x02, 0x0E, 0x02, 0x01, 0x03, 0x03, 0x02,
  0x0D, 0x03, 0x02, 0x04, 0x01, 0x01, 0x03, 0x02, 0x80, 0x02, 0x0D, 0x02,
  0x01, 0x04, 0x03, 0x02, 0x0D, 0x09, 0x01, 0x01, 0x03, 0x02, 0x80, 0x02,
  0x0D, 0x02, 0x01, 0x04, 0x03, 0x03, 0x0C, 0x09, 0x05, 0x02, 0x80, 0x02,
  0x0C, 0x02, 0x01, 0x06, 0x02, 0x03, 0x0C, 0x06, 0x01, 0x02, 0x06, 0x02,
  0x01, 0x01, 0x08, 0x01, 0x74, 0x02, 0x0C, 0x02, 0x01, 0x0B, 0x0D, 0x05,
  0x01, 0x02, 0x05, 0x05, 0x08, 0x04, 0x63, 0x01, 0x0E, 0x02, 0x0B, 0x02,
  0x01, 0x0B, 0x07, 0x03, 0x03, 0x08, 0x03, 0x04, 0x0D, 0x03, 0x5D, 0x0A,
  0x0A, 0x02, 0x0C, 0x01, 0x01, 0x0B, 0x06, 0x04, 0x04, 0x06, 0x07, 0x01,
  0x6B, 0x06, 0x02, 0x06, 0x07, 0x02, 0x0D, 0x01, 0x02, 0x06, 0x01, 0x02,
  0x08, 0x02, 0x06, 0x04, 0x06, 0x03, 0x6A, 0x03, 0x0A, 0x03, 0x06, 0x02,
  0x10, 0x09, 0x19, 0x06, 0x67, 0x03, 0x0C, 0x03, 0x04, 0x02, 0x12, 0x07,
  0x09, 0x02, 0x10, 0x02, 0x01, 0x03, 0x65, 0x02, 0x0F, 0x03, 0x03, 0x05,
  0x10, 0x05, 0x09, 0x04, 0x0F, 0x02, 0x68, 0x02, 0x11, 0x02, 0x05, 0x04,
  0x04, 0x06, 0x12, 0x05, 0x0E, 0x02, 0x68, 0x03, 0x08, 0x03, 0x07, 0x02,
  0x05, 0x02, 0x05, 0x01, 0x17, 0x02, 0x01, 0x02, 0x0D, 0x02, 0x69, 0x02,
  0x07, 0x07, 0x05, 0x02, 0x05, 0x03, 0x09, 0x01, 0x11, 0x02, 0x02, 0x02,
  0x0C, 0x03, 0x68, 0x02, 0x07, 0x03, 0x03, 0x03, 0x05, 0x02, 0x05, 0x04,
  0x05, 0x03, 0x11, 0x02, 0x02, 0x01, 0x0C, 0x03, 0x69, 0x02, 0x06, 0x02,
  0x06, 0x02, 0x05, 0x02, 0x07, 0x04, 0x02, 0x02, 0x14, 0x04, 0x0A, 0x03,
  0x6B, 0x02, 0x05, 0x02, 0x08, 0x02, 0x04, 0x02, 0x09, 0x05, 0x16, 0x01,
  0x0A, 0x04, 0x6B, 0x02, 0x06, 0x02, 0x08, 0x02, 0x04, 0x02, 0x0A, 0x05,
  0x1E, 0x04, 0x6D, 0x02, 0x05, 0x02, 0x04, 0x01, 0x04, 0x02, 0x04, 0x02,
  0x0C, 0x05, 0x19, 0x05, 0x6F, 0x02, 0x05, 0x02, 0x03, 0x04, 0x01, 0x02,
  0x05, 0x02, 0x0B, 0x0C, 0x12, 0x06, 0x6F, 0x02, 0x05, 0x02, 0x02, 0x02,
  0x01, 0x04, 0x05, 0x02, 0x0B, 0x03, 0x04, 0x08, 0x14, 0x02, 0x6F, 0x02,
  0x05, 0x02, 0x02, 0x03, 0x09, 0x02, 0x09, 0x04, 0x05, 0x02, 0x1B, 0x02,
  0x6E, 0x02, 0x05, 0x02, 0x02, 0x01, 0x01, 0x04, 0x05, 0x02, 0x07, 0x05,
  0x07, 0x02, 0x1B, 0x02, 0x6E, 0x02, 0x05, 0x02, 0x02, 0x02, 0x01, 0x04,
  0x03, 0x03, 0x05, 0x05, 0x09, 0x01, 0x1B, 0x03, 0x6E, 0x02, 0x05, 0x02,
  0x02, 0x03, 0x02, 0x01, 0x03, 0x03, 0x05, 0x04, 0x0B, 0x04, 0x18, 0x03,
  0x6E, 0x02, 0x05, 0x02, 0x03, 0x04, 0x01, 0x05, 0x05, 0x03, 0x0D, 0x04,
  0x18, 0x02, 0x6F, 0x02, 0x06, 0x02, 0x04, 0x06, 0x05, 0x03, 0x11, 0x02,
  0x19, 0x01, 0x70, 0x02, 0x05, 0x02, 0x04, 0x03, 0x07, 0x03, 0x13, 0x02,
  0x02, 0x01, 0x14, 0x02, 0x70, 0x02, 0x06, 0x02, 0x0D, 0x02, 0x14, 0x03,
  0x01, 0x01, 0x12, 0x01, 0x01, 0x02, 0x70, 0x02, 0x07, 0x02, 0x0B, 0x02,
  0x16, 0x05, 0x11, 0x01, 0x01, 0x02, 0x71, 0x02, 0x07, 0x03, 0x08, 0x02,
  0x18, 0x05, 0x01, 0x01, 0x0E, 0x03, 0x72, 0x03, 0x07, 0x05, 0x03, 0x04,
  0x1C, 0x04, 0x0C, 0x04, 0x73, 0x02, 0x08, 0x0A, 0x1E, 0x05, 0x0A, 0x03,
  0x75, 0x02, 0x0B, 0x03, 0x01, 0x02, 0x21, 0x02, 0x09, 0x04, 0x75, 0x03,
  0x0E, 0x02, 0x22, 0x01, 0x07, 0x06, 0x76, 0x03, 0x0C, 0x02, 0x2B, 0x03,
  0x01, 0x02, 0x78, 0x03, 0x0A, 0x02, 0x2A, 0x02, 0x03, 0x02, 0x79, 0x05,
  0x07, 0x02, 0x29, 0x02, 0x04, 0x02, 0x7B, 0x0C, 0x22, 0x01, 0x06, 0x01,
  0x04, 0x02, 0x7F, 0x09, 0x21, 0x02, 0x04, 0x01, 0x06, 0x02, 0x86, 0x02,
  0x0F, 0x02, 0x02, 0x02, 0x0C, 0x02, 0x02, 0x03, 0x06, 0x02, 0x86, 0x02,
  0x0F, 0x02, 0x02, 0x02, 0x0C, 0x02, 0x01, 0x03, 0x07, 0x02, 0x86, 0x02,
  0x0F, 0x02, 0x02, 0x02, 0x0C, 0x05, 0x08, 0x02, 0x1F, 0x02, 0x65, 0x02,
  0x0E, 0x02, 0x03, 0x02, 0x0B, 0x05, 0x09, 0x01, 0x20, 0x04, 0x63, 0x02,
  0x0E, 0x02, 0x03, 0x02, 0x0B, 0x04, 0x09, 0x02, 0x20, 0x05, 0x61, 0x02,
  0x0E, 0x03, 0x03, 0x02, 0x0B, 0x04, 0x09, 0x02, 0x1F, 0x03, 0x02, 0x02,
  0x60, 0x02, 0x0D, 0x09, 0x0B, 0x04, 0x09, 0x02, 0x1D, 0x04, 0x03, 0x02,
  0x60, 0x02, 0x0C, 0x03, 0x02, 0x06, 0x0A, 0x02, 0x01, 0x01, 0x09, 0x02,
  0x1C, 0x03, 0x05, 0x03, 0x5F, 0x02, 0x0A, 0x05, 0x06, 0x02, 0x0A, 0x02,
  0x01, 0x02, 0x08, 0x02, 0x1B, 0x03, 0x06, 0x04, 0x5E, 0x02, 0x08, 0x04,
  0x01, 0x02, 0x06, 0x02, 0x0A, 0x02, 0x01, 0x02, 0x09, 0x02, 0x1A, 0x02,
  0x0A, 0x02, 0x5D, 0x02, 0x09, 0x02, 0x02, 0x02, 0x07, 0x01, 0x0A, 0x02,
  0x01, 0x02, 0x09, 0x03, 0x19, 0x02, 0x0A, 0x02, 0x5D, 0x02, 0x0A, 0x02,
  0x02, 0x02, 0x04, 0x01, 0x01, 0x02, 0x0A, 0x02, 0x01, 0x01, 0x0A, 0x02,
  0x18, 0x05, 0x08, 0x03, 0x5C, 0x03, 0x09, 0x02, 0x02, 0x02, 0x04, 0x01,
  0x01, 0x02, 0x0A, 0x02, 0x01, 0x02, 0x04, 0x02, 0x01, 0x01, 0x01, 0x02,
  0x17, 0x03, 0x01, 0x03, 0x05, 0x06, 0x5C, 0x02, 0x04, 0x01, 0x02, 0x01,
  0x01, 0x02, 0x03, 0x09, 0x05, 0x01, 0x02, 0x02, 0x01, 0x05, 0x03, 0x02,
  0x01, 0x04, 0x16, 0x02, 0x0F, 0x03, 0x5B, 0x03, 0x03, 0x02, 0x01, 0x04,
  0x04, 0x09, 0x04, 0x02, 0x01, 0x02, 0x01, 0x01, 0x02, 0x0B, 0x17, 0x02,
  0x10, 0x02, 0x5C, 0x04, 0x01, 0x02, 0x01, 0x04, 0x0C, 0x02, 0x03, 0x02,
  0x01, 0x04, 0x03, 0x09, 0x18, 0x02, 0x10, 0x02, 0x5D, 0x0A, 0x0D, 0x0B,
  0x25, 0x02, 0x10, 0x02, 0x60, 0x04, 0x12, 0x07, 0x28, 0x04, 0x0B, 0x03,
  0xA7, 0x10, 0xAA, 0x0C, 0xFF, 0x00, 0x99,
};

const uint8_t CAT_CLEAN_1_RLE[] PROGMEM = {
  0xFF, 0x00, 0xFF, 0x00, 0xFF, 0x00, 0x4D, 0x05, 0xB0, 0x09, 0xAE, 0x04,
  0x04, 0x02, 0xAC, 0x04, 0x07, 0x02, 0x81, 0x08, 0x21, 0x03, 0x09, 0x02,
  0x81, 0x0B, 0x1C, 0x03, 0x07, 0x02, 0x02, 0x02, 0x80, 0x02, 0x07, 0x05,
  0x19, 0x03, 0x08, 0x01, 0x03, 0x02, 0x80, 0x02, 0x09, 0x05, 0x17, 0x02,
  0x08, 0x02, 0x04, 0x02, 0x7F, 0x02, 0x0C, 0x03, 0x15, 0x02, 0x06, 0x01,
  0x02, 0x01, 0x05, 0x02, 0x7F, 0x02, 0x02, 0x02, 0x09, 0x03, 0x13, 0x02,
  0x07, 0x01, 0x01, 0x02, 0x05, 0x02, 0x7E, 0x02, 0x04, 0x02, 0x09, 0x03,
  0x12, 0x02, 0x07, 0x01, 0x01, 0x02, 0x05, 0x02, 0x7E, 0x02, 0x05, 0x02,
  0x09, 0x03, 0x10, 0x02, 0x08, 0x03, 0x02, 0x01, 0x03, 0x02, 0x7E, 0x02,
  0x05, 0x02, 0x02, 0x01, 0x07, 0x03, 0x0F, 0x02, 0x08, 0x06, 0x03, 0x02,
  0x7E, 0x02, 0x06, 0x02, 0x01, 0x01, 0x08, 0x02, 0x08, 0x04, 0x02, 0x02,
  0x05, 0x02, 0x02, 0x04, 0x05, 0x02, 0x7E, 0x02, 0x07, 0x01, 0x01, 0x01,
  0x09, 0x02, 0x02, 0x0E, 0x04, 0x02, 0x02, 0x02, 0x07, 0x02, 0x7E, 0x02,
  0x04, 0x01, 0x02, 0x03, 0x04, 0x01, 0x04, 0x09, 0x04, 0x07, 0x03, 0x01,
  0x01, 0x02, 0x08, 0x02, 0x7E, 0x02, 0x04, 0x06, 0x03, 0x02, 0x04, 0x04,
  0x0E, 0x02, 0x03, 0x04, 0x04, 0x02, 0x02, 0x02, 0x7E, 0x02, 0x05, 0x06,
  0x02, 0x02, 0x05, 0x02, 0x14, 0x03, 0x02, 0x04, 0x03, 0x02, 0x7F, 0x02,
  0x08, 0x02, 0x02, 0x02, 0x03, 0x04, 0x14, 0x08, 0x03, 0x02, 0x80, 0x02,
  0x09, 0x02, 0x01, 0x02, 0x03, 0x02, 0x17, 0x03, 0x07, 0x02, 0x80, 0x02,
  0x0A, 0x03, 0x04, 0x01, 0x1B, 0x02, 0x05, 0x02, 0x80, 0x02, 0x03, 0x02,
  0x06, 0x02, 0x21, 0x01, 0x04, 0x02, 0x82, 0x02, 0x03, 0x09, 0x22, 0x02,
  0x02, 0x02, 0x82, 0x02, 0x05, 0x08, 0x21, 0x05, 0x83, 0x02, 0x0B, 0x01,
  0x23, 0x04, 0x84, 0x02, 0x2F, 0x02, 0x86, 0x02, 0x2F, 0x02, 0x85, 0x03,
  0x2E, 0x02, 0x86, 0x03, 0x02, 0x01, 0x2B, 0x02, 0x86, 0x05, 0x2B, 0x02,
  0x87, 0x04, 0x23, 0x03, 0x06, 0x02, 0x87, 0x02, 0x23, 0x04, 0x06, 0x02,
  0x86, 0x02, 0x11, 0x04, 0x19, 0x02, 0x86, 0x02, 0x11, 0x02, 0x1C, 0x02,
  0x85, 0x02, 0x2F, 0x02, 0x85, 0x02, 0x2F, 0x02, 0x85, 0x02, 0x26, 0x05,
  0x04, 0x02, 0x84, 0x02, 0x26, 0x07, 0x03, 0x02, 0x84, 0x02, 0x11, 0x04,
  0x11, 0x08, 0x02, 0x02, 0x84, 0x02, 0x0F, 0x08, 0x0E, 0x02, 0x03, 0x04,
  0x02, 0x02, 0x70, 0x07, 0x0D, 0x02, 0x0E, 0x09, 0x0E, 0x02, 0x03, 0x02,
  0x01, 0x01, 0x02, 0x02, 0x6E, 0x0B, 0x0C, 0x02, 0x0C, 0x07, 0x02, 0x02,
  0x0D, 0x02, 0x03, 0x02, 0x01, 0x02, 0x01, 0x02, 0x6C, 0x04, 0x07, 0x04,
  0x0A, 0x02, 0x0C, 0x02, 0x01, 0x03, 0x03, 0x02, 0x0C, 0x0B, 0x02, 0x02,
  0x6A, 0x03, 0x0B, 0x03, 0x09, 0x02, 0x0B, 0x02, 0x01, 0x04, 0x03, 0x02,
  0x0C, 0x0A, 0x03, 0x02, 0x69, 0x03, 0x0D, 0x03, 0x08, 0x02, 0x0B, 0x02,
  0x01, 0x04, 0x03, 0x03, 0x0B, 0x09, 0x04, 0x05, 0x65, 0x03, 0x0F, 0x02,
  0x08, 0x02, 0x0B, 0x02, 0x01, 0x0A, 0x0C, 0x07, 0x03, 0x06, 0x65, 0x03,
  0x11, 0x02, 0x06, 0x02, 0x0C, 0x02, 0x01, 0x0A, 0x06, 0x02, 0x04, 0x07,
  0x05, 0x02, 0x67, 0x02, 0x07, 0x06, 0x05, 0x02, 0x06, 0x02, 0x0C, 0x02,
  0x01, 0x09, 0x07, 0x03, 0x03, 0x06, 0x06, 0x02, 0x66, 0x02, 0x06, 0x09,
  0x05, 0x02, 0x05, 0x03, 0x0E, 0x06, 0x01, 0x02, 0x07, 0x02, 0x05, 0x04,
  0x05, 0x06, 0x64, 0x02, 0x06, 0x02, 0x06, 0x02, 0x04, 0x02, 0x06, 0x04,
  0x0D, 0x08, 0x08, 0x01, 0x0F, 0x06, 0x63, 0x02, 0x05, 0x02, 0x07, 0x02,
  0x04, 0x02, 0x08, 0x02, 0x03, 0x06, 0x04, 0x07, 0x04, 0x02, 0x01, 0x06,
  0x0B, 0x02, 0x67, 0x02, 0x05, 0x03, 0x07, 0x02, 0x04, 0x02, 0x07, 0x03,
  0x03, 0x02, 0x02, 0x01, 0x06, 0x04, 0x07, 0x06, 0x0C, 0x03, 0x67, 0x02,
  0x05, 0x02, 0x08, 0x02, 0x04, 0x02, 0x08, 0x04, 0x17, 0x02, 0x01, 0x03,
  0x0B, 0x03, 0x68, 0x02, 0x05, 0x02, 0x02, 0x04, 0x01, 0x03, 0x04, 0x02,
  0x0A, 0x03, 0x04, 0x02, 0x10, 0x02, 0x02, 0x02, 0x0A, 0x03, 0x69, 0x02,
  0x05, 0x02, 0x02, 0x07, 0x04, 0x02, 0x0B, 0x08, 0x11, 0x02, 0x01, 0x02,
  0x0A, 0x03, 0x6A, 0x02, 0x05, 0x02, 0x01, 0x02, 0x01, 0x01, 0x08, 0x02,
  0x0A, 0x03, 0x01, 0x04, 0x13, 0x03, 0x09, 0x04, 0x6B, 0x02, 0x05, 0x02,
  0x01, 0x02, 0x01, 0x03, 0x05, 0x02, 0x08, 0x04, 0x04, 0x06, 0x05, 0x05,
  0x10, 0x04, 0x6D, 0x02, 0x05, 0x02, 0x01, 0x02, 0x01, 0x04, 0x03, 0x03,
  0x07, 0x04, 0x08, 0x0F, 0x0A, 0x06, 0x6F, 0x02, 0x05, 0x02, 0x02, 0x02,
  0x06, 0x03, 0x06, 0x04, 0x0D, 0x05, 0x05, 0x03, 0x07, 0x06, 0x71, 0x02,
  0x05, 0x02, 0x03, 0x09, 0x05, 0x04, 0x0F, 0x02, 0x09, 0x03, 0x06, 0x02,
  0x02, 0x02, 0x72, 0x02, 0x05, 0x02, 0x04, 0x05, 0x06, 0x03, 0x1C, 0x03,
  0x0A, 0x02, 0x72, 0x02, 0x05, 0x03, 0x03, 0x02, 0x08, 0x03, 0x1F, 0x02,
  0x08, 0x04, 0x71, 0x02, 0x06, 0x02, 0x0C, 0x03, 0x20, 0x02, 0x08, 0x04,
  0x72, 0x02, 0x06, 0x03, 0x0A, 0x02, 0x20, 0x04, 0x07, 0x04, 0x72, 0x02,
  0x07, 0x03, 0x08, 0x02, 0x22, 0x03, 0x06, 0x02, 0x02, 0x02, 0x72, 0x02,
  0x07, 0x0B, 0x23, 0x04, 0x03, 0x04, 0x02, 0x02, 0x72, 0x03, 0x08, 0x09,
  0x0D, 0x02, 0x13, 0x02, 0x02, 0x02, 0x01, 0x04, 0x04, 0x02, 0x72, 0x03,
  0x0D, 0x02, 0x0F, 0x02, 0x10, 0x03, 0x03, 0x05, 0x06, 0x02, 0x73, 0x03,
  0x0C, 0x02, 0x0F, 0x03, 0x0B, 0x08, 0x03, 0x03, 0x07, 0x02, 0x74, 0x03,
  0x0A, 0x02, 0x11, 0x03, 0x09, 0x05, 0x03, 0x02, 0x03, 0x02, 0x08, 0x02,
  0x74, 0x04, 0x08, 0x02, 0x12, 0x04, 0x05, 0x04, 0x06, 0x03, 0x02, 0x02,
  0x01, 0x01, 0x06, 0x02, 0x76, 0x07, 0x01, 0x04, 0x14, 0x0A, 0x08, 0x02,
  0x03, 0x03, 0x06, 0x02, 0x78, 0x0A, 0x16, 0x05, 0x0C, 0x02, 0x02, 0x03,
  0x06, 0x02, 0x7D, 0x01, 0x01, 0x02, 0x29, 0x02, 0x02, 0x02, 0x06, 0x02,
  0x7F, 0x02, 0x2A, 0x02, 0x02, 0x04, 0x02, 0x02, 0x80, 0x02, 0x2A, 0x03,
  0x01, 0x04, 0x02, 0x02, 0x80, 0x02, 0x29, 0x05, 0x02, 0x05, 0x81, 0x02,
  0x28, 0x03, 0x01, 0x02, 0x02, 0x05, 0x82, 0x02, 0x27, 0x02, 0x03, 0x04,
  0x02, 0x06, 0x7E, 0x02, 0x0F, 0x01, 0x14, 0x04, 0x04, 0x03, 0x02, 0x08,
  0x7D, 0x02, 0x0F, 0x01, 0x13, 0x04, 0x05, 0x02, 0x01, 0x05, 0x03, 0x03,
  0x7C, 0x02, 0x0E, 0x02, 0x11, 0x05, 0x07, 0x05, 0x04, 0x06, 0x79, 0x03,
  0x0E, 0x02, 0x0E, 0x07, 0x08, 0x03, 0x05, 0x02, 0x01, 0x05, 0x17, 0x01,
  0x60, 0x02, 0x0E, 0x02, 0x0C, 0x07, 0x01, 0x02, 0x08, 0x02, 0x04, 0x03,
  0x01, 0x02, 0x02, 0x04, 0x13, 0x04, 0x5E, 0x02, 0x0F, 0x11, 0x04, 0x02,
  0x09, 0x02, 0x03, 0x03, 0x01, 0x04, 0x03, 0x03, 0x10, 0x04, 0x60, 0x02,
  0x0E, 0x0F, 0x07, 0x02, 0x09, 0x02, 0x01, 0x03, 0x01, 0x03, 0x02, 0x02,
  0x03, 0x03, 0x0E, 0x02, 0x63, 0x02, 0x0C, 0x03, 0x08, 0x02, 0x0B, 0x02,
  0x09, 0x04, 0x01, 0x03, 0x02, 0x02, 0x02, 0x01, 0x04, 0x03, 0x71, 0x02,
  0x0A, 0x04, 0x09, 0x02, 0x0B, 0x02, 0x09, 0x02, 0x01, 0x06, 0x02, 0x01,
  0x08, 0x04, 0x6F, 0x02, 0x08, 0x04, 0x0B, 0x02, 0x0B, 0x02, 0x0A, 0x04,
  0x03, 0x01, 0x0D, 0x05, 0x08, 0x06, 0x03, 0x02, 0x59, 0x02, 0x09, 0x02,
  0x0D, 0x02, 0x0A, 0x03, 0x09, 0x02, 0x01, 0x02, 0x02, 0x02, 0x08, 0x02,
  0x04, 0x07, 0x04, 0x06, 0x03, 0x04, 0x57, 0x02, 0x0A, 0x02, 0x0C, 0x02,
  0x0B, 0x03, 0x08, 0x02, 0x02, 0x01, 0x0D, 0x02, 0x06, 0x04, 0x0D, 0x04,
  0x58, 0x02, 0x09, 0x02, 0x0D, 0x02, 0x0B, 0x02, 0x08, 0x02, 0x02, 0x02,
  0x0E, 0x03, 0x05, 0x02, 0x0B, 0x03, 0x02, 0x02, 0x57, 0x02, 0x04, 0x02,
  0x01, 0x02, 0x01, 0x01, 0x0D, 0x02, 0x06, 0x02, 0x01, 0x04, 0x09, 0x02,
  0x02, 0x01, 0x09, 0x01, 0x05, 0x0A, 0x09, 0x03, 0x03, 0x03, 0x56, 0x03,
  0x03, 0x02, 0x01, 0x04, 0x0E, 0x02, 0x05, 0x02, 0x02, 0x03, 0x09, 0x02,
  0x07, 0x01, 0x05, 0x02, 0x05, 0x0C, 0x04, 0x02, 0x07, 0x02, 0x56, 0x0B,
  0x10, 0x04, 0x02, 0x02, 0x01, 0x03, 0x0A, 0x03, 0x06, 0x02, 0x05, 0x02,
  0x07, 0x03, 0x03, 0x03, 0x04, 0x02, 0x07, 0x02, 0x58, 0x08, 0x12, 0x0A,
  0x0C, 0x02, 0x03, 0x01, 0x03, 0x02, 0x05, 0x04, 0x03, 0x09, 0x04, 0x05,
  0x04, 0x04, 0x74, 0x04, 0x0F, 0x03, 0x02, 0x02, 0x03, 0x02, 0x06, 0x0C,
  0x05, 0x02, 0x08, 0x02, 0x01, 0x02, 0x87, 0x02, 0x03, 0x02, 0x03, 0x03,
  0x06, 0x08, 0x07, 0x02, 0x0B, 0x02, 0x88, 0x02, 0x03, 0x02, 0x04, 0x03,
  0x04, 0x06, 0x09, 0x02, 0x0B, 0x02, 0x89, 0x02, 0x03, 0x03, 0x03, 0x0A,
  0x0B, 0x05, 0x05, 0x05, 0x8A, 0x10, 0x11, 0x0B, 0x8D, 0x0B, 0x19, 0x03,
  0xFF, 0x00, 0x98,
};

const uint8_t CAT_CLEAN_2_RLE[] PROGMEM = {
  0xFF, 0x00, 0xFF, 0x00, 0xFF, 0x00, 0xFF, 0x00, 0xFF, 0x00, 0x77, 0x06,
  0xAF, 0x09, 0x84, 0x06, 0x23, 0x05, 0x05, 0x02, 0x82, 0x0A, 0x1F, 0x03,
  0x08, 0x02, 0x81, 0x03, 0x05, 0x05, 0x1B, 0x04, 0x09, 0x02, 0x81, 0x02,
  0x09, 0x04, 0x18, 0x03, 0x08, 0x01, 0x03, 0x02, 0x80, 0x02, 0x0B, 0x03,
  0x16, 0x03, 0x08, 0x02, 0x03, 0x02, 0x80, 0x02, 0x02, 0x02, 0x08, 0x03,
  0x14, 0x03, 0x08, 0x02, 0x04, 0x02, 0x80, 0x02, 0x03, 0x02, 0x09, 0x02,
  0x13, 0x02, 0x06, 0x01, 0x02, 0x02, 0x04, 0x02, 0x7F, 0x02, 0x05, 0x01,
  0x0A, 0x02, 0x11, 0x02, 0x07, 0x01, 0x01, 0x02, 0x05, 0x02, 0x7F, 0x02,
  0x05, 0x02, 0x02, 0x01, 0x07, 0x02, 0x10, 0x02, 0x07, 0x03, 0x06, 0x02,
  0x7F, 0x02, 0x06, 0x01, 0x02, 0x01, 0x07, 0x03, 0x0E, 0x02, 0x08, 0x03,
  0x01, 0x02, 0x03, 0x02, 0x7F, 0x02, 0x06, 0x02, 0x01, 0x01, 0x08, 0x02,
  0x06, 0x05, 0x03, 0x02, 0x05, 0x01, 0x02, 0x05, 0x04, 0x02, 0x7F, 0x02,
  0x07, 0x03, 0x08, 0x12, 0x04, 0x02, 0x02, 0x02, 0x07, 0x02, 0x7F, 0x02,
  0x03, 0x03, 0x02, 0x02, 0x03, 0x02, 0x04, 0x07, 0x05, 0x07, 0x03, 0x01,
  0x02, 0x02, 0x07, 0x02, 0x7F, 0x02, 0x05, 0x05, 0x03, 0x02, 0x04, 0x02,
  0x0F, 0x02, 0x03, 0x01, 0x01, 0x02, 0x05, 0x01, 0x02, 0x02, 0x7F, 0x02,
  0x09, 0x02, 0x02, 0x01, 0x05, 0x02, 0x14, 0x03, 0x05, 0x02, 0x02, 0x02,
  0x7F, 0x02, 0x09, 0x02, 0x01, 0x02, 0x03, 0x04, 0x14, 0x09, 0x02, 0x03,
  0x80, 0x02, 0x09, 0x04, 0x03, 0x02, 0x17, 0x06, 0x04, 0x02, 0x81, 0x02,
  0x02, 0x02, 0x06, 0x03, 0x20, 0x01, 0x05, 0x02, 0x81, 0x02, 0x03, 0x06,
  0x01, 0x03, 0x1F, 0x02, 0x04, 0x03, 0x81, 0x03, 0x04, 0x08, 0x25, 0x02,
  0x83, 0x02, 0x09, 0x03, 0x21, 0x02, 0x01, 0x02, 0x84, 0x03, 0x2D, 0x04,
  0x85, 0x02, 0x2D, 0x03, 0x87, 0x02, 0x2D, 0x02, 0x87, 0x03, 0x02, 0x01,
  0x2A, 0x02, 0x87, 0x05, 0x2A, 0x02, 0x88, 0x03, 0x2C, 0x02, 0x87, 0x03,
  0x24, 0x02, 0x06, 0x02, 0x87, 0x02, 0x12, 0x02, 0x10, 0x04, 0x05, 0x02,
  0x87, 0x02, 0x11, 0x04, 0x18, 0x02, 0x86, 0x02, 0x2F, 0x02, 0x85, 0x02,
  0x2F, 0x02, 0x85, 0x02, 0x2F, 0x02, 0x85, 0x02, 0x27, 0x04, 0x04, 0x02,
  0x70, 0x04, 0x11, 0x02, 0x11, 0x03, 0x12, 0x06, 0x03, 0x02, 0x6D, 0x0A,
  0x0E, 0x02, 0x0F, 0x07, 0x0F, 0x08, 0x02, 0x02, 0x6B, 0x05, 0x04, 0x04,
  0x0D, 0x02, 0x0E, 0x09, 0x0E, 0x02, 0x02, 0x04, 0x02, 0x02, 0x6A, 0x03,
  0x0A, 0x03, 0x0B, 0x02, 0x0D, 0x07, 0x01, 0x02, 0x0D, 0x02, 0x03, 0x04,
  0x02, 0x02, 0x68, 0x03, 0x0D, 0x03, 0x0A, 0x02, 0x0C, 0x07, 0x03, 0x02,
  0x0C, 0x02, 0x03, 0x05, 0x01, 0x02, 0x68, 0x02, 0x0F, 0x02, 0x0A, 0x02,
  0x0C, 0x02, 0x01, 0x04, 0x03, 0x02, 0x0C, 0x03, 0x01, 0x06, 0x01, 0x02,
  0x67, 0x02, 0x11, 0x02, 0x09, 0x02, 0x0C, 0x01, 0x01, 0x05, 0x03, 0x02,
  0x0C, 0x0A, 0x01, 0x03, 0x65, 0x02, 0x08, 0x04, 0x06, 0x02, 0x08, 0x02,
  0x0C, 0x02, 0x01, 0x06, 0x01, 0x03, 0x0C, 0x08, 0x04, 0x02, 0x65, 0x02,
  0x06, 0x08, 0x05, 0x02, 0x06, 0x03, 0x0C, 0x02, 0x01, 0x0A, 0x0C, 0x05,
  0x01, 0x01, 0x04, 0x06, 0x61, 0x02, 0x06, 0x03, 0x04, 0x03, 0x04, 0x02,
  0x06, 0x03, 0x0D, 0x01, 0x01, 0x0A, 0x06, 0x03, 0x03, 0x07, 0x03, 0x04,
  0x64, 0x02, 0x05, 0x03, 0x06, 0x02, 0x04, 0x02, 0x07, 0x04, 0x0D, 0x07,
  0x01, 0x02, 0x06, 0x03, 0x04, 0x05, 0x06, 0x01, 0x64, 0x03, 0x05, 0x02,
  0x07, 0x02, 0x04, 0x02, 0x09, 0x02, 0x0E, 0x02, 0x01, 0x05, 0x08, 0x01,
  0x06, 0x03, 0x05, 0x03, 0x64, 0x02, 0x05, 0x02, 0x08, 0x02, 0x04, 0x02,
  0x09, 0x02, 0x04, 0x05, 0x05, 0x07, 0x08, 0x02, 0x02, 0x01, 0x0B, 0x06,
  0x61, 0x02, 0x05, 0x02, 0x03, 0x02, 0x03, 0x02, 0x04, 0x02, 0x08, 0x04,
  0x03, 0x02, 0x02, 0x01, 0x06, 0x05, 0x06, 0x08, 0x0B, 0x02, 0x02, 0x02,
  0x61, 0x02, 0x05, 0x02, 0x02, 0x08, 0x04, 0x02, 0x09, 0x04, 0x18, 0x06,
  0x0C, 0x03, 0x65, 0x02, 0x05, 0x02, 0x01, 0x02, 0x02, 0x04, 0x05, 0x02,
  0x0B, 0x03, 0x04, 0x03, 0x10, 0x02, 0x02, 0x02, 0x0B, 0x03, 0x66, 0x02,
  0x05, 0x02, 0x01, 0x02, 0x01, 0x01, 0x08, 0x02, 0x0B, 0x06, 0x01, 0x03,
  0x11, 0x02, 0x02, 0x02, 0x0A, 0x03, 0x67, 0x02, 0x05, 0x02, 0x01, 0x07,
  0x04, 0x03, 0x09, 0x03, 0x03, 0x04, 0x13, 0x02, 0x01, 0x02, 0x0A, 0x03,
  0x68, 0x02, 0x05, 0x02, 0x01, 0x03, 0x01, 0x03, 0x03, 0x03, 0x08, 0x04,
  0x05, 0x05, 0x12, 0x03, 0x09, 0x04, 0x69, 0x02, 0x05, 0x02, 0x02, 0x04,
  0x03, 0x04, 0x07, 0x04, 0x09, 0x05, 0x04, 0x03, 0x13, 0x04, 0x6B, 0x02,
  0x05, 0x02, 0x03, 0x09, 0x06, 0x04, 0x0E, 0x0B, 0x0E, 0x05, 0x6E, 0x02,
  0x05, 0x02, 0x03, 0x05, 0x08, 0x03, 0x10, 0x05, 0x04, 0x04, 0x07, 0x08,
  0x70, 0x02, 0x05, 0x03, 0x03, 0x01, 0x09, 0x03, 0x12, 0x02, 0x09, 0x02,
  0x07, 0x06, 0x72, 0x02, 0x06, 0x02, 0x0C, 0x03, 0x1E, 0x03, 0x0B, 0x02,
  0x72, 0x02, 0x06, 0x03, 0x09, 0x03, 0x21, 0x02, 0x0A, 0x02, 0x72, 0x02,
  0x07, 0x03, 0x08, 0x02, 0x22, 0x02, 0x08, 0x04, 0x73, 0x02, 0x07, 0x0B,
  0x22, 0x03, 0x08, 0x04, 0x73, 0x03, 0x08, 0x08, 0x24, 0x03, 0x07, 0x04,
  0x74, 0x03, 0x0D, 0x02, 0x0E, 0x02, 0x13, 0x05, 0x04, 0x03, 0x02, 0x02,
  0x74, 0x03, 0x0B, 0x02, 0x0F, 0x02, 0x13, 0x02, 0x01, 0x02, 0x03, 0x04,
  0x02, 0x02, 0x75, 0x03, 0x0A, 0x02, 0x10, 0x02, 0x11, 0x02, 0x03, 0x02,
  0x01, 0x03, 0x05, 0x02, 0x75, 0x04, 0x08, 0x02, 0x11, 0x02, 0x0B, 0x08,
  0x03, 0x03, 0x07, 0x02, 0x77, 0x06, 0x03, 0x02, 0x13, 0x02, 0x09, 0x06,
  0x01, 0x02, 0x04, 0x02, 0x07, 0x02, 0x79, 0x09, 0x14, 0x04, 0x03, 0x05,
  0x06, 0x02, 0x03, 0x02, 0x08, 0x02, 0x7C, 0x05, 0x15, 0x09, 0x09, 0x02,
  0x02, 0x02, 0x01, 0x01, 0x06, 0x02, 0x7F, 0x02, 0x18, 0x03, 0x0D, 0x02,
  0x02, 0x03, 0x06, 0x02, 0x7F, 0x02, 0x28, 0x03, 0x01, 0x03, 0x05, 0x02,
  0x80, 0x02, 0x29, 0x03, 0x01, 0x05, 0x02, 0x02, 0x80, 0x02, 0x2A, 0x02,
  0x02, 0x03, 0x03, 0x02, 0x80, 0x02, 0x28, 0x05, 0x02, 0x06, 0x81, 0x02,
  0x28, 0x03, 0x01, 0x02, 0x02, 0x04, 0x82, 0x02, 0x27, 0x02, 0x04, 0x04,
  0x02, 0x05, 0x7E, 0x02, 0x0F, 0x02, 0x13, 0x04, 0x05, 0x03, 0x02, 0x08,
  0x7C, 0x02, 0x0F, 0x02, 0x12, 0x04, 0x06, 0x08, 0x03, 0x02, 0x7C, 0x02,
  0x0F, 0x02, 0x0E, 0x07, 0x08, 0x05, 0x04, 0x05, 0x79, 0x03, 0x0E, 0x02,
  0x0D, 0x08, 0x09, 0x03, 0x04, 0x03, 0x01, 0x05, 0x77, 0x02, 0x0E, 0x05,
  0x07, 0x08, 0x02, 0x02, 0x09, 0x02, 0x04, 0x02, 0x01, 0x03, 0x02, 0x03,
  0x15, 0x01, 0x60, 0x02, 0x0D, 0x11, 0x06, 0x02, 0x09, 0x02, 0x02, 0x03,
  0x01, 0x05, 0x02, 0x03, 0x11, 0x05, 0x5F, 0x02, 0x0C, 0x03, 0x04, 0x07,
  0x0A, 0x02, 0x09, 0x05, 0x01, 0x04, 0x02, 0x02, 0x03, 0x03, 0x0D, 0x05,
  0x0C, 0x03, 0x52, 0x02, 0x0A, 0x04, 0x09, 0x02, 0x0A, 0x02, 0x0A, 0x04,
  0x01, 0x03, 0x01, 0x02, 0x02, 0x01, 0x04, 0x03, 0x0C, 0x02, 0x0F, 0x04,
  0x51, 0x02, 0x08, 0x05, 0x0A, 0x02, 0x0A, 0x03, 0x09, 0x06, 0x01, 0x02,
  0x01, 0x01, 0x09, 0x04, 0x19, 0x02, 0x02, 0x02, 0x50, 0x02, 0x08, 0x03,
  0x0D, 0x02, 0x0A, 0x03, 0x09, 0x04, 0x03, 0x01, 0x0C, 0x06, 0x14, 0x04,
  0x03, 0x01, 0x50, 0x02, 0x09, 0x02, 0x0D, 0x02, 0x0B, 0x02, 0x09, 0x02,
  0x02, 0x01, 0x0C, 0x02, 0x03, 0x07, 0x05, 0x03, 0x08, 0x03, 0x04, 0x04,
  0x4E, 0x02, 0x0A, 0x02, 0x0D, 0x02, 0x0B, 0x02, 0x08, 0x02, 0x02, 0x01,
  0x0D, 0x03, 0x04, 0x05, 0x03, 0x06, 0x05, 0x02, 0x08, 0x03, 0x4D, 0x02,
  0x05, 0x01, 0x02, 0x01, 0x01, 0x02, 0x0D, 0x02, 0x06, 0x02, 0x01, 0x04,
  0x09, 0x02, 0x0C, 0x01, 0x04, 0x04, 0x03, 0x02, 0x0F, 0x03, 0x08, 0x02,
  0x4E, 0x02, 0x04, 0x01, 0x02, 0x01, 0x01, 0x02, 0x0E, 0x02, 0x05, 0x02,
  0x01, 0x04, 0x09, 0x02, 0x07, 0x01, 0x04, 0x02, 0x04, 0x07, 0x0F, 0x06,
  0x05, 0x04, 0x4E, 0x03, 0x02, 0x01, 0x01, 0x04, 0x10, 0x04, 0x02, 0x06,
  0x0B, 0x02, 0x02, 0x01, 0x03, 0x02, 0x04, 0x03, 0x06, 0x02, 0x0F, 0x03,
  0x02, 0x02, 0x04, 0x06, 0x4E, 0x09, 0x12, 0x0A, 0x0C, 0x02, 0x03, 0x01,
  0x03, 0x02, 0x05, 0x04, 0x02, 0x03, 0x0F, 0x02, 0x0D, 0x02, 0x50, 0x04,
  0x18, 0x04, 0x10, 0x02, 0x02, 0x02, 0x03, 0x03, 0x05, 0x06, 0x10, 0x02,
  0x0D, 0x02, 0x80, 0x03, 0x02, 0x02, 0x04, 0x03, 0x04, 0x03, 0x12, 0x02,
  0x0D, 0x02, 0x81, 0x03, 0x02, 0x03, 0x03, 0x08, 0x14, 0x04, 0x07, 0x04,
  0x83, 0x10, 0x17, 0x0D, 0x86, 0x0A, 0x1E, 0x07, 0xFF, 0x00, 0x93,
};

const uint8_t CAT_CLEAN_3_RLE[] PROGMEM = {
  0xFF, 0x00, 0xFF, 0x00, 0xFF, 0x00, 0xFF, 0x00, 0xFF, 0x00, 0xFF, 0x00,
  0x3B, 0x05, 0x81, 0x05, 0x2A, 0x09, 0x7F, 0x09, 0x25, 0x05, 0x04, 0x02,
  0x7F, 0x02, 0x04, 0x05, 0x21, 0x04, 0x08, 0x02, 0x7D, 0x02, 0x08, 0x04,
  0x1E, 0x03, 0x0A, 0x02, 0x7D, 0x02, 0x0A, 0x04, 0x1A, 0x03, 0x08, 0x01,
  0x03, 0x02, 0x7D, 0x02, 0x02, 0x02, 0x08, 0x03, 0x18, 0x03, 0x09, 0x01,
  0x03, 0x02, 0x7D, 0x02, 0x03, 0x01, 0x09, 0x03, 0x16, 0x03, 0x09, 0x02,
  0x03, 0x02, 0x7D, 0x02, 0x03, 0x02, 0x09, 0x03, 0x15, 0x02, 0x06, 0x01,
  0x02, 0x02, 0x04, 0x02, 0x7C, 0x02, 0x05, 0x02, 0x02, 0x01, 0x06, 0x03,
  0x13, 0x02, 0x07, 0x01, 0x02, 0x01, 0x06, 0x02, 0x7B, 0x02, 0x05, 0x02,
  0x02, 0x01, 0x07, 0x02, 0x12, 0x02, 0x08, 0x01, 0x01, 0x02, 0x06, 0x02,
  0x7B, 0x02, 0x06, 0x02, 0x01, 0x01, 0x08, 0x02, 0x11, 0x02, 0x08, 0x03,
  0x07, 0x02, 0x6D, 0x03, 0x0B, 0x02, 0x07, 0x03, 0x08, 0x03, 0x05, 0x06,
  0x04, 0x02, 0x09, 0x03, 0x01, 0x03, 0x03, 0x02, 0x6C, 0x05, 0x0A, 0x02,
  0x03, 0x02, 0x02, 0x03, 0x03, 0x01, 0x05, 0x13, 0x05, 0x01, 0x03, 0x05,
  0x05, 0x02, 0x6B, 0x02, 0x03, 0x02, 0x09, 0x02, 0x04, 0x06, 0x03, 0x01,
  0x05, 0x07, 0x06, 0x07, 0x04, 0x01, 0x03, 0x02, 0x08, 0x02, 0x6B, 0x02,
  0x03, 0x02, 0x09, 0x02, 0x06, 0x04, 0x03, 0x01, 0x06, 0x02, 0x0E, 0x04,
  0x03, 0x02, 0x01, 0x02, 0x08, 0x02, 0x6C, 0x02, 0x03, 0x02, 0x09, 0x02,
  0x09, 0x02, 0x01, 0x02, 0x04, 0x03, 0x12, 0x01, 0x03, 0x02, 0x01, 0x02,
  0x08, 0x02, 0x6C, 0x02, 0x03, 0x02, 0x0A, 0x02, 0x09, 0x04, 0x04, 0x02,
  0x18, 0x03, 0x05, 0x02, 0x02, 0x02, 0x6C, 0x02, 0x03, 0x02, 0x0A, 0x02,
  0x09, 0x04, 0x04, 0x01, 0x19, 0x02, 0x02, 0x05, 0x03, 0x02, 0x6D, 0x01,
  0x03, 0x02, 0x0A, 0x02, 0x03, 0x02, 0x05, 0x02, 0x1F, 0x07, 0x05, 0x02,
  0x0F, 0x01, 0x5D, 0x02, 0x02, 0x02, 0x0A, 0x02, 0x04, 0x09, 0x1F, 0x02,
  0x08, 0x02, 0x10, 0x01, 0x5D, 0x02, 0x02, 0x02, 0x0B, 0x02, 0x05, 0x07,
  0x22, 0x01, 0x06, 0x02, 0x0F, 0x03, 0x5C, 0x02, 0x03, 0x01, 0x0B, 0x02,
  0x2E, 0x01, 0x05, 0x02, 0x10, 0x03, 0x5C, 0x02, 0x03, 0x02, 0x0B, 0x02,
  0x33, 0x02, 0x0F, 0x02, 0x01, 0x02, 0x5B, 0x02, 0x03, 0x02, 0x0B, 0x02,
  0x2E, 0x02, 0x02, 0x02, 0x0F, 0x02, 0x03, 0x02, 0x5A, 0x02, 0x03, 0x02,
  0x0C, 0x02, 0x2E, 0x05, 0x0D, 0x03, 0x05, 0x03, 0x58, 0x02, 0x03, 0x02,
  0x0D, 0x02, 0x02, 0x01, 0x2B, 0x03, 0x0D, 0x03, 0x07, 0x03, 0x57, 0x02,
  0x03, 0x02, 0x0D, 0x05, 0x2B, 0x02, 0x10, 0x03, 0x03, 0x03, 0x59, 0x02,
  0x03, 0x02, 0x0F, 0x02, 0x2D, 0x02, 0x11, 0x02, 0x02, 0x02, 0x5A, 0x02,
  0x03, 0x02, 0x0F, 0x02, 0x2D, 0x02, 0x12, 0x01, 0x01, 0x02, 0x5C, 0x02,
  0x02, 0x02, 0x0E, 0x02, 0x0F, 0x02, 0x11, 0x04, 0x08, 0x02, 0x12, 0x03,
  0x5D, 0x02, 0x02, 0x02, 0x0E, 0x02, 0x0E, 0x04, 0x10, 0x01, 0x02, 0x01,
  0x09, 0x02, 0x11, 0x03, 0x5D, 0x02, 0x02, 0x02, 0x0D, 0x02, 0x30, 0x02,
  0x12, 0x01, 0x5E, 0x02, 0x03, 0x01, 0x0D, 0x02, 0x30, 0x02, 0x12, 0x01,
  0x5E, 0x02, 0x03, 0x02, 0x0C, 0x02, 0x30, 0x02, 0x71, 0x02, 0x03, 0x02,
  0x0C, 0x02, 0x31, 0x01, 0x71, 0x02, 0x03, 0x02, 0x0C, 0x02, 0x31, 0x02,
  0x70, 0x02, 0x03, 0x02, 0x0C, 0x02, 0x31, 0x02, 0x70, 0x02, 0x03, 0x02,
  0x0C, 0x02, 0x31, 0x02, 0x70, 0x02, 0x03, 0x02, 0x0C, 0x02, 0x25, 0x03,
  0x09, 0x02, 0x71, 0x01, 0x03, 0x02, 0x0C, 0x02, 0x0C, 0x06, 0x12, 0x06,
  0x07, 0x02, 0x71, 0x02, 0x02, 0x02, 0x0C, 0x02, 0x0B, 0x08, 0x10, 0x08,
  0x06, 0x01, 0x72, 0x02, 0x02, 0x02, 0x0C, 0x02, 0x0A, 0x0A, 0x0E, 0x03,
  0x03, 0x04, 0x05, 0x02, 0x71, 0x02, 0x02, 0x02, 0x0B, 0x02, 0x0B, 0x03,
  0x05, 0x03, 0x0D, 0x02, 0x06, 0x02, 0x05, 0x02, 0x71, 0x02, 0x02, 0x02,
  0x0A, 0x03, 0x0A, 0x03, 0x07, 0x02, 0x06, 0x02, 0x05, 0x01, 0x07, 0x01,
  0x05, 0x06, 0x6E, 0x02, 0x03, 0x02, 0x09, 0x02, 0x0C, 0x01, 0x0F, 0x04,
  0x10, 0x08, 0x6E, 0x02, 0x03, 0x02, 0x0A, 0x03, 0x1B, 0x02, 0x14, 0x02,
  0x71, 0x02, 0x03, 0x02, 0x0B, 0x03, 0x01, 0x05, 0x14, 0x02, 0x02, 0x01,
  0x10, 0x02, 0x6F, 0x05, 0x03, 0x02, 0x0B, 0x03, 0x16, 0x09, 0x0E, 0x04,
  0x6C, 0x08, 0x03, 0x02, 0x0B, 0x03, 0x17, 0x07, 0x10, 0x05, 0x68, 0x05,
  0x03, 0x02, 0x03, 0x02, 0x0C, 0x03, 0x02, 0x04, 0x10, 0x06, 0x10, 0x03,
  0x02, 0x02, 0x66, 0x03, 0x07, 0x02, 0x02, 0x03, 0x0C, 0x06, 0x12, 0x02,
  0x02, 0x02, 0x10, 0x02, 0x6A, 0x03, 0x08, 0x02, 0x02, 0x04, 0x0A, 0x05,
  0x14, 0x02, 0x02, 0x02, 0x0E, 0x03, 0x6A, 0x03, 0x09, 0x02, 0x02, 0x05,
  0x09, 0x01, 0x03, 0x03, 0x13, 0x04, 0x0E, 0x03, 0x6B, 0x02, 0x0A, 0x02,
  0x02, 0x02, 0x01, 0x02, 0x0E, 0x04, 0x12, 0x02, 0x0D, 0x04, 0x6B, 0x02,
  0x07, 0x06, 0x02, 0x02, 0x02, 0x02, 0x0F, 0x04, 0x1D, 0x04, 0x6C, 0x02,
  0x07, 0x07, 0x03, 0x01, 0x02, 0x02, 0x10, 0x06, 0x17, 0x06, 0x6D, 0x02,
  0x06, 0x03, 0x03, 0x02, 0x03, 0x02, 0x01, 0x02, 0x0F, 0x02, 0x02, 0x07,
  0x11, 0x06, 0x6F, 0x02, 0x05, 0x02, 0x05, 0x02, 0x03, 0x02, 0x01, 0x02,
  0x0E, 0x02, 0x04, 0x02, 0x01, 0x03, 0x15, 0x02, 0x6E, 0x02, 0x06, 0x02,
  0x06, 0x01, 0x03, 0x02, 0x01, 0x02, 0x0D, 0x03, 0x03, 0x02, 0x1B, 0x02,
  0x6D, 0x02, 0x05, 0x02, 0x07, 0x01, 0x03, 0x02, 0x01, 0x02, 0x0B, 0x04,
  0x04, 0x02, 0x1B, 0x02, 0x6D, 0x02, 0x05, 0x02, 0x03, 0x02, 0x02, 0x02,
  0x02, 0x02, 0x01, 0x02, 0x0A, 0x03, 0x06, 0x02, 0x01, 0x01, 0x18, 0x03,
  0x6D, 0x02, 0x05, 0x02, 0x02, 0x07, 0x02, 0x02, 0x01, 0x02, 0x08, 0x04,
  0x07, 0x04, 0x18, 0x03, 0x6D, 0x02, 0x04, 0x02, 0x02, 0x02, 0x02, 0x04,
  0x02, 0x02, 0x01, 0x02, 0x07, 0x03, 0x0A, 0x03, 0x18, 0x02, 0x6E, 0x02,
  0x04, 0x02, 0x02, 0x04, 0x02, 0x02, 0x02, 0x04, 0x07, 0x03, 0x0D, 0x02,
  0x17, 0x02, 0x6E, 0x02, 0x05, 0x02, 0x01, 0x08, 0x02, 0x04, 0x06, 0x02,
  0x0F, 0x02, 0x02, 0x01, 0x14, 0x02, 0x6E, 0x02, 0x05, 0x02, 0x01, 0x02,
  0x02, 0x04, 0x03, 0x02, 0x06, 0x02, 0x11, 0x05, 0x11, 0x01, 0x01, 0x02,
  0x6E, 0x02, 0x05, 0x02, 0x02, 0x04, 0x01, 0x02, 0x03, 0x02, 0x05, 0x02,
  0x13, 0x04, 0x11, 0x03, 0x6F, 0x02, 0x05, 0x02, 0x03, 0x06, 0x03, 0x02,
  0x04, 0x02, 0x17, 0x02, 0x01, 0x02, 0x0C, 0x04, 0x70, 0x02, 0x05, 0x02,
  0x03, 0x05, 0x03, 0x02, 0x03, 0x02, 0x19, 0x04, 0x0C, 0x03, 0x71, 0x02,
  0x06, 0x02, 0x06, 0x07, 0x02, 0x02, 0x1B, 0x03, 0x08, 0x01, 0x01, 0x04,
  0x71, 0x02, 0x06, 0x03, 0x04, 0x08, 0x01, 0x02, 0x1E, 0x02, 0x07, 0x06,
  0x72, 0x02, 0x06, 0x03, 0x03, 0x02, 0x04, 0x02, 0x01, 0x02, 0x1F, 0x01,
  0x07, 0x03, 0x01, 0x02, 0x72, 0x03, 0x06, 0x0F, 0x26, 0x03, 0x03, 0x01,
  0x74, 0x02, 0x08, 0x0D, 0x0F, 0x01, 0x16, 0x02, 0x03, 0x02, 0x75, 0x02,
  0x09, 0x02, 0x01, 0x01, 0x03, 0x01, 0x02, 0x02, 0x0E, 0x03, 0x0D, 0x01,
  0x05, 0x01, 0x05, 0x02, 0x76, 0x02, 0x07, 0x02, 0x02, 0x01, 0x07, 0x02,
  0x0E, 0x02, 0x0C, 0x02, 0x04, 0x02, 0x05, 0x02, 0x77, 0x03, 0x05, 0x02,
  0x07, 0x05, 0x0E, 0x02, 0x0C, 0x02, 0x02, 0x03, 0x06, 0x02, 0x78, 0x04,
  0x03, 0x0E, 0x0F, 0x02, 0x0B, 0x02, 0x01, 0x03, 0x07, 0x01, 0x7A, 0x0D,
  0x02, 0x06, 0x0E, 0x02, 0x0B, 0x05, 0x07, 0x02, 0x7C, 0x13, 0x0E, 0x02,
  0x0B, 0x04, 0x08, 0x02, 0x7F, 0x08, 0x02, 0x01, 0x01, 0x01, 0x02, 0x02,
  0x0D, 0x02, 0x0B, 0x03, 0x09, 0x02, 0x7F, 0x02, 0x01, 0x02, 0x01, 0x02,
  0x02, 0x01, 0x02, 0x01, 0x01, 0x02, 0x0D, 0x03, 0x0A, 0x03, 0x09, 0x02,
  0x7F, 0x02, 0x01, 0x02, 0x01, 0x02, 0x03, 0x01, 0x01, 0x01, 0x02, 0x02,
  0x0C, 0x03, 0x0A, 0x03, 0x09, 0x02, 0x7F, 0x02, 0x01, 0x01, 0x03, 0x01,
  0x08, 0x02, 0x0B, 0x04, 0x0A, 0x03, 0x09, 0x02, 0x7F, 0x02, 0x01, 0x01,
  0x0D, 0x02, 0x09, 0x02, 0x02, 0x01, 0x0A, 0x03, 0x08, 0x02, 0x7F, 0x02,
  0x10, 0x02, 0x06, 0x09, 0x09, 0x04, 0x08, 0x02, 0x7E, 0x02, 0x10, 0x02,
  0x05, 0x04, 0x01, 0x05, 0x09, 0x04, 0x08, 0x03, 0x7D, 0x02, 0x0E, 0x01,
  0x02, 0x02, 0x0B, 0x03, 0x0A, 0x03, 0x09, 0x02, 0x7D, 0x02, 0x02, 0x01,
  0x03, 0x01, 0x07, 0x01, 0x02, 0x02, 0x0A, 0x01, 0x01, 0x03, 0x0A, 0x02,
  0x07, 0x02, 0x01, 0x01, 0x7D, 0x02, 0x01, 0x02, 0x03, 0x01, 0x04, 0x01,
  0x02, 0x02, 0x02, 0x02, 0x06, 0x01, 0x02, 0x01, 0x01, 0x03, 0x04, 0x02,
  0x02, 0x01, 0x01, 0x03, 0x04, 0x01, 0x02, 0x03, 0x7D, 0x02, 0x01, 0x02,
  0x02, 0x02, 0x04, 0x01, 0x03, 0x01, 0x02, 0x03, 0x05, 0x02, 0x01, 0x06,
  0x04, 0x01, 0x02, 0x06, 0x03, 0x01, 0x02, 0x03, 0x7C, 0x02, 0x02, 0x02,
  0x02, 0x02, 0x04, 0x01, 0x03, 0x02, 0x02, 0x0D, 0x02, 0x03, 0x01, 0x02,
  0x01, 0x04, 0x01, 0x0A, 0x7D, 0x02, 0x02, 0x01, 0x03, 0x02, 0x01, 0x02,
  0x01, 0x02, 0x01, 0x04, 0x02, 0x0B, 0x04, 0x09, 0x04, 0x06, 0x7E, 0x02,
  0x02, 0x02, 0x01, 0x01, 0x01, 0x02, 0x01, 0x02, 0x01, 0x02, 0x01, 0x01,
  0x01, 0x06, 0x0F, 0x04, 0x8B, 0x02, 0x01, 0x03, 0x01, 0x01, 0x01, 0x02,
  0x01, 0x02, 0x01, 0x02, 0x01, 0x07, 0x9F, 0x15, 0xA5, 0x01, 0x01, 0x0C,
  0x01, 0x02, 0xFF, 0x00, 0xE7,
};

const uint8_t CAT_MEDICINE_0_RLE[] PROGMEM = {
  0xFF, 0x00, 0xFF, 0x00, 0xFF, 0x00, 0x30, 0x06, 0xB2, 0x09, 0xAE, 0x02,
  0x05, 0x06, 0xAB, 0x02, 0x08, 0x05, 0xA9, 0x02, 0x0A, 0x05, 0xA6, 0x02,
  0x03, 0x01, 0x09, 0x04, 0xA5, 0x02, 0x03, 0x02, 0x0A, 0x03, 0xA4, 0x02,
  0x04, 0x01, 0x0B, 0x03, 0x2D, 0x03, 0x72, 0x03, 0x04, 0x02, 0x0B, 0x03,
  0x26, 0x0B, 0x70, 0x02, 0x06, 0x01, 0x03, 0x01, 0x08, 0x03, 0x21, 0x0A,
  0x03, 0x02, 0x70, 0x02, 0x06, 0x02, 0x02, 0x01, 0x09, 0x03, 0x1E, 0x06,
  0x09, 0x02, 0x70, 0x02, 0x07, 0x01, 0x02, 0x01, 0x0A, 0x02, 0x1C, 0x05,
  0x0C, 0x02, 0x70, 0x02, 0x03, 0x01, 0x03, 0x04, 0x0A, 0x03, 0x19, 0x04,
  0x0F, 0x02, 0x6F, 0x02, 0x04, 0x04, 0x01, 0x03, 0x04, 0x01, 0x06, 0x02,
  0x18, 0x03, 0x0D, 0x02, 0x02, 0x02, 0x6F, 0x02, 0x06, 0x05, 0x04, 0x02,
  0x06, 0x02, 0x17, 0x03, 0x0D, 0x02, 0x03, 0x02, 0x6F, 0x02, 0x09, 0x03,
  0x03, 0x02, 0x06, 0x02, 0x16, 0x02, 0x08, 0x01, 0x05, 0x02, 0x04, 0x03,
  0x6E, 0x02, 0x0A, 0x02, 0x02, 0x02, 0x07, 0x02, 0x15, 0x02, 0x08, 0x02,
  0x04, 0x02, 0x05, 0x03, 0x6E, 0x02, 0x0B, 0x02, 0x01, 0x02, 0x04, 0x01,
  0x02, 0x0E, 0x08, 0x03, 0x08, 0x02, 0x03, 0x02, 0x06, 0x03, 0x6E, 0x02,
  0x03, 0x02, 0x06, 0x02, 0x01, 0x01, 0x04, 0x16, 0x04, 0x02, 0x09, 0x01,
  0x03, 0x02, 0x07, 0x02, 0x6F, 0x02, 0x04, 0x03, 0x05, 0x03, 0x04, 0x03,
  0x0F, 0x06, 0x01, 0x02, 0x04, 0x01, 0x05, 0x01, 0x02, 0x02, 0x02, 0x02,
  0x04, 0x02, 0x6F, 0x02, 0x05, 0x09, 0x1B, 0x05, 0x04, 0x01, 0x04, 0x02,
  0x01, 0x07, 0x04, 0x02, 0x6F, 0x02, 0x09, 0x06, 0x1C, 0x03, 0x03, 0x02,
  0x05, 0x03, 0x01, 0x01, 0x08, 0x02, 0x6F, 0x02, 0x0D, 0x02, 0x1D, 0x01,
  0x04, 0x02, 0x04, 0x03, 0x0B, 0x02, 0x70, 0x02, 0x0D, 0x01, 0x1D, 0x01,
  0x04, 0x02, 0x03, 0x03, 0x0C, 0x02, 0x70, 0x02, 0x31, 0x01, 0x02, 0x03,
  0x0D, 0x02, 0x71, 0x02, 0x05, 0x01, 0x2A, 0x01, 0x01, 0x02, 0x0F, 0x02,
  0x71, 0x03, 0x02, 0x03, 0x2A, 0x0E, 0x04, 0x02, 0x73, 0x06, 0x2B, 0x0C,
  0x06, 0x02, 0x75, 0x03, 0x2B, 0x02, 0x11, 0x02, 0x75, 0x02, 0x3E, 0x02,
  0x75, 0x02, 0x3F, 0x02, 0x74, 0x02, 0x3F, 0x02, 0x75, 0x02, 0x33, 0x03,
  0x08, 0x03, 0x74, 0x02, 0x35, 0x04, 0x05, 0x03, 0x75, 0x02, 0x3D, 0x03,
  0x75, 0x02, 0x3D, 0x03, 0x76, 0x02, 0x0E, 0x01, 0x28, 0x08, 0x77, 0x02,
  0x0B, 0x04, 0x28, 0x06, 0x78, 0x02, 0x0D, 0x02, 0x2B, 0x02, 0x7A, 0x02,
  0x1F, 0x01, 0x1A, 0x02, 0x7A, 0x02, 0x1F, 0x02, 0x19, 0x02, 0x7A, 0x02,
  0x20, 0x03, 0x18, 0x02, 0x78, 0x02, 0x06, 0x0A, 0x12, 0x02, 0x18, 0x02,
  0x76, 0x04, 0x05, 0x0B, 0x2C, 0x02, 0x76, 0x03, 0x06, 0x05, 0x03, 0x03,
  0x2C, 0x02, 0x60, 0x02, 0x14, 0x02, 0x07, 0x01, 0x01, 0x03, 0x03, 0x03,
  0x10, 0x02, 0x1A, 0x02, 0x5F, 0x05, 0x13, 0x02, 0x05, 0x02, 0x01, 0x04,
  0x02, 0x03, 0x10, 0x03, 0x18, 0x03, 0x5E, 0x02, 0x02, 0x02, 0x13, 0x03,
  0x04, 0x0C, 0x0F, 0x07, 0x15, 0x02, 0x60, 0x05, 0x05, 0x01, 0x0C, 0x03,
  0x06, 0x0B, 0x0F, 0x02, 0x02, 0x05, 0x13, 0x02, 0x58, 0x03, 0x05, 0x04,
  0x05, 0x03, 0x0A, 0x06, 0x04, 0x01, 0x01, 0x02, 0x01, 0x05, 0x0F, 0x03,
  0x03, 0x08, 0x0F, 0x02, 0x57, 0x02, 0x01, 0x02, 0x03, 0x06, 0x03, 0x02,
  0x01, 0x02, 0x0B, 0x05, 0x05, 0x07, 0x10, 0x03, 0x03, 0x08, 0x0F, 0x02,
  0x57, 0x01, 0x02, 0x02, 0x01, 0x0A, 0x01, 0x02, 0x02, 0x02, 0x0A, 0x02,
  0x09, 0x06, 0x05, 0x01, 0x0A, 0x04, 0x01, 0x05, 0x02, 0x01, 0x0F, 0x02,
  0x58, 0x03, 0x01, 0x04, 0x07, 0x03, 0x01, 0x03, 0x0C, 0x04, 0x07, 0x03,
  0x06, 0x04, 0x08, 0x0A, 0x02, 0x01, 0x0F, 0x02, 0x59, 0x05, 0x0A, 0x05,
  0x0B, 0x06, 0x11, 0x03, 0x08, 0x0A, 0x01, 0x02, 0x0F, 0x02, 0x5B, 0x02,
  0x0C, 0x02, 0x0C, 0x06, 0x1D, 0x06, 0x01, 0x03, 0x01, 0x02, 0x0E, 0x02,
  0x5B, 0x02, 0x0E, 0x02, 0x0F, 0x02, 0x12, 0x01, 0x0B, 0x08, 0x01, 0x02,
  0x0F, 0x03, 0x5A, 0x01, 0x03, 0x01, 0x09, 0x01, 0x02, 0x01, 0x10, 0x02,
  0x0F, 0x05, 0x0A, 0x06, 0x02, 0x01, 0x11, 0x02, 0x56, 0x01, 0x02, 0x02,
  0x03, 0x03, 0x05, 0x03, 0x02, 0x02, 0x02, 0x01, 0x0C, 0x03, 0x0E, 0x01,
  0x02, 0x03, 0x0A, 0x04, 0x15, 0x02, 0x55, 0x03, 0x01, 0x02, 0x04, 0x04,
  0x02, 0x04, 0x02, 0x06, 0x0C, 0x03, 0x12, 0x01, 0x21, 0x04, 0x55, 0x01,
  0x01, 0x04, 0x04, 0x03, 0x04, 0x03, 0x02, 0x04, 0x01, 0x02, 0x0C, 0x03,
  0x26, 0x05, 0x06, 0x04, 0x57, 0x01, 0x03, 0x02, 0x04, 0x02, 0x06, 0x01,
  0x03, 0x04, 0x01, 0x02, 0x0D, 0x04, 0x27, 0x04, 0x04, 0x02, 0x59, 0x06,
  0x10, 0x06, 0x10, 0x04, 0x20, 0x02, 0x0B, 0x02, 0x59, 0x03, 0x02, 0x01,
  0x08, 0x02, 0x06, 0x02, 0x01, 0x02, 0x12, 0x05, 0x1F, 0x03, 0x0A, 0x02,
  0x5D, 0x02, 0x05, 0x06, 0x03, 0x02, 0x18, 0x05, 0x1F, 0x02, 0x03, 0x08,
  0x5D, 0x02, 0x04, 0x02, 0x04, 0x01, 0x03, 0x02, 0x16, 0x03, 0x02, 0x04,
  0x1E, 0x01, 0x03, 0x06, 0x60, 0x02, 0x0C, 0x03, 0x16, 0x02, 0x27, 0x04,
  0x63, 0x05, 0x09, 0x02, 0x01, 0x03, 0x13, 0x04, 0x22, 0x08, 0x08, 0x08,
  0x51, 0x09, 0x04, 0x06, 0x02, 0x02, 0x12, 0x04, 0x17, 0x0F, 0x0B, 0x0B,
  0x4F, 0x02, 0x02, 0x01, 0x02, 0x08, 0x03, 0x01, 0x02, 0x01, 0x14, 0x02,
  0x19, 0x09, 0x02, 0x02, 0x0A, 0x04, 0x07, 0x04, 0x4E, 0x04, 0x05, 0x03,
  0x05, 0x04, 0x14, 0x02, 0x1C, 0x01, 0x07, 0x03, 0x08, 0x03, 0x0B, 0x03,
  0x4E, 0x03, 0x04, 0x02, 0x01, 0x02, 0x05, 0x01, 0x16, 0x01, 0x1D, 0x01,
  0x08, 0x02, 0x07, 0x03, 0x0D, 0x02, 0x55, 0x02, 0x02, 0x01, 0x1B, 0x02,
  0x02, 0x01, 0x19, 0x02, 0x09, 0x02, 0x06, 0x02, 0x0F, 0x02, 0x54, 0x05,
  0x1C, 0x01, 0x01, 0x02, 0x19, 0x02, 0x0A, 0x02, 0x04, 0x02, 0x06, 0x04,
  0x07, 0x02, 0x74, 0x04, 0x13, 0x02, 0x03, 0x02, 0x0B, 0x03, 0x03, 0x02,
  0x04, 0x08, 0x05, 0x02, 0x74, 0x04, 0x13, 0x01, 0x03, 0x02, 0x0D, 0x03,
  0x02, 0x02, 0x04, 0x02, 0x04, 0x03, 0x04, 0x02, 0x75, 0x03, 0x12, 0x06,
  0x10, 0x04, 0x04, 0x02, 0x06, 0x02, 0x05, 0x02, 0x75, 0x02, 0x02, 0x02,
  0x0D, 0x05, 0x12, 0x04, 0x04, 0x02, 0x01, 0x02, 0x03, 0x02, 0x05, 0x02,
  0x76, 0x02, 0x01, 0x02, 0x09, 0x01, 0x01, 0x03, 0x17, 0x03, 0x04, 0x06,
  0x03, 0x02, 0x04, 0x02, 0x75, 0x06, 0x08, 0x04, 0x1A, 0x02, 0x04, 0x07,
  0x02, 0x02, 0x04, 0x02, 0x75, 0x07, 0x06, 0x03, 0x1D, 0x02, 0x03, 0x02,
  0x01, 0x01, 0x01, 0x02, 0x02, 0x02, 0x04, 0x02, 0x75, 0x02, 0x02, 0x03,
  0x06, 0x02, 0x1E, 0x02, 0x03, 0x07, 0x02, 0x02, 0x04, 0x02, 0x76, 0x02,
  0x03, 0x02, 0x26, 0x02, 0x05, 0x01, 0x01, 0x02, 0x02, 0x02, 0x04, 0x02,
  0x76, 0x02, 0x04, 0x02, 0x25, 0x02, 0x04, 0x02, 0x01, 0x02, 0x02, 0x02,
  0x04, 0x02, 0x76, 0x02, 0x04, 0x03, 0x25, 0x02, 0x03, 0x01, 0x02, 0x02,
  0x01, 0x02, 0x05, 0x02, 0x76, 0x02, 0x05, 0x03, 0x02, 0x01, 0x0E, 0x01,
  0x03, 0x01, 0x0E, 0x04, 0x02, 0x03, 0x02, 0x02, 0x05, 0x02, 0x76, 0x02,
  0x07, 0x02, 0x01, 0x02, 0x0D, 0x02, 0x01, 0x02, 0x0E, 0x08, 0x02, 0x02,
  0x05, 0x02, 0x77, 0x02, 0x08, 0x04, 0x0D, 0x02, 0x01, 0x01, 0x0F, 0x02,
  0x07, 0x03, 0x05, 0x02, 0x77, 0x02, 0x09, 0x03, 0x0D, 0x04, 0x0F, 0x02,
  0x06, 0x03, 0x05, 0x03, 0x77, 0x02, 0x0A, 0x02, 0x0D, 0x01, 0x01, 0x02,
  0x0F, 0x02, 0x05, 0x03, 0x06, 0x02, 0x79, 0x02, 0x09, 0x02, 0x0C, 0x02,
  0x01, 0x02, 0x0F, 0x09, 0x06, 0x02, 0x7A, 0x02, 0x09, 0x02, 0x0C, 0x02,
  0x01, 0x02, 0x0F, 0x07, 0x07, 0x03, 0x7A, 0x02, 0x09, 0x02, 0x0C, 0x02,
  0x02, 0x01, 0x0F, 0x02, 0x0B, 0x03, 0x7A, 0x02, 0x0A, 0x02, 0x0C, 0x02,
  0x02, 0x04, 0x0B, 0x02, 0x0B, 0x03, 0x7A, 0x02, 0x0A, 0x03, 0x0B, 0x02,
  0x01, 0x07, 0x0A, 0x02, 0x0A, 0x03, 0x7A, 0x02, 0x0A, 0x03, 0x0C, 0x05,
  0x0E, 0x02, 0x09, 0x04, 0x7B, 0x02, 0x0A, 0x02, 0x0C, 0x05, 0x0F, 0x04,
  0x03, 0x06, 0x7D, 0x02, 0x01, 0x01, 0x02, 0x01, 0x05, 0x02, 0x0C, 0x04,
  0x01, 0x01, 0x0D, 0x0C, 0x80, 0x03, 0x02, 0x01, 0x05, 0x02, 0x01, 0x01,
  0x02, 0x01, 0x06, 0x02, 0x01, 0x02, 0x01, 0x01, 0x02, 0x01, 0x09, 0x03,
  0x03, 0x03, 0x84, 0x04, 0x01, 0x02, 0x02, 0x06, 0x02, 0x01, 0x05, 0x03,
  0x02, 0x03, 0x02, 0x01, 0x07, 0x04, 0x8C, 0x0E, 0x02, 0x01, 0x04, 0x03,
  0x03, 0x0F, 0x92, 0x04, 0x03, 0x0C, 0x06, 0x0B, 0x9D, 0x08, 0xFF, 0x00,
  0xC1,
};

const uint8_t CAT_MEDICINE_1_RLE[] PROGMEM = {
  0xFF, 0x00, 0xFF, 0x00, 0xFF, 0x00, 0xFF, 0x00, 0x99, 0x07, 0xB1, 0x0A,
  0xAD, 0x02, 0x06, 0x05, 0xAB, 0x02, 0x09, 0x04, 0xA9, 0x02, 0x0B, 0x04,
  0xA7, 0x02, 0x02, 0x01, 0x0A, 0x03, 0xA5, 0x02, 0x03, 0x02, 0x0A, 0x03,
  0x2A, 0x06, 0x74, 0x02, 0x04, 0x01, 0x0C, 0x02, 0x24, 0x0C, 0x73, 0x02,
  0x04, 0x02, 0x0C, 0x02, 0x20, 0x08, 0x05, 0x02, 0x73, 0x02, 0x05, 0x02,
  0x02, 0x02, 0x08, 0x02, 0x1D, 0x05, 0x0A, 0x02, 0x72, 0x03, 0x06, 0x01,
  0x02, 0x02, 0x08, 0x03, 0x1A, 0x05, 0x0C, 0x02, 0x72, 0x02, 0x07, 0x02,
  0x01, 0x02, 0x09, 0x02, 0x19, 0x03, 0x0F, 0x02, 0x72, 0x02, 0x03, 0x02,
  0x03, 0x01, 0x01, 0x01, 0x0A, 0x03, 0x16, 0x04, 0x0C, 0x01, 0x04, 0x02,
  0x71, 0x02, 0x04, 0x03, 0x01, 0x03, 0x04, 0x02, 0x05, 0x02, 0x15, 0x03,
  0x0D, 0x02, 0x04, 0x02, 0x71, 0x02, 0x05, 0x06, 0x04, 0x02, 0x05, 0x02,
  0x14, 0x03, 0x0D, 0x02, 0x05, 0x02, 0x71, 0x02, 0x08, 0x03, 0x04, 0x01,
  0x06, 0x02, 0x14, 0x02, 0x07, 0x02, 0x04, 0x02, 0x06, 0x02, 0x71, 0x02,
  0x0A, 0x02, 0x02, 0x02, 0x06, 0x0D, 0x08, 0x02, 0x08, 0x02, 0x03, 0x02,
  0x07, 0x02, 0x71, 0x02, 0x0A, 0x02, 0x02, 0x01, 0x04, 0x01, 0x02, 0x11,
  0x03, 0x03, 0x08, 0x01, 0x03, 0x02, 0x08, 0x02, 0x71, 0x02, 0x03, 0x01,
  0x07, 0x04, 0x04, 0x05, 0x0B, 0x06, 0x01, 0x02, 0x09, 0x01, 0x02, 0x02,
  0x09, 0x02, 0x71, 0x02, 0x03, 0x03, 0x05, 0x03, 0x04, 0x03, 0x12, 0x05,
  0x03, 0x01, 0x05, 0x01, 0x01, 0x02, 0x03, 0x02, 0x05, 0x02, 0x71, 0x02,
  0x05, 0x09, 0x1B, 0x02, 0x04, 0x01, 0x05, 0x09, 0x05, 0x02, 0x71, 0x02,
  0x0B, 0x03, 0x1C, 0x01, 0x04, 0x01, 0x05, 0x05, 0x09, 0x02, 0x72, 0x02,
  0x0C, 0x02, 0x1B, 0x01, 0x04, 0x01, 0x04, 0x02, 0x0D, 0x02, 0x72, 0x02,
  0x2E, 0x02, 0x02, 0x02, 0x0D, 0x02, 0x73, 0x03, 0x2D, 0x02, 0x01, 0x02,
  0x0E, 0x02, 0x74, 0x02, 0x03, 0x03, 0x28, 0x05, 0x0D, 0x02, 0x75, 0x03,
  0x01, 0x03, 0x27, 0x0E, 0x05, 0x02, 0x76, 0x05, 0x28, 0x02, 0x06, 0x03,
  0x07, 0x02, 0x78, 0x03, 0x3B, 0x02, 0x78, 0x02, 0x3B, 0x02, 0x78, 0x02,
  0x08, 0x02, 0x32, 0x02, 0x77, 0x03, 0x07, 0x04, 0x25, 0x03, 0x08, 0x02,
  0x78, 0x02, 0x08, 0x01, 0x29, 0x04, 0x05, 0x02, 0x79, 0x02, 0x1F, 0x03,
  0x18, 0x03, 0x78, 0x02, 0x1F, 0x05, 0x15, 0x03, 0x7A, 0x02, 0x22, 0x02,
  0x10, 0x07, 0x7A, 0x02, 0x08, 0x02, 0x2C, 0x04, 0x7C, 0x02, 0x06, 0x06,
  0x2C, 0x02, 0x7C, 0x02, 0x05, 0x08, 0x2B, 0x02, 0x7C, 0x02, 0x04, 0x06,
  0x01, 0x03, 0x2A, 0x02, 0x7C, 0x02, 0x04, 0x05, 0x03, 0x02, 0x12, 0x05,
  0x14, 0x02, 0x6C, 0x02, 0x0C, 0x02, 0x04, 0x02, 0x01, 0x03, 0x03, 0x02,
  0x10, 0x09, 0x12, 0x02, 0x6B, 0x02, 0x0D, 0x02, 0x04, 0x05, 0x04, 0x02,
  0x0F, 0x03, 0x02, 0x06, 0x11, 0x02, 0x6B, 0x02, 0x0D, 0x02, 0x04, 0x01,
  0x01, 0x04, 0x02, 0x03, 0x0F, 0x02, 0x03, 0x06, 0x11, 0x02, 0x6A, 0x02,
  0x0C, 0x03, 0x05, 0x01, 0x01, 0x09, 0x0E, 0x02, 0x05, 0x03, 0x01, 0x02,
  0x10, 0x02, 0x6A, 0x01, 0x06, 0x01, 0x06, 0x02, 0x06, 0x01, 0x01, 0x09,
  0x0E, 0x02, 0x04, 0x04, 0x01, 0x02, 0x10, 0x02, 0x6F, 0x03, 0x05, 0x04,
  0x05, 0x01, 0x01, 0x02, 0x01, 0x06, 0x0E, 0x03, 0x03, 0x05, 0x01, 0x02,
  0x0E, 0x02, 0x6F, 0x03, 0x08, 0x04, 0x05, 0x08, 0x0E, 0x0C, 0x01, 0x02,
  0x0E, 0x02, 0x64, 0x02, 0x08, 0x02, 0x0A, 0x05, 0x05, 0x03, 0x01, 0x03,
  0x0E, 0x0B, 0x02, 0x02, 0x0E, 0x02, 0x62, 0x07, 0x11, 0x02, 0x08, 0x06,
  0x04, 0x04, 0x07, 0x0B, 0x02, 0x02, 0x0E, 0x02, 0x60, 0x04, 0x03, 0x03,
  0x0E, 0x06, 0x08, 0x02, 0x06, 0x04, 0x08, 0x06, 0x01, 0x03, 0x01, 0x02,
  0x0F, 0x02, 0x60, 0x02, 0x06, 0x03, 0x0D, 0x06, 0x1C, 0x02, 0x01, 0x06,
  0x02, 0x02, 0x0E, 0x02, 0x60, 0x02, 0x08, 0x02, 0x06, 0x04, 0x06, 0x01,
  0x13, 0x01, 0x0A, 0x04, 0x01, 0x04, 0x01, 0x02, 0x0F, 0x02, 0x60, 0x02,
  0x09, 0x02, 0x04, 0x04, 0x07, 0x02, 0x0F, 0x05, 0x0A, 0x06, 0x03, 0x01,
  0x10, 0x03, 0x5F, 0x02, 0x09, 0x02, 0x10, 0x02, 0x0E, 0x08, 0x09, 0x03,
  0x16, 0x02, 0x5F, 0x02, 0x09, 0x02, 0x10, 0x02, 0x13, 0x03, 0x21, 0x03,
  0x5F, 0x02, 0x0A, 0x02, 0x10, 0x02, 0x27, 0x03, 0x0B, 0x03, 0x60, 0x02,
  0x0A, 0x02, 0x11, 0x02, 0x26, 0x06, 0x06, 0x04, 0x62, 0x02, 0x0A, 0x02,
  0x11, 0x03, 0x23, 0x01, 0x04, 0x02, 0x06, 0x02, 0x64, 0x02, 0x0A, 0x02,
  0x12, 0x03, 0x22, 0x02, 0x0C, 0x02, 0x64, 0x02, 0x0A, 0x02, 0x12, 0x04,
  0x21, 0x02, 0x0A, 0x03, 0x64, 0x02, 0x08, 0x03, 0x15, 0x04, 0x20, 0x02,
  0x05, 0x06, 0x65, 0x02, 0x06, 0x04, 0x17, 0x05, 0x25, 0x04, 0x09, 0x06,
  0x59, 0x02, 0x03, 0x04, 0x1C, 0x05, 0x1F, 0x05, 0x08, 0x0C, 0x56, 0x07,
  0x02, 0x05, 0x16, 0x02, 0x02, 0x04, 0x1A, 0x07, 0x08, 0x04, 0x06, 0x04,
  0x56, 0x04, 0x02, 0x08, 0x14, 0x03, 0x1B, 0x08, 0x0B, 0x03, 0x0B, 0x03,
  0x58, 0x06, 0x02, 0x02, 0x14, 0x02, 0x16, 0x0D, 0x0B, 0x02, 0x0E, 0x03,
  0x56, 0x06, 0x04, 0x02, 0x13, 0x02, 0x21, 0x02, 0x0A, 0x02, 0x10, 0x02,
  0x55, 0x04, 0x07, 0x02, 0x12, 0x02, 0x01, 0x02, 0x18, 0x02, 0x06, 0x02,
  0x08, 0x02, 0x12, 0x02, 0x54, 0x02, 0x09, 0x02, 0x12, 0x04, 0x19, 0x02,
  0x06, 0x03, 0x07, 0x02, 0x05, 0x07, 0x06, 0x03, 0x53, 0x02, 0x0A, 0x02,
  0x11, 0x04, 0x19, 0x02, 0x07, 0x03, 0x05, 0x02, 0x05, 0x09, 0x06, 0x02,
  0x54, 0x02, 0x09, 0x02, 0x12, 0x03, 0x18, 0x02, 0x09, 0x03, 0x04, 0x02,
  0x04, 0x03, 0x05, 0x03, 0x05, 0x02, 0x54, 0x02, 0x0A, 0x02, 0x12, 0x02,
  0x13, 0x01, 0x04, 0x02, 0x0A, 0x03, 0x03, 0x02, 0x04, 0x02, 0x07, 0x02,
  0x06, 0x02, 0x53, 0x02, 0x0A, 0x02, 0x12, 0x02, 0x13, 0x01, 0x03, 0x02,
  0x0C, 0x03, 0x02, 0x01, 0x04, 0x02, 0x02, 0x02, 0x05, 0x02, 0x05, 0x02,
  0x54, 0x02, 0x09, 0x02, 0x13, 0x02, 0x02, 0x01, 0x0E, 0x02, 0x01, 0x03,
  0x0F, 0x04, 0x04, 0x02, 0x01, 0x04, 0x04, 0x02, 0x05, 0x02, 0x54, 0x02,
  0x09, 0x02, 0x13, 0x02, 0x02, 0x01, 0x0C, 0x06, 0x12, 0x03, 0x04, 0x04,
  0x02, 0x02, 0x03, 0x02, 0x05, 0x02, 0x55, 0x02, 0x07, 0x02, 0x14, 0x03,
  0x01, 0x01, 0x09, 0x04, 0x02, 0x01, 0x15, 0x03, 0x04, 0x02, 0x01, 0x01,
  0x01, 0x02, 0x03, 0x02, 0x05, 0x02, 0x55, 0x03, 0x06, 0x02, 0x14, 0x06,
  0x07, 0x04, 0x19, 0x03, 0x04, 0x02, 0x01, 0x04, 0x03, 0x02, 0x05, 0x02,
  0x56, 0x04, 0x02, 0x03, 0x15, 0x06, 0x07, 0x02, 0x1C, 0x02, 0x04, 0x01,
  0x01, 0x03, 0x01, 0x02, 0x02, 0x02, 0x05, 0x02, 0x57, 0x07, 0x16, 0x02,
  0x03, 0x02, 0x05, 0x02, 0x1E, 0x02, 0x06, 0x01, 0x02, 0x02, 0x02, 0x02,
  0x05, 0x02, 0x5A, 0x01, 0x19, 0x02, 0x04, 0x02, 0x24, 0x03, 0x04, 0x02,
  0x01, 0x02, 0x03, 0x02, 0x05, 0x02, 0x75, 0x02, 0x03, 0x03, 0x23, 0x04,
  0x06, 0x02, 0x02, 0x02, 0x06, 0x02, 0x75, 0x02, 0x04, 0x03, 0x23, 0x0A,
  0x03, 0x02, 0x05, 0x02, 0x76, 0x02, 0x05, 0x03, 0x01, 0x02, 0x0D, 0x01,
  0x02, 0x01, 0x0E, 0x02, 0x01, 0x06, 0x03, 0x02, 0x06, 0x02, 0x76, 0x02,
  0x07, 0x04, 0x0D, 0x01, 0x01, 0x02, 0x0E, 0x02, 0x09, 0x02, 0x06, 0x03,
  0x76, 0x02, 0x08, 0x03, 0x0D, 0x01, 0x01, 0x02, 0x0E, 0x02, 0x08, 0x03,
  0x06, 0x02, 0x77, 0x02, 0x09, 0x02, 0x0C, 0x02, 0x01, 0x01, 0x0F, 0x02,
  0x06, 0x04, 0x06, 0x03, 0x77, 0x02, 0x09, 0x02, 0x0C, 0x02, 0x01, 0x01,
  0x0F, 0x0A, 0x08, 0x02, 0x79, 0x02, 0x08, 0x02, 0x0C, 0x02, 0x01, 0x01,
  0x0F, 0x08, 0x09, 0x02, 0x7A, 0x02, 0x08, 0x02, 0x0C, 0x02, 0x01, 0x02,
  0x0E, 0x02, 0x0E, 0x02, 0x7A, 0x02, 0x0A, 0x01, 0x0C, 0x02, 0x01, 0x03,
  0x0D, 0x02, 0x0D, 0x02, 0x7A, 0x03, 0x09, 0x02, 0x0B, 0x02, 0x01, 0x06,
  0x0A, 0x02, 0x0C, 0x03, 0x7B, 0x02, 0x09, 0x02, 0x0C, 0x05, 0x0E, 0x02,
  0x0A, 0x04, 0x7B, 0x02, 0x0A, 0x02, 0x0B, 0x05, 0x0E, 0x05, 0x04, 0x06,
  0x7D, 0x02, 0x01, 0x01, 0x02, 0x01, 0x04, 0x02, 0x0C, 0x04, 0x0F, 0x0D,
  0x7F, 0x04, 0x02, 0x01, 0x04, 0x02, 0x01, 0x01, 0x09, 0x02, 0x01, 0x02,
  0x01, 0x01, 0x02, 0x01, 0x09, 0x02, 0x04, 0x04, 0x84, 0x03, 0x02, 0x01,
  0x03, 0x05, 0x02, 0x01, 0x05, 0x03, 0x01, 0x04, 0x01, 0x02, 0x07, 0x03,
  0x8E, 0x0D, 0x02, 0x01, 0x04, 0x03, 0x03, 0x06, 0x02, 0x07, 0x91, 0x06,
  0x03, 0x0B, 0x05, 0x0C, 0x9D, 0x08, 0x0B, 0x03, 0xFF, 0x00, 0xB8,
};

const uint8_t CAT_MEDICINE_2_RLE[] PROGMEM = {
  0xFF, 0x00, 0xFF, 0x00, 0xFF, 0x00, 0xFF, 0x00, 0xA3, 0x06, 0xB2, 0x09,
  0xAE, 0x02, 0x05, 0x05, 0xAC, 0x02, 0x08, 0x04, 0xA9, 0x03, 0x0A, 0x04,
  0xA7, 0x02, 0x03, 0x01, 0x09, 0x03, 0xA6, 0x02, 0x03, 0x02, 0x09, 0x03,
  0xA5, 0x02, 0x04, 0x01, 0x0A, 0x03, 0x27, 0x06, 0x76, 0x02, 0x05, 0x02,
  0x0A, 0x03, 0x21, 0x0C, 0x75, 0x02, 0x06, 0x01, 0x03, 0x01, 0x07, 0x03,
  0x1D, 0x08, 0x05, 0x02, 0x75, 0x02, 0x06, 0x02, 0x02, 0x01, 0x08, 0x03,
  0x1A, 0x06, 0x09, 0x02, 0x75, 0x02, 0x07, 0x02, 0x01, 0x01, 0x09, 0x02,
  0x18, 0x05, 0x0C, 0x02, 0x74, 0x02, 0x04, 0x02, 0x02, 0x04, 0x09, 0x03,
  0x16, 0x04, 0x0E, 0x02, 0x74, 0x02, 0x04, 0x04, 0x01, 0x03, 0x04, 0x01,
  0x05, 0x02, 0x15, 0x03, 0x0C, 0x02, 0x02, 0x03, 0x73, 0x02, 0x06, 0x05,
  0x04, 0x02, 0x05, 0x02, 0x14, 0x03, 0x0C, 0x02, 0x04, 0x02, 0x73, 0x02,
  0x0A, 0x02, 0x03, 0x02, 0x05, 0x02, 0x13, 0x02, 0x0E, 0x01, 0x05, 0x02,
  0x73, 0x02, 0x0A, 0x02, 0x02, 0x02, 0x07, 0x02, 0x11, 0x02, 0x09, 0x01,
  0x04, 0x02, 0x05, 0x02, 0x73, 0x02, 0x0B, 0x02, 0x01, 0x02, 0x03, 0x01,
  0x02, 0x0A, 0x09, 0x03, 0x08, 0x02, 0x03, 0x02, 0x06, 0x02, 0x73, 0x02,
  0x03, 0x02, 0x06, 0x04, 0x04, 0x11, 0x05, 0x02, 0x09, 0x02, 0x02, 0x02,
  0x07, 0x02, 0x73, 0x02, 0x04, 0x06, 0x02, 0x02, 0x04, 0x05, 0x09, 0x07,
  0x01, 0x03, 0x09, 0x01, 0x02, 0x02, 0x08, 0x02, 0x73, 0x02, 0x06, 0x08,
  0x16, 0x06, 0x04, 0x01, 0x05, 0x01, 0x01, 0x02, 0x03, 0x02, 0x04, 0x02,
  0x73, 0x02, 0x0C, 0x02, 0x19, 0x03, 0x04, 0x01, 0x05, 0x09, 0x04, 0x02,
  0x74, 0x02, 0x0C, 0x02, 0x19, 0x02, 0x04, 0x01, 0x05, 0x06, 0x07, 0x02,
  0x74, 0x02, 0x27, 0x02, 0x04, 0x01, 0x04, 0x02, 0x0C, 0x02, 0x75, 0x02,
  0x02, 0x04, 0x26, 0x01, 0x03, 0x02, 0x0D, 0x02, 0x75, 0x03, 0x01, 0x03,
  0x27, 0x01, 0x01, 0x03, 0x0E, 0x02, 0x76, 0x05, 0x28, 0x04, 0x0E, 0x03,
  0x77, 0x02, 0x2A, 0x0D, 0x05, 0x02, 0x77, 0x02, 0x2A, 0x03, 0x05, 0x05,
  0x06, 0x02, 0x76, 0x03, 0x06, 0x02, 0x22, 0x01, 0x11, 0x03, 0x75, 0x03,
  0x06, 0x04, 0x33, 0x02, 0x76, 0x02, 0x3D, 0x03, 0x75, 0x02, 0x33, 0x01,
  0x0A, 0x02, 0x76, 0x02, 0x1C, 0x03, 0x14, 0x05, 0x05, 0x02, 0x76, 0x02,
  0x1D, 0x04, 0x15, 0x02, 0x05, 0x03, 0x76, 0x02, 0x20, 0x01, 0x1B, 0x03,
  0x76, 0x02, 0x3A, 0x04, 0x78, 0x02, 0x37, 0x06, 0x76, 0x04, 0x06, 0x02,
  0x31, 0x03, 0x77, 0x03, 0x06, 0x06, 0x30, 0x02, 0x78, 0x03, 0x04, 0x08,
  0x2F, 0x02, 0x79, 0x03, 0x03, 0x01, 0x06, 0x02, 0x2E, 0x02, 0x68, 0x02,
  0x0F, 0x04, 0x0E, 0x03, 0x28, 0x02, 0x66, 0x02, 0x01, 0x02, 0x0C, 0x03,
  0x11, 0x03, 0x28, 0x02, 0x66, 0x02, 0x02, 0x01, 0x0B, 0x06, 0x1B, 0x07,
  0x18, 0x02, 0x5E, 0x03, 0x06, 0x01, 0x01, 0x02, 0x0D, 0x02, 0x11, 0x01,
  0x0A, 0x0A, 0x16, 0x02, 0x5E, 0x03, 0x06, 0x01, 0x01, 0x01, 0x0E, 0x02,
  0x10, 0x03, 0x0F, 0x05, 0x15, 0x02, 0x5D, 0x01, 0x02, 0x02, 0x02, 0x02,
  0x01, 0x01, 0x01, 0x01, 0x01, 0x02, 0x0B, 0x03, 0x0F, 0x07, 0x0E, 0x03,
  0x14, 0x02, 0x5D, 0x01, 0x01, 0x01, 0x01, 0x02, 0x08, 0x02, 0x02, 0x02,
  0x08, 0x02, 0x0E, 0x02, 0x02, 0x04, 0x0F, 0x03, 0x13, 0x02, 0x5E, 0x05,
  0x0A, 0x02, 0x0A, 0x02, 0x0D, 0x02, 0x04, 0x01, 0x12, 0x02, 0x13, 0x02,
  0x60, 0x01, 0x0F, 0x02, 0x07, 0x03, 0x0C, 0x01, 0x05, 0x01, 0x26, 0x02,
  0x60, 0x02, 0x0E, 0x02, 0x09, 0x02, 0x0B, 0x02, 0x04, 0x02, 0x26, 0x02,
  0x60, 0x02, 0x04, 0x01, 0x04, 0x01, 0x04, 0x02, 0x09, 0x03, 0x0A, 0x02,
  0x04, 0x02, 0x26, 0x02, 0x64, 0x03, 0x05, 0x02, 0x0E, 0x02, 0x0B, 0x02,
  0x02, 0x02, 0x26, 0x02, 0x5D, 0x02, 0x01, 0x02, 0x03, 0x01, 0x06, 0x01,
  0x05, 0x02, 0x0A, 0x02, 0x0B, 0x04, 0x19, 0x04, 0x0A, 0x02, 0x5C, 0x06,
  0x04, 0x02, 0x03, 0x04, 0x03, 0x02, 0x0B, 0x02, 0x27, 0x06, 0x08, 0x02,
  0x5C, 0x01, 0x02, 0x03, 0x03, 0x02, 0x18, 0x03, 0x2B, 0x02, 0x08, 0x02,
  0x5B, 0x01, 0x03, 0x02, 0x10, 0x02, 0x01, 0x01, 0x0B, 0x02, 0x24, 0x02,
  0x0D, 0x03, 0x5B, 0x06, 0x07, 0x02, 0x08, 0x04, 0x0B, 0x03, 0x23, 0x02,
  0x09, 0x05, 0x5D, 0x02, 0x08, 0x04, 0x01, 0x01, 0x04, 0x02, 0x03, 0x01,
  0x0C, 0x03, 0x23, 0x03, 0x06, 0x04, 0x63, 0x02, 0x04, 0x02, 0x03, 0x02,
  0x03, 0x03, 0x01, 0x02, 0x0D, 0x04, 0x22, 0x02, 0x07, 0x02, 0x65, 0x01,
  0x0D, 0x01, 0x02, 0x03, 0x10, 0x04, 0x29, 0x02, 0x66, 0x02, 0x0A, 0x02,
  0x17, 0x05, 0x21, 0x07, 0x65, 0x02, 0x01, 0x02, 0x06, 0x02, 0x19, 0x06,
  0x20, 0x06, 0x65, 0x02, 0x01, 0x05, 0x01, 0x02, 0x01, 0x02, 0x10, 0x02,
  0x06, 0x02, 0x21, 0x03, 0x01, 0x02, 0x68, 0x02, 0x02, 0x01, 0x03, 0x01,
  0x01, 0x03, 0x01, 0x02, 0x0E, 0x02, 0x06, 0x03, 0x1E, 0x09, 0x69, 0x02,
  0x01, 0x01, 0x06, 0x02, 0x02, 0x01, 0x0D, 0x02, 0x07, 0x02, 0x15, 0x0E,
  0x02, 0x01, 0x6C, 0x02, 0x07, 0x04, 0x0D, 0x02, 0x03, 0x02, 0x03, 0x02,
  0x18, 0x07, 0x01, 0x02, 0x7A, 0x03, 0x0D, 0x01, 0x04, 0x01, 0x03, 0x02,
  0x01, 0x02, 0x1F, 0x02, 0x88, 0x02, 0x03, 0x02, 0x03, 0x05, 0x18, 0x01,
  0x06, 0x03, 0x87, 0x01, 0x04, 0x02, 0x04, 0x03, 0x18, 0x02, 0x07, 0x03,
  0x8B, 0x01, 0x05, 0x03, 0x18, 0x02, 0x08, 0x03, 0x91, 0x02, 0x17, 0x02,
  0x0A, 0x03, 0x90, 0x02, 0x12, 0x02, 0x02, 0x02, 0x0D, 0x03, 0x8F, 0x02,
  0x01, 0x02, 0x0D, 0x02, 0x02, 0x02, 0x0F, 0x03, 0x8E, 0x02, 0x01, 0x02,
  0x0C, 0x06, 0x11, 0x03, 0x8D, 0x05, 0x09, 0x01, 0x01, 0x02, 0x01, 0x02,
  0x14, 0x03, 0x8C, 0x05, 0x08, 0x04, 0x19, 0x02, 0x8C, 0x06, 0x06, 0x03,
  0x1C, 0x02, 0x8B, 0x02, 0x03, 0x01, 0x06, 0x01, 0x1F, 0x02, 0x8A, 0x02,
  0x03, 0x02, 0x25, 0x02, 0x8A, 0x02, 0x04, 0x02, 0x24, 0x03, 0x89, 0x02,
  0x05, 0x02, 0x24, 0x02, 0x8A, 0x02, 0x05, 0x02, 0x02, 0x01, 0x0D, 0x02,
  0x02, 0x01, 0x0E, 0x02, 0x8A, 0x02, 0x06, 0x04, 0x0D, 0x02, 0x01, 0x01,
  0x0F, 0x02, 0x8A, 0x02, 0x07, 0x04, 0x0C, 0x02, 0x01, 0x01, 0x0F, 0x02,
  0x8A, 0x02, 0x09, 0x02, 0x0C, 0x04, 0x0F, 0x02, 0x8A, 0x02, 0x09, 0x02,
  0x0C, 0x04, 0x0F, 0x02, 0x8A, 0x02, 0x09, 0x02, 0x0C, 0x01, 0x01, 0x02,
  0x0F, 0x02, 0x8A, 0x02, 0x09, 0x02, 0x0B, 0x02, 0x01, 0x02, 0x0F, 0x02,
  0x8A, 0x02, 0x09, 0x02, 0x0B, 0x02, 0x02, 0x02, 0x0E, 0x02, 0x89, 0x02,
  0x0A, 0x02, 0x0B, 0x02, 0x01, 0x05, 0x0B, 0x02, 0x89, 0x02, 0x0A, 0x02,
  0x0B, 0x02, 0x01, 0x03, 0x02, 0x02, 0x0A, 0x02, 0x89, 0x02, 0x09, 0x02,
  0x0C, 0x04, 0x0F, 0x02, 0x8A, 0x02, 0x01, 0x01, 0x02, 0x01, 0x04, 0x02,
  0x0B, 0x04, 0x10, 0x02, 0x8A, 0x04, 0x01, 0x02, 0x04, 0x04, 0x09, 0x04,
  0x01, 0x01, 0x02, 0x01, 0x0A, 0x02, 0x8C, 0x03, 0x01, 0x02, 0x03, 0x05,
  0x01, 0x02, 0x05, 0x02, 0x02, 0x03, 0x02, 0x01, 0x08, 0x03, 0x8D, 0x0E,
  0x01, 0x02, 0x03, 0x03, 0x03, 0x06, 0x04, 0x06, 0x91, 0x06, 0x02, 0x0B,
  0x05, 0x0D, 0x9C, 0x09, 0x09, 0x06, 0xFF, 0x00, 0xB1,
};

const uint8_t CAT_MEDICINE_3_RLE[] PROGMEM = {
  0xFF, 0x00, 0xFF, 0x00, 0xFF, 0x00, 0xFF, 0x00, 0xFF, 0x00, 0x48, 0x06,
  0xB1, 0x0A, 0xAE, 0x02, 0x05, 0x06, 0xAB, 0x02, 0x08, 0x05, 0xA8, 0x02,
  0x0B, 0x04, 0xA7, 0x02, 0x03, 0x01, 0x09, 0x03, 0x2A, 0x07, 0x75, 0x02,
  0x03, 0x02, 0x0A, 0x03, 0x24, 0x0C, 0x74, 0x02, 0x04, 0x01, 0x0B, 0x03,
  0x21, 0x06, 0x07, 0x02, 0x73, 0x02, 0x04, 0x02, 0x0B, 0x03, 0x1D, 0x05,
  0x0B, 0x02, 0x72, 0x02, 0x06, 0x01, 0x03, 0x01, 0x08, 0x02, 0x1C, 0x04,
  0x0D, 0x02, 0x72, 0x02, 0x06, 0x02, 0x02, 0x02, 0x08, 0x02, 0x19, 0x04,
  0x0B, 0x01, 0x03, 0x02, 0x72, 0x02, 0x07, 0x02, 0x01, 0x02, 0x08, 0x02,
  0x18, 0x03, 0x0C, 0x02, 0x03, 0x02, 0x72, 0x02, 0x03, 0x01, 0x04, 0x01,
  0x01, 0x02, 0x09, 0x02, 0x16, 0x03, 0x0D, 0x01, 0x04, 0x02, 0x72, 0x02,
  0x03, 0x04, 0x01, 0x03, 0x0A, 0x02, 0x15, 0x03, 0x08, 0x01, 0x04, 0x02,
  0x04, 0x02, 0x71, 0x03, 0x05, 0x06, 0x0B, 0x02, 0x14, 0x02, 0x08, 0x02,
  0x03, 0x02, 0x05, 0x02, 0x71, 0x02, 0x09, 0x03, 0x0B, 0x02, 0x13, 0x02,
  0x09, 0x01, 0x03, 0x02, 0x06, 0x02, 0x71, 0x02, 0x0B, 0x02, 0x07, 0x01,
  0x02, 0x10, 0x04, 0x03, 0x09, 0x01, 0x02, 0x02, 0x07, 0x02, 0x71, 0x02,
  0x0B, 0x02, 0x07, 0x01, 0x01, 0x14, 0x01, 0x02, 0x09, 0x02, 0x01, 0x02,
  0x03, 0x02, 0x03, 0x02, 0x71, 0x02, 0x0C, 0x02, 0x05, 0x06, 0x0D, 0x07,
  0x03, 0x02, 0x04, 0x0A, 0x03, 0x02, 0x71, 0x02, 0x04, 0x03, 0x05, 0x02,
  0x05, 0x03, 0x14, 0x03, 0x03, 0x02, 0x04, 0x07, 0x06, 0x02, 0x71, 0x03,
  0x04, 0x0A, 0x1C, 0x02, 0x03, 0x02, 0x04, 0x02, 0x0B, 0x02, 0x72, 0x02,
  0x07, 0x07, 0x1C, 0x02, 0x03, 0x02, 0x03, 0x02, 0x0C, 0x02, 0x72, 0x02,
  0x0D, 0x02, 0x20, 0x02, 0x02, 0x02, 0x0D, 0x02, 0x72, 0x02, 0x30, 0x01,
  0x01, 0x02, 0x0E, 0x02, 0x73, 0x02, 0x2F, 0x0D, 0x05, 0x02, 0x62, 0x02,
  0x0F, 0x03, 0x03, 0x03, 0x28, 0x0C, 0x06, 0x02, 0x62, 0x02, 0x10, 0x02,
  0x03, 0x03, 0x27, 0x02, 0x10, 0x02, 0x0C, 0x02, 0x54, 0x03, 0x11, 0x03,
  0x01, 0x02, 0x3A, 0x02, 0x0C, 0x02, 0x54, 0x01, 0x01, 0x02, 0x11, 0x05,
  0x39, 0x02, 0x0C, 0x03, 0x53, 0x02, 0x02, 0x02, 0x11, 0x03, 0x3A, 0x02,
  0x0C, 0x04, 0x4F, 0x04, 0x04, 0x03, 0x0F, 0x02, 0x07, 0x04, 0x25, 0x05,
  0x05, 0x02, 0x0C, 0x02, 0x02, 0x02, 0x4E, 0x03, 0x05, 0x03, 0x0E, 0x02,
  0x08, 0x02, 0x01, 0x01, 0x14, 0x02, 0x11, 0x03, 0x04, 0x03, 0x0B, 0x02,
  0x03, 0x04, 0x4E, 0x02, 0x03, 0x02, 0x10, 0x02, 0x20, 0x04, 0x15, 0x03,
  0x0A, 0x03, 0x06, 0x03, 0x4E, 0x02, 0x01, 0x02, 0x10, 0x02, 0x23, 0x02,
  0x13, 0x04, 0x0C, 0x03, 0x03, 0x03, 0x51, 0x03, 0x11, 0x02, 0x34, 0x06,
  0x10, 0x02, 0x02, 0x02, 0x53, 0x02, 0x10, 0x02, 0x36, 0x04, 0x12, 0x04,
  0x54, 0x02, 0x10, 0x02, 0x08, 0x04, 0x2C, 0x02, 0x13, 0x02, 0x55, 0x01,
  0x11, 0x02, 0x06, 0x07, 0x2B, 0x02, 0x13, 0x02, 0x67, 0x02, 0x05, 0x09,
  0x14, 0x04, 0x12, 0x02, 0x13, 0x02, 0x66, 0x02, 0x06, 0x05, 0x02, 0x02,
  0x12, 0x07, 0x12, 0x02, 0x7A, 0x02, 0x05, 0x02, 0x01, 0x02, 0x04, 0x02,
  0x10, 0x0A, 0x10, 0x02, 0x7A, 0x02, 0x05, 0x01, 0x01, 0x03, 0x04, 0x02,
  0x0F, 0x02, 0x03, 0x03, 0x01, 0x02, 0x10, 0x02, 0x7A, 0x02, 0x04, 0x02,
  0x01, 0x03, 0x03, 0x03, 0x0E, 0x02, 0x04, 0x04, 0x01, 0x02, 0x0F, 0x02,
  0x7A, 0x02, 0x04, 0x02, 0x01, 0x04, 0x02, 0x03, 0x0E, 0x02, 0x05, 0x03,
  0x01, 0x03, 0x0E, 0x02, 0x7A, 0x02, 0x04, 0x0C, 0x0E, 0x02, 0x04, 0x05,
  0x01, 0x02, 0x0E, 0x02, 0x78, 0x03, 0x05, 0x0C, 0x0D, 0x04, 0x02, 0x06,
  0x01, 0x02, 0x0E, 0x02, 0x0D, 0x06, 0x63, 0x04, 0x06, 0x02, 0x01, 0x09,
  0x0D, 0x0C, 0x01, 0x02, 0x0D, 0x02, 0x0A, 0x0D, 0x60, 0x06, 0x07, 0x02,
  0x01, 0x05, 0x0E, 0x0C, 0x01, 0x02, 0x0D, 0x02, 0x09, 0x05, 0x06, 0x05,
  0x60, 0x05, 0x06, 0x03, 0x01, 0x04, 0x04, 0x03, 0x07, 0x0B, 0x02, 0x02,
  0x0D, 0x02, 0x07, 0x04, 0x0B, 0x04, 0x60, 0x02, 0x01, 0x02, 0x06, 0x06,
  0x05, 0x03, 0x08, 0x02, 0x01, 0x03, 0x01, 0x03, 0x02, 0x02, 0x0D, 0x02,
  0x06, 0x03, 0x0F, 0x03, 0x5E, 0x03, 0x0A, 0x03, 0x08, 0x01, 0x09, 0x09,
  0x02, 0x02, 0x0E, 0x02, 0x05, 0x03, 0x11, 0x03, 0x5C, 0x07, 0x12, 0x01,
  0x0A, 0x03, 0x01, 0x04, 0x02, 0x01, 0x10, 0x02, 0x03, 0x03, 0x13, 0x03,
  0x5A, 0x05, 0x11, 0x06, 0x02, 0x02, 0x06, 0x06, 0x14, 0x02, 0x03, 0x02,
  0x07, 0x06, 0x08, 0x02, 0x5D, 0x02, 0x12, 0x09, 0x08, 0x02, 0x15, 0x02,
  0x03, 0x02, 0x07, 0x09, 0x07, 0x02, 0x5D, 0x02, 0x12, 0x02, 0x02, 0x03,
  0x1E, 0x03, 0x03, 0x03, 0x06, 0x03, 0x05, 0x03, 0x06, 0x02, 0x5D, 0x03,
  0x11, 0x01, 0x04, 0x02, 0x11, 0x06, 0x06, 0x03, 0x04, 0x02, 0x06, 0x02,
  0x08, 0x03, 0x05, 0x02, 0x5E, 0x03, 0x10, 0x01, 0x04, 0x01, 0x16, 0x02,
  0x07, 0x02, 0x04, 0x02, 0x05, 0x02, 0x0A, 0x02, 0x06, 0x02, 0x5E, 0x03,
  0x0F, 0x02, 0x02, 0x02, 0x11, 0x02, 0x0C, 0x02, 0x04, 0x02, 0x05, 0x02,
  0x02, 0x02, 0x07, 0x02, 0x05, 0x02, 0x5F, 0x03, 0x0F, 0x04, 0x13, 0x03,
  0x08, 0x04, 0x03, 0x02, 0x05, 0x02, 0x02, 0x04, 0x06, 0x02, 0x05, 0x02,
  0x60, 0x03, 0x0F, 0x02, 0x15, 0x03, 0x04, 0x06, 0x04, 0x02, 0x05, 0x02,
  0x01, 0x05, 0x06, 0x02, 0x05, 0x02, 0x62, 0x03, 0x26, 0x01, 0x05, 0x02,
  0x07, 0x02, 0x05, 0x02, 0x01, 0x02, 0x02, 0x02, 0x05, 0x02, 0x05, 0x02,
  0x63, 0x05, 0x26, 0x04, 0x08, 0x02, 0x05, 0x04, 0x01, 0x02, 0x01, 0x02,
  0x04, 0x02, 0x05, 0x02, 0x65, 0x06, 0x21, 0x06, 0x09, 0x02, 0x05, 0x02,
  0x02, 0x02, 0x01, 0x02, 0x04, 0x02, 0x05, 0x02, 0x68, 0x06, 0x1B, 0x06,
  0x0C, 0x02, 0x05, 0x02, 0x01, 0x03, 0x01, 0x02, 0x04, 0x02, 0x05, 0x02,
  0x68, 0x07, 0x12, 0x0C, 0x0E, 0x02, 0x05, 0x02, 0x02, 0x01, 0x02, 0x02,
  0x04, 0x02, 0x05, 0x02, 0x68, 0x02, 0x15, 0x0A, 0x03, 0x02, 0x0E, 0x02,
  0x05, 0x01, 0x02, 0x02, 0x01, 0x02, 0x04, 0x02, 0x05, 0x02, 0x67, 0x02,
  0x24, 0x03, 0x0C, 0x03, 0x06, 0x03, 0x01, 0x02, 0x03, 0x02, 0x06, 0x02,
  0x67, 0x04, 0x18, 0x01, 0x0A, 0x03, 0x0C, 0x03, 0x05, 0x01, 0x02, 0x02,
  0x04, 0x02, 0x05, 0x03, 0x67, 0x04, 0x18, 0x02, 0x0A, 0x04, 0x0B, 0x03,
  0x06, 0x03, 0x03, 0x02, 0x06, 0x03, 0x69, 0x02, 0x18, 0x01, 0x0D, 0x04,
  0x0A, 0x09, 0x05, 0x02, 0x07, 0x02, 0x69, 0x02, 0x17, 0x02, 0x0F, 0x04,
  0x0A, 0x06, 0x05, 0x02, 0x08, 0x02, 0x69, 0x02, 0x17, 0x02, 0x11, 0x03,
  0x13, 0x03, 0x07, 0x02, 0x6A, 0x02, 0x01, 0x02, 0x0E, 0x01, 0x04, 0x02,
  0x13, 0x03, 0x11, 0x03, 0x07, 0x02, 0x6B, 0x02, 0x01, 0x02, 0x0D, 0x02,
  0x02, 0x03, 0x15, 0x03, 0x0F, 0x03, 0x07, 0x03, 0x6C, 0x04, 0x0D, 0x02,
  0x01, 0x03, 0x17, 0x03, 0x0C, 0x04, 0x07, 0x03, 0x6D, 0x04, 0x02, 0x01,
  0x09, 0x05, 0x1A, 0x03, 0x09, 0x04, 0x08, 0x04, 0x6D, 0x05, 0x01, 0x01,
  0x07, 0x03, 0x01, 0x01, 0x1D, 0x02, 0x06, 0x06, 0x0B, 0x02, 0x6D, 0x02,
  0x02, 0x04, 0x05, 0x03, 0x20, 0x0C, 0x0B, 0x03, 0x6E, 0x02, 0x03, 0x03,
  0x05, 0x01, 0x23, 0x07, 0x0E, 0x03, 0x6F, 0x02, 0x05, 0x02, 0x28, 0x02,
  0x12, 0x03, 0x71, 0x02, 0x05, 0x02, 0x27, 0x02, 0x10, 0x04, 0x72, 0x02,
  0x06, 0x02, 0x16, 0x01, 0x10, 0x02, 0x0D, 0x04, 0x74, 0x02, 0x07, 0x04,
  0x0E, 0x01, 0x03, 0x02, 0x10, 0x02, 0x0B, 0x05, 0x75, 0x02, 0x09, 0x03,
  0x0D, 0x02, 0x02, 0x01, 0x11, 0x02, 0x08, 0x06, 0x77, 0x02, 0x0A, 0x02,
  0x0D, 0x02, 0x01, 0x02, 0x11, 0x0D, 0x7B, 0x02, 0x09, 0x02, 0x0D, 0x01,
  0x02, 0x02, 0x11, 0x0A, 0x7E, 0x02, 0x09, 0x02, 0x0C, 0x02, 0x02, 0x02,
  0x11, 0x02, 0x86, 0x02, 0x09, 0x02, 0x0C, 0x02, 0x02, 0x02, 0x10, 0x02,
  0x87, 0x02, 0x09, 0x02, 0x0C, 0x02, 0x03, 0x01, 0x10, 0x02, 0x87, 0x02,
  0x09, 0x02, 0x0C, 0x02, 0x03, 0x03, 0x0E, 0x02, 0x86, 0x02, 0x0A, 0x02,
  0x0B, 0x02, 0x03, 0x06, 0x0B, 0x02, 0x86, 0x02, 0x0A, 0x02, 0x0C, 0x02,
  0x02, 0x02, 0x04, 0x01, 0x0B, 0x02, 0x86, 0x02, 0x09, 0x02, 0x0D, 0x05,
  0x10, 0x02, 0x87, 0x02, 0x01, 0x01, 0x07, 0x02, 0x0C, 0x06, 0x0F, 0x03,
  0x87, 0x04, 0x01, 0x02, 0x04, 0x02, 0x01, 0x01, 0x09, 0x03, 0x02, 0x04,
  0x02, 0x01, 0x09, 0x03, 0x88, 0x04, 0x01, 0x02, 0x03, 0x05, 0x02, 0x01,
  0x06, 0x02, 0x03, 0x03, 0x02, 0x02, 0x07, 0x04, 0x8A, 0x0E, 0x01, 0x02,
  0x04, 0x03, 0x04, 0x04, 0x01, 0x02, 0x04, 0x06, 0x8D, 0x07, 0x02, 0x0C,
  0x07, 0x0D, 0x99, 0x0A, 0x0A, 0x07, 0xFF, 0x00, 0xBA,
};

const uint8_t CAT_LEARN_0_RLE[] PROGMEM = {
  0xFF, 0x00, 0xFF, 0x00, 0xFF, 0x00, 0xFF, 0x00, 0xFF, 0x00, 0xFF, 0x00,
  0xFF, 0x00, 0xFF, 0x00, 0xFF, 0x00, 0xFF, 0x00, 0xFF, 0x00, 0xFF, 0x00,
  0xFF, 0x00, 0xF8, 0x06, 0x25, 0x02, 0x8B, 0x01, 0x01, 0x06, 0x1F, 0x07,
  0x89, 0x02, 0x05, 0x04, 0x1A, 0x05, 0x03, 0x02, 0x89, 0x02, 0x08, 0x03,
  0x17, 0x03, 0x07, 0x01, 0x89, 0x02, 0x01, 0x01, 0x08, 0x02, 0x14, 0x03,
  0x09, 0x02, 0x88, 0x01, 0x02, 0x02, 0x08, 0x02, 0x12, 0x02, 0x08, 0x01,
  0x02, 0x02, 0x88, 0x01, 0x03, 0x02, 0x01, 0x01, 0x06, 0x02, 0x10, 0x02,
  0x08, 0x02, 0x02, 0x02, 0x87, 0x02, 0x04, 0x01, 0x01, 0x02, 0x06, 0x01,
  0x0F, 0x02, 0x08, 0x02, 0x03, 0x02, 0x87, 0x02, 0x04, 0x03, 0x07, 0x02,
  0x0E, 0x01, 0x05, 0x02, 0x02, 0x01, 0x05, 0x01, 0x87, 0x02, 0x05, 0x02,
  0x02, 0x01, 0x05, 0x01, 0x0D, 0x02, 0x05, 0x01, 0x02, 0x01, 0x06, 0x01,
  0x87, 0x02, 0x02, 0x05, 0x02, 0x02, 0x04, 0x02, 0x01, 0x0A, 0x01, 0x01,
  0x06, 0x01, 0x01, 0x02, 0x01, 0x02, 0x03, 0x01, 0x87, 0x02, 0x04, 0x04,
  0x01, 0x01, 0x05, 0x0F, 0x03, 0x01, 0x02, 0x06, 0x04, 0x01, 0x87, 0x02,
  0x07, 0x03, 0x03, 0x01, 0x01, 0x02, 0x0B, 0x02, 0x03, 0x01, 0x02, 0x02,
  0x08, 0x01, 0x87, 0x02, 0x02, 0x01, 0x05, 0x02, 0x02, 0x02, 0x0F, 0x01,
  0x03, 0x01, 0x01, 0x02, 0x09, 0x01, 0x87, 0x02, 0x02, 0x05, 0x01, 0x02,
  0x17, 0x03, 0x05, 0x02, 0x02, 0x02, 0x88, 0x01, 0x04, 0x06, 0x18, 0x08,
  0x03, 0x02, 0x88, 0x02, 0x08, 0x01, 0x17, 0x02, 0x0A, 0x02, 0x88, 0x02,
  0x20, 0x01, 0x0A, 0x02, 0x8A, 0x02, 0x02, 0x01, 0x27, 0x02, 0x8B, 0x02,
  0x02, 0x02, 0x1F, 0x02, 0x03, 0x02, 0x8D, 0x04, 0x23, 0x03, 0x8F, 0x02,
  0x22, 0x04, 0x90, 0x02, 0x24, 0x02, 0x90, 0x01, 0x26, 0x02, 0x8E, 0x02,
  0x26, 0x02, 0x8E, 0x02, 0x06, 0x02, 0x10, 0x01, 0x0E, 0x01, 0x8E, 0x01,
  0x07, 0x02, 0x0F, 0x03, 0x0D, 0x02, 0x8C, 0x02, 0x28, 0x02, 0x8C, 0x02,
  0x28, 0x02, 0x8C, 0x02, 0x28, 0x02, 0x8C, 0x02, 0x04, 0x05, 0x10, 0x03,
  0x0D, 0x01, 0x8C, 0x02, 0x03, 0x07, 0x0D, 0x07, 0x0B, 0x01, 0x8C, 0x02,
  0x02, 0x05, 0x02, 0x01, 0x0C, 0x09, 0x09, 0x02, 0x8C, 0x02, 0x02, 0x05,
  0x02, 0x02, 0x0B, 0x02, 0x02, 0x03, 0x01, 0x02, 0x08, 0x02, 0x8C, 0x02,
  0x02, 0x05, 0x02, 0x02, 0x0A, 0x02, 0x03, 0x06, 0x08, 0x02, 0x8C, 0x02,
  0x02, 0x09, 0x0A, 0x02, 0x03, 0x04, 0x01, 0x01, 0x08, 0x02, 0x8C, 0x02,
  0x02, 0x09, 0x0A, 0x09, 0x01, 0x01, 0x08, 0x01, 0x8B, 0x03, 0x03, 0x09,
  0x0A, 0x09, 0x01, 0x01, 0x07, 0x02, 0x06, 0x07, 0x7F, 0x02, 0x05, 0x01,
  0x01, 0x05, 0x03, 0x02, 0x05, 0x06, 0x01, 0x02, 0x01, 0x01, 0x07, 0x02,
  0x04, 0x04, 0x03, 0x04, 0x7E, 0x02, 0x03, 0x07, 0x03, 0x03, 0x06, 0x05,
  0x01, 0x03, 0x09, 0x02, 0x02, 0x02, 0x08, 0x03, 0x7D, 0x04, 0x02, 0x05,
  0x0D, 0x07, 0x0B, 0x01, 0x02, 0x02, 0x0B, 0x02, 0x7A, 0x04, 0x0C, 0x01,
  0x01, 0x02, 0x07, 0x06, 0x03, 0x01, 0x05, 0x03, 0x02, 0x01, 0x05, 0x03,
  0x05, 0x01, 0x7C, 0x04, 0x0A, 0x07, 0x0D, 0x03, 0x03, 0x02, 0x02, 0x02,
  0x03, 0x06, 0x04, 0x02, 0x7C, 0x02, 0x0C, 0x02, 0x02, 0x01, 0x14, 0x02,
  0x02, 0x01, 0x03, 0x02, 0x04, 0x02, 0x04, 0x01, 0x7D, 0x03, 0x0A, 0x01,
  0x03, 0x01, 0x0D, 0x03, 0x02, 0x04, 0x01, 0x02, 0x03, 0x03, 0x04, 0x02,
  0x03, 0x02, 0x7D, 0x03, 0x09, 0x02, 0x01, 0x02, 0x0F, 0x05, 0x03, 0x02,
  0x03, 0x05, 0x03, 0x01, 0x03, 0x02, 0x7F, 0x03, 0x08, 0x03, 0x10, 0x03,
  0x05, 0x02, 0x02, 0x04, 0x01, 0x02, 0x02, 0x02, 0x02, 0x02, 0x81, 0x04,
  0x15, 0x05, 0x06, 0x02, 0x03, 0x01, 0x01, 0x02, 0x01, 0x01, 0x02, 0x02,
  0x03, 0x01, 0x83, 0x05, 0x0F, 0x05, 0x02, 0x03, 0x05, 0x01, 0x03, 0x01,
  0x01, 0x02, 0x01, 0x02, 0x01, 0x02, 0x03, 0x01, 0x83, 0x02, 0x02, 0x01,
  0x0A, 0x07, 0x06, 0x03, 0x04, 0x02, 0x02, 0x01, 0x02, 0x04, 0x01, 0x02,
  0x02, 0x02, 0x82, 0x02, 0x13, 0x01, 0x09, 0x03, 0x02, 0x02, 0x02, 0x02,
  0x01, 0x01, 0x01, 0x01, 0x02, 0x01, 0x03, 0x02, 0x82, 0x03, 0x11, 0x02,
  0x0B, 0x02, 0x02, 0x02, 0x02, 0x02, 0x01, 0x02, 0x01, 0x02, 0x03, 0x02,
  0x83, 0x02, 0x10, 0x02, 0x0D, 0x02, 0x02, 0x03, 0x01, 0x04, 0x01, 0x02,
  0x03, 0x02, 0x84, 0x01, 0x0D, 0x01, 0x01, 0x02, 0x0F, 0x02, 0x02, 0x06,
  0x01, 0x02, 0x04, 0x01, 0x85, 0x02, 0x0B, 0x04, 0x10, 0x02, 0x08, 0x02,
  0x04, 0x02, 0x85, 0x04, 0x06, 0x01, 0x01, 0x02, 0x01, 0x01, 0x12, 0x02,
  0x06, 0x03, 0x04, 0x01, 0x87, 0x03, 0x05, 0x04, 0x15, 0x09, 0x05, 0x02,
  0x87, 0x02, 0x01, 0x02, 0x02, 0x02, 0x19, 0x06, 0x06, 0x02, 0x88, 0x02,
  0x02, 0x02, 0x10, 0x01, 0x0B, 0x01, 0x0A, 0x02, 0x89, 0x02, 0x03, 0x01,
  0x0F, 0x02, 0x0B, 0x02, 0x08, 0x02, 0x8B, 0x01, 0x04, 0x04, 0x08, 0x02,
  0x01, 0x01, 0x0C, 0x02, 0x06, 0x03, 0x8C, 0x02, 0x04, 0x03, 0x08, 0x01,
  0x02, 0x01, 0x0C, 0x09, 0x8E, 0x02, 0x05, 0x02, 0x08, 0x01, 0x02, 0x01,
  0x0C, 0x07, 0x90, 0x02, 0x05, 0x02, 0x07, 0x02, 0x02, 0x01, 0x0B, 0x02,
  0x96, 0x02, 0x05, 0x02, 0x07, 0x02, 0x02, 0x02, 0x0A, 0x02, 0x95, 0x02,
  0x06, 0x02, 0x07, 0x01, 0x02, 0x04, 0x08, 0x02, 0x96, 0x02, 0x05, 0x02,
  0x07, 0x02, 0x01, 0x03, 0x01, 0x02, 0x07, 0x02, 0x89, 0x09, 0x04, 0x03,
  0x01, 0x01, 0x02, 0x01, 0x08, 0x05, 0x0A, 0x02, 0x87, 0x0E, 0x02, 0x03,
  0x01, 0x01, 0x01, 0x04, 0x01, 0x01, 0x03, 0x02, 0x02, 0x03, 0x01, 0x01,
  0x06, 0x02, 0x87, 0x02, 0x0C, 0x03, 0x02, 0x0E, 0x03, 0x03, 0x01, 0x01,
  0x04, 0x03, 0x87, 0x02, 0x09, 0x02, 0x04, 0x05, 0x08, 0x04, 0x04, 0x0A,
  0x87, 0x02, 0x06, 0x01, 0x0A, 0x02, 0x03, 0x06, 0x04, 0x03, 0x04, 0x05,
  0x89, 0x02, 0x0B, 0x01, 0x05, 0x01, 0x0C, 0x01, 0x04, 0x02, 0x90, 0x02,
  0x02, 0x01, 0x05, 0x02, 0x07, 0x02, 0x02, 0x01, 0x01, 0x07, 0x07, 0x01,
  0x8F, 0x02, 0x0C, 0x01, 0x04, 0x02, 0x05, 0x01, 0x05, 0x03, 0x04, 0x03,
  0x8D, 0x02, 0x09, 0x02, 0x06, 0x02, 0x05, 0x06, 0x02, 0x02, 0x03, 0x05,
  0x8B, 0x02, 0x0D, 0x01, 0x04, 0x01, 0x05, 0x03, 0x05, 0x01, 0x04, 0x06,
  0x8B, 0x0C, 0x07, 0x01, 0x08, 0x06, 0x04, 0x02, 0x01, 0x01, 0x01, 0x02,
  0x8A, 0x06, 0x05, 0x04, 0x04, 0x02, 0x12, 0x01, 0x01, 0x01, 0x01, 0x02,
  0x8B, 0x09, 0x05, 0x02, 0x02, 0x02, 0x02, 0x07, 0x09, 0x03, 0x01, 0x02,
  0x8B, 0x0E, 0x02, 0x12, 0x04, 0x03, 0x01, 0x02, 0x8C, 0x1A, 0x06, 0x04,
  0x01, 0x04, 0x01, 0x01, 0x99, 0x14, 0x01, 0x07, 0x01, 0x02, 0x9D, 0x17,
  0x01, 0x02, 0xA0, 0x03, 0x04, 0x0D, 0x01, 0x02, 0xAE, 0x09, 0xB3, 0x04,
  0xFF, 0x00, 0xCD,
};

const uint8_t CAT_LEARN_1_RLE[] PROGMEM = {
  0xFF, 0x00, 0xFF, 0x00, 0xFF, 0x00, 0xFF, 0x00, 0xFF, 0x00, 0xFF, 0x00,
  0xFF, 0x00, 0xFF, 0x00, 0xFF, 0x00, 0xFF, 0x00, 0xFF, 0x00, 0xFF, 0x00,
  0xFF, 0x00, 0xFF, 0x00, 0xFF, 0x00, 0xFF, 0x00, 0xFF, 0x00, 0xFF, 0x00,
  0xFF, 0x00, 0xFF, 0x00, 0xFF, 0x00, 0xFF, 0x00, 0xFF, 0x00, 0x7D, 0x05,
  0xB0, 0x06, 0x01, 0x02, 0x88, 0x07, 0x1E, 0x04, 0x05, 0x02, 0x88, 0x02,
  0x01, 0x07, 0x1A, 0x03, 0x08, 0x01, 0x88, 0x01, 0x07, 0x04, 0x16, 0x03,
  0x07, 0x01, 0x02, 0x02, 0x87, 0x01, 0x09, 0x03, 0x14, 0x02, 0x08, 0x02,
  0x02, 0x02, 0x86, 0x02, 0x01, 0x01, 0x09, 0x02, 0x12, 0x02, 0x09, 0x01,
  0x03, 0x02, 0x86, 0x02, 0x02, 0x01, 0x09, 0x02, 0x11, 0x01, 0x08, 0x02,
  0x04, 0x02, 0x86, 0x02, 0x02, 0x02, 0x01, 0x01, 0x07, 0x02, 0x0F, 0x02,
  0x04, 0x01, 0x03, 0x02, 0x05, 0x01, 0x86, 0x02, 0x03, 0x01, 0x01, 0x01,
  0x08, 0x02, 0x0D, 0x02, 0x05, 0x01, 0x02, 0x02, 0x06, 0x01, 0x86, 0x02,
  0x04, 0x02, 0x02, 0x01, 0x05, 0x02, 0x03, 0x09, 0x01, 0x02, 0x05, 0x01,
  0x02, 0x01, 0x07, 0x02, 0x85, 0x02, 0x04, 0x02, 0x02, 0x01, 0x06, 0x0F,
  0x06, 0x01, 0x01, 0x05, 0x04, 0x02, 0x85, 0x02, 0x02, 0x05, 0x01, 0x02,
  0x05, 0x03, 0x0B, 0x01, 0x03, 0x01, 0x02, 0x06, 0x05, 0x02, 0x85, 0x02,
  0x05, 0x02, 0x01, 0x01, 0x06, 0x01, 0x0D, 0x01, 0x03, 0x01, 0x02, 0x02,
  0x09, 0x01, 0x87, 0x01, 0x06, 0x03, 0x03, 0x02, 0x0F, 0x01, 0x03, 0x02,
  0x01, 0x01, 0x06, 0x01, 0x03, 0x01, 0x87, 0x01, 0x02, 0x01, 0x04, 0x02,
  0x03, 0x01, 0x15, 0x03, 0x04, 0x03, 0x02, 0x02, 0x87, 0x02, 0x02, 0x06,
  0x19, 0x08, 0x04, 0x02, 0x87, 0x02, 0x04, 0x05, 0x18, 0x02, 0x0A, 0x01,
  0x89, 0x02, 0x07, 0x01, 0x18, 0x01, 0x0A, 0x02, 0x89, 0x02, 0x2A, 0x02,
  0x8B, 0x02, 0x02, 0x02, 0x20, 0x02, 0x02, 0x02, 0x8D, 0x03, 0x01, 0x01,
  0x22, 0x03, 0x10, 0x06, 0x79, 0x04, 0x22, 0x04, 0x0D, 0x0A, 0x78, 0x02,
  0x26, 0x01, 0x0C, 0x02, 0x08, 0x02, 0x77, 0x02, 0x26, 0x02, 0x0A, 0x02,
  0x0A, 0x02, 0x75, 0x02, 0x27, 0x02, 0x09, 0x02, 0x0C, 0x02, 0x74, 0x02,
  0x28, 0x01, 0x09, 0x01, 0x04, 0x06, 0x04, 0x02, 0x73, 0x02, 0x28, 0x02,
  0x07, 0x02, 0x03, 0x03, 0x02, 0x03, 0x03, 0x02, 0x73, 0x02, 0x16, 0x02,
  0x10, 0x02, 0x07, 0x02, 0x03, 0x01, 0x06, 0x02, 0x03, 0x02, 0x72, 0x01,
  0x06, 0x03, 0x0E, 0x02, 0x10, 0x05, 0x04, 0x01, 0x03, 0x05, 0x03, 0x02,
  0x03, 0x02, 0x72, 0x01, 0x29, 0x07, 0x02, 0x01, 0x03, 0x03, 0x01, 0x02,
  0x03, 0x01, 0x03, 0x02, 0x72, 0x01, 0x29, 0x02, 0x04, 0x04, 0x03, 0x02,
  0x01, 0x01, 0x01, 0x02, 0x02, 0x02, 0x03, 0x01, 0x72, 0x02, 0x28, 0x02,
  0x05, 0x03, 0x03, 0x02, 0x01, 0x02, 0x01, 0x02, 0x01, 0x02, 0x03, 0x01,
  0x72, 0x02, 0x05, 0x02, 0x10, 0x05, 0x0C, 0x02, 0x07, 0x02, 0x02, 0x02,
  0x02, 0x01, 0x01, 0x02, 0x01, 0x02, 0x03, 0x01, 0x72, 0x02, 0x03, 0x06,
  0x0C, 0x08, 0x0B, 0x02, 0x08, 0x02, 0x02, 0x01, 0x02, 0x01, 0x01, 0x02,
  0x01, 0x02, 0x03, 0x01, 0x72, 0x02, 0x03, 0x06, 0x0C, 0x02, 0x01, 0x03,
  0x01, 0x02, 0x0A, 0x01, 0x09, 0x02, 0x02, 0x02, 0x03, 0x01, 0x02, 0x01,
  0x03, 0x02, 0x73, 0x01, 0x02, 0x05, 0x01, 0x02, 0x0A, 0x02, 0x03, 0x03,
  0x01, 0x02, 0x08, 0x02, 0x0A, 0x02, 0x02, 0x05, 0x01, 0x02, 0x03, 0x02,
  0x72, 0x02, 0x02, 0x05, 0x02, 0x02, 0x09, 0x02, 0x03, 0x06, 0x08, 0x03,
  0x09, 0x02, 0x04, 0x02, 0x02, 0x01, 0x04, 0x02, 0x71, 0x03, 0x02, 0x05,
  0x02, 0x02, 0x09, 0x03, 0x01, 0x05, 0x01, 0x01, 0x09, 0x02, 0x0A, 0x01,
  0x07, 0x02, 0x03, 0x02, 0x72, 0x02, 0x03, 0x09, 0x09, 0x09, 0x01, 0x01,
  0x08, 0x02, 0x0B, 0x02, 0x04, 0x03, 0x04, 0x02, 0x73, 0x02, 0x03, 0x08,
  0x09, 0x09, 0x01, 0x01, 0x07, 0x02, 0x0C, 0x08, 0x04, 0x02, 0x75, 0x03,
  0x02, 0x02, 0x01, 0x04, 0x0A, 0x05, 0x01, 0x01, 0x0A, 0x02, 0x0C, 0x05,
  0x07, 0x02, 0x74, 0x04, 0x02, 0x06, 0x03, 0x03, 0x05, 0x08, 0x02, 0x04,
  0x03, 0x02, 0x0C, 0x02, 0x09, 0x02, 0x74, 0x04, 0x04, 0x04, 0x04, 0x02,
  0x07, 0x06, 0x08, 0x03, 0x03, 0x01, 0x09, 0x02, 0x07, 0x03, 0x78, 0x02,
  0x0C, 0x01, 0x10, 0x02, 0x01, 0x03, 0x04, 0x02, 0x09, 0x02, 0x05, 0x03,
  0x7B, 0x03, 0x08, 0x06, 0x0E, 0x03, 0x06, 0x02, 0x09, 0x09, 0x7D, 0x03,
  0x08, 0x02, 0x01, 0x02, 0x0D, 0x04, 0x06, 0x02, 0x09, 0x06, 0x82, 0x03,
  0x07, 0x01, 0x0E, 0x04, 0x08, 0x02, 0x0A, 0x01, 0x88, 0x05, 0x0E, 0x05,
  0x0B, 0x02, 0x0A, 0x01, 0x88, 0x02, 0x01, 0x09, 0x04, 0x06, 0x0E, 0x01,
  0x0A, 0x01, 0x87, 0x02, 0x05, 0x06, 0x05, 0x02, 0x11, 0x02, 0x08, 0x02,
  0x86, 0x02, 0x06, 0x03, 0x07, 0x02, 0x0A, 0x01, 0x06, 0x05, 0x06, 0x02,
  0x85, 0x02, 0x08, 0x02, 0x05, 0x03, 0x0B, 0x01, 0x04, 0x03, 0x09, 0x02,
  0x86, 0x01, 0x01, 0x01, 0x08, 0x04, 0x01, 0x03, 0x0B, 0x02, 0x02, 0x05,
  0x09, 0x02, 0x7F, 0x09, 0x02, 0x01, 0x04, 0x08, 0x0D, 0x06, 0x01, 0x03,
  0x01, 0x02, 0x04, 0x02, 0x7D, 0x07, 0x03, 0x05, 0x03, 0x02, 0x03, 0x06,
  0x0A, 0x04, 0x04, 0x03, 0x01, 0x01, 0x04, 0x02, 0x7D, 0x02, 0x0B, 0x14,
  0x06, 0x02, 0x08, 0x09, 0x7D, 0x02, 0x0A, 0x01, 0x04, 0x06, 0x09, 0x03,
  0x03, 0x03, 0x0B, 0x05, 0x7E, 0x02, 0x0D, 0x01, 0x03, 0x02, 0x04, 0x06,
  0x04, 0x06, 0x8E, 0x02, 0x0B, 0x02, 0x05, 0x01, 0x0C, 0x01, 0x04, 0x02,
  0x8F, 0x02, 0x08, 0x03, 0x07, 0x01, 0x05, 0x07, 0x07, 0x02, 0x8D, 0x02,
  0x0C, 0x02, 0x04, 0x02, 0x05, 0x01, 0x04, 0x04, 0x04, 0x03, 0x8C, 0x02,
  0x0A, 0x02, 0x06, 0x02, 0x05, 0x06, 0x02, 0x02, 0x03, 0x05, 0x8B, 0x01,
  0x0E, 0x01, 0x03, 0x02, 0x05, 0x03, 0x05, 0x01, 0x04, 0x04, 0x01, 0x01,
  0x8A, 0x0C, 0x08, 0x01, 0x08, 0x06, 0x04, 0x02, 0x01, 0x01, 0x01, 0x02,
  0x89, 0x06, 0x06, 0x04, 0x04, 0x01, 0x13, 0x01, 0x01, 0x01, 0x01, 0x02,
  0x8A, 0x09, 0x06, 0x02, 0x02, 0x02, 0x02, 0x07, 0x09, 0x03, 0x01, 0x02,
  0x8A, 0x0F, 0x02, 0x12, 0x04, 0x06, 0x8B, 0x1B, 0x06, 0x04, 0x01, 0x04,
  0x01, 0x01, 0x98, 0x15, 0x02, 0x06, 0x01, 0x02, 0x9D, 0x17, 0x01, 0x02,
  0x9F, 0x04, 0x03, 0x0E, 0x01, 0x02, 0xAE, 0x09, 0xB3, 0x04, 0xFF, 0x00,
  0xD0,
};

const uint8_t CAT_LEARN_2_RLE[] PROGMEM = {
  0xFF, 0x00, 0xFF, 0x00, 0xFF, 0x00, 0xFF, 0x00, 0xFF, 0x00, 0xFF, 0x00,
  0xFF, 0x00, 0xFF, 0x00, 0xFF, 0x00, 0xFF, 0x00, 0xFF, 0x00, 0xFF, 0x00,
  0xFF, 0x00, 0xFF, 0x00, 0xFF, 0x00, 0xFF, 0x00, 0xFF, 0x00, 0xFF, 0x00,
  0xFF, 0x00, 0xFF, 0x00, 0xFF, 0x00, 0xFF, 0x00, 0x0F, 0x05, 0xB0, 0x09,
  0xAD, 0x04, 0x05, 0x02, 0x88, 0x06, 0x1E, 0x03, 0x08, 0x01, 0x87, 0x0A,
  0x19, 0x03, 0x07, 0x01, 0x02, 0x01, 0x87, 0x02, 0x06, 0x04, 0x16, 0x03,
  0x07, 0x02, 0x02, 0x02, 0x86, 0x02, 0x09, 0x03, 0x13, 0x02, 0x09, 0x01,
  0x03, 0x02, 0x86, 0x02, 0x01, 0x01, 0x09, 0x02, 0x12, 0x01, 0x08, 0x02,
  0x04, 0x02, 0x86, 0x02, 0x01, 0x02, 0x09, 0x02, 0x10, 0x02, 0x04, 0x01,
  0x03, 0x02, 0x04, 0x02, 0x86, 0x02, 0x02, 0x02, 0x01, 0x01, 0x07, 0x02,
  0x0E, 0x02, 0x05, 0x01, 0x02, 0x02, 0x06, 0x01, 0x86, 0x01, 0x04, 0x01,
  0x01, 0x01, 0x07, 0x02, 0x04, 0x09, 0x01, 0x02, 0x05, 0x01, 0x02, 0x01,
  0x07, 0x01, 0x86, 0x01, 0x05, 0x02, 0x02, 0x01, 0x05, 0x10, 0x06, 0x07,
  0x04, 0x01, 0x86, 0x01, 0x05, 0x02, 0x02, 0x01, 0x05, 0x04, 0x0B, 0x01,
  0x03, 0x01, 0x03, 0x02, 0x01, 0x01, 0x06, 0x01, 0x86, 0x01, 0x03, 0x05,
  0x01, 0x01, 0x05, 0x02, 0x0D, 0x01, 0x03, 0x02, 0x01, 0x02, 0x08, 0x02,
  0x86, 0x02, 0x06, 0x01, 0x01, 0x01, 0x03, 0x01, 0x01, 0x01, 0x0E, 0x01,
  0x03, 0x02, 0x01, 0x01, 0x05, 0x02, 0x02, 0x02, 0x86, 0x02, 0x06, 0x03,
  0x03, 0x01, 0x15, 0x09, 0x03, 0x02, 0x86, 0x02, 0x02, 0x01, 0x04, 0x02,
  0x19, 0x07, 0x05, 0x01, 0x87, 0x02, 0x02, 0x07, 0x19, 0x02, 0x09, 0x02,
  0x88, 0x01, 0x07, 0x03, 0x23, 0x01, 0x89, 0x02, 0x26, 0x02, 0x03, 0x02,
  0x8A, 0x02, 0x25, 0x01, 0x02, 0x03, 0x0C, 0x08, 0x77, 0x03, 0x01, 0x03,
  0x22, 0x03, 0x0C, 0x04, 0x03, 0x03, 0x77, 0x03, 0x01, 0x02, 0x24, 0x02,
  0x09, 0x03, 0x08, 0x03, 0x77, 0x03, 0x25, 0x02, 0x08, 0x03, 0x0A, 0x03,
  0x77, 0x01, 0x27, 0x01, 0x08, 0x02, 0x05, 0x01, 0x06, 0x02, 0x76, 0x02,
  0x27, 0x02, 0x06, 0x02, 0x04, 0x06, 0x04, 0x02, 0x75, 0x02, 0x27, 0x02,
  0x06, 0x01, 0x04, 0x02, 0x03, 0x03, 0x04, 0x01, 0x75, 0x01, 0x29, 0x01,
  0x05, 0x02, 0x03, 0x02, 0x06, 0x02, 0x03, 0x02, 0x74, 0x01, 0x18, 0x01,
  0x10, 0x01, 0x05, 0x02, 0x03, 0x05, 0x03, 0x02, 0x03, 0x02, 0x73, 0x02,
  0x07, 0x01, 0x0E, 0x03, 0x10, 0x02, 0x04, 0x02, 0x03, 0x03, 0x01, 0x02,
  0x03, 0x01, 0x03, 0x02, 0x73, 0x02, 0x06, 0x03, 0x20, 0x01, 0x05, 0x02,
  0x03, 0x02, 0x01, 0x01, 0x01, 0x02, 0x02, 0x02, 0x03, 0x01, 0x73, 0x02,
  0x29, 0x03, 0x03, 0x02, 0x03, 0x02, 0x01, 0x02, 0x01, 0x01, 0x02, 0x02,
  0x03, 0x01, 0x74, 0x01, 0x29, 0x06, 0x01, 0x01, 0x03, 0x02, 0x01, 0x02,
  0x01, 0x02, 0x01, 0x02, 0x03, 0x01, 0x74, 0x01, 0x28, 0x02, 0x03, 0x05,
  0x02, 0x02, 0x02, 0x01, 0x01, 0x01, 0x02, 0x01, 0x03, 0x02, 0x74, 0x02,
  0x04, 0x04, 0x1F, 0x02, 0x05, 0x04, 0x02, 0x02, 0x01, 0x01, 0x01, 0x01,
  0x01, 0x02, 0x03, 0x02, 0x74, 0x02, 0x03, 0x07, 0x1D, 0x02, 0x07, 0x02,
  0x03, 0x02, 0x01, 0x02, 0x01, 0x02, 0x03, 0x02, 0x74, 0x02, 0x03, 0x04,
  0x02, 0x01, 0x1D, 0x03, 0x06, 0x02, 0x04, 0x03, 0x01, 0x02, 0x04, 0x01,
  0x76, 0x01, 0x02, 0x05, 0x02, 0x02, 0x0C, 0x06, 0x0B, 0x01, 0x08, 0x02,
  0x06, 0x02, 0x04, 0x02, 0x75, 0x02, 0x02, 0x05, 0x02, 0x02, 0x0B, 0x07,
  0x0A, 0x02, 0x09, 0x02, 0x03, 0x03, 0x05, 0x02, 0x74, 0x03, 0x02, 0x09,
  0x0A, 0x02, 0x05, 0x02, 0x08, 0x02, 0x0A, 0x07, 0x05, 0x02, 0x76, 0x01,
  0x04, 0x08, 0x0A, 0x01, 0x0A, 0x03, 0x03, 0x02, 0x0B, 0x01, 0x09, 0x02,
  0x77, 0x03, 0x03, 0x02, 0x01, 0x04, 0x02, 0x03, 0x0F, 0x04, 0x02, 0x03,
  0x0B, 0x01, 0x08, 0x02, 0x79, 0x04, 0x01, 0x06, 0x03, 0x03, 0x13, 0x04,
  0x0C, 0x02, 0x06, 0x02, 0x79, 0x03, 0x05, 0x03, 0x16, 0x06, 0x0E, 0x02,
  0x03, 0x04, 0x7A, 0x01, 0x01, 0x03, 0x09, 0x07, 0x0E, 0x03, 0x05, 0x01,
  0x09, 0x07, 0x7F, 0x02, 0x0A, 0x03, 0x01, 0x02, 0x0C, 0x03, 0x07, 0x01,
  0x09, 0x02, 0x85, 0x03, 0x09, 0x02, 0x01, 0x01, 0x0B, 0x04, 0x07, 0x02,
  0x09, 0x02, 0x86, 0x04, 0x08, 0x03, 0x09, 0x04, 0x09, 0x02, 0x09, 0x01,
  0x8A, 0x06, 0x0B, 0x05, 0x0C, 0x02, 0x09, 0x02, 0x88, 0x03, 0x01, 0x0A,
  0x04, 0x02, 0x0F, 0x02, 0x09, 0x02, 0x87, 0x02, 0x05, 0x02, 0x0A, 0x02,
  0x10, 0x01, 0x09, 0x02, 0x86, 0x02, 0x06, 0x03, 0x07, 0x03, 0x11, 0x02,
  0x08, 0x02, 0x83, 0x04, 0x08, 0x02, 0x06, 0x03, 0x11, 0x05, 0x06, 0x02,
  0x82, 0x07, 0x07, 0x03, 0x02, 0x03, 0x0B, 0x02, 0x05, 0x03, 0x02, 0x01,
  0x05, 0x02, 0x84, 0x01, 0x03, 0x04, 0x05, 0x07, 0x0C, 0x01, 0x04, 0x04,
  0x09, 0x02, 0x84, 0x02, 0x04, 0x03, 0x03, 0x02, 0x02, 0x02, 0x0D, 0x02,
  0x01, 0x08, 0x02, 0x01, 0x04, 0x02, 0x7E, 0x09, 0x06, 0x05, 0x03, 0x01,
  0x0D, 0x06, 0x03, 0x03, 0x01, 0x01, 0x04, 0x02, 0x7B, 0x0D, 0x03, 0x01,
  0x03, 0x03, 0x03, 0x02, 0x01, 0x01, 0x0A, 0x03, 0x08, 0x05, 0x01, 0x03,
  0x7B, 0x03, 0x0A, 0x01, 0x08, 0x01, 0x03, 0x04, 0x02, 0x02, 0x06, 0x02,
  0x0B, 0x07, 0x7B, 0x02, 0x03, 0x02, 0x04, 0x04, 0x08, 0x09, 0x01, 0x01,
  0x05, 0x03, 0x8D, 0x02, 0x03, 0x01, 0x03, 0x01, 0x04, 0x02, 0x06, 0x04,
  0x05, 0x0B, 0x8D, 0x02, 0x0B, 0x01, 0x01, 0x02, 0x05, 0x03, 0x05, 0x02,
  0x02, 0x07, 0x8E, 0x02, 0x02, 0x01, 0x04, 0x03, 0x04, 0x02, 0x01, 0x01,
  0x01, 0x03, 0x04, 0x04, 0x08, 0x02, 0x8D, 0x02, 0x0C, 0x02, 0x01, 0x02,
  0x02, 0x02, 0x02, 0x01, 0x01, 0x02, 0x04, 0x03, 0x04, 0x03, 0x8C, 0x02,
  0x09, 0x02, 0x05, 0x01, 0x02, 0x02, 0x02, 0x01, 0x01, 0x02, 0x01, 0x03,
  0x02, 0x02, 0x03, 0x05, 0x8B, 0x01, 0x0D, 0x01, 0x03, 0x01, 0x01, 0x02,
  0x04, 0x03, 0x05, 0x02, 0x03, 0x02, 0x01, 0x01, 0x01, 0x01, 0x8A, 0x0C,
  0x06, 0x04, 0x05, 0x01, 0x01, 0x02, 0x01, 0x03, 0x05, 0x01, 0x01, 0x01,
  0x01, 0x02, 0x89, 0x08, 0x03, 0x04, 0x04, 0x03, 0x12, 0x01, 0x01, 0x04,
  0x8A, 0x09, 0x05, 0x03, 0x02, 0x02, 0x03, 0x05, 0x0A, 0x04, 0x01, 0x01,
  0x8A, 0x0F, 0x02, 0x11, 0x05, 0x04, 0x01, 0x02, 0x8A, 0x1B, 0x06, 0x04,
  0x02, 0x03, 0x01, 0x02, 0x96, 0x15, 0x03, 0x06, 0x01, 0x02, 0x9D, 0x17,
  0x01, 0x02, 0x9F, 0x04, 0x02, 0x12, 0xAE, 0x09, 0xB3, 0x04, 0xFF, 0x00,
  0xD1,
};

const uint8_t CAT_LEARN_3_RLE[] PROGMEM = {
  0xFF, 0x00, 0xFF, 0x00, 0xFF, 0x00, 0x3B, 0x02, 0xB1, 0x01, 0x04, 0x02,
  0x03, 0x02, 0xAC, 0x02, 0x03, 0x02, 0x03, 0x01, 0xB2, 0x03, 0xB4, 0x02,
  0x01, 0x01, 0xB4, 0x01, 0x02, 0x02, 0xB1, 0x03, 0x03, 0x03, 0xAC, 0x04,
  0x06, 0x04, 0xAB, 0x03, 0x06, 0x04, 0xAD, 0x03, 0x03, 0x02, 0xB2, 0x01,
  0x02, 0x02, 0xB3, 0x02, 0x01, 0x01, 0xA2, 0x03, 0x10, 0x03, 0xA2, 0x06,
  0x09, 0x02, 0x02, 0x02, 0x03, 0x02, 0x9D, 0x02, 0x03, 0x04, 0x07, 0x01,
  0x03, 0x02, 0x04, 0x01, 0x9D, 0x02, 0x05, 0x04, 0x0A, 0x01, 0xA2, 0x01,
  0x08, 0x03, 0x1A, 0x06, 0x8B, 0x02, 0x02, 0x01, 0x07, 0x02, 0x16, 0x07,
  0x01, 0x02, 0x8A, 0x02, 0x02, 0x02, 0x07, 0x02, 0x13, 0x04, 0x06, 0x02,
  0x8A, 0x01, 0x04, 0x01, 0x01, 0x02, 0x05, 0x02, 0x10, 0x03, 0x09, 0x02,
  0x89, 0x02, 0x04, 0x04, 0x05, 0x02, 0x0F, 0x03, 0x07, 0x02, 0x01, 0x02,
  0x89, 0x02, 0x05, 0x02, 0x07, 0x02, 0x0D, 0x02, 0x09, 0x01, 0x03, 0x01,
  0x89, 0x02, 0x02, 0x05, 0x02, 0x01, 0x04, 0x02, 0x0C, 0x02, 0x05, 0x01,
  0x03, 0x02, 0x03, 0x01, 0x89, 0x02, 0x03, 0x04, 0x02, 0x01, 0x04, 0x02,
  0x0C, 0x02, 0x05, 0x01, 0x02, 0x02, 0x04, 0x01, 0x89, 0x02, 0x06, 0x02,
  0x01, 0x01, 0x05, 0x0A, 0x02, 0x02, 0x06, 0x01, 0x01, 0x02, 0x05, 0x01,
  0x89, 0x02, 0x01, 0x02, 0x04, 0x03, 0x02, 0x01, 0x01, 0x0F, 0x02, 0x02,
  0x02, 0x03, 0x06, 0x01, 0x89, 0x02, 0x02, 0x03, 0x02, 0x02, 0x03, 0x01,
  0x01, 0x01, 0x0B, 0x02, 0x03, 0x01, 0x03, 0x06, 0x03, 0x01, 0x89, 0x02,
  0x03, 0x06, 0x12, 0x01, 0x03, 0x01, 0x02, 0x02, 0x08, 0x01, 0x89, 0x02,
  0x07, 0x02, 0x16, 0x01, 0x01, 0x02, 0x08, 0x02, 0x8A, 0x01, 0x1F, 0x03,
  0x05, 0x02, 0x02, 0x02, 0x8A, 0x02, 0x02, 0x01, 0x1C, 0x08, 0x03, 0x02,
  0x8B, 0x02, 0x02, 0x02, 0x19, 0x02, 0x0A, 0x01, 0x8D, 0x04, 0x25, 0x02,
  0x8E, 0x02, 0x25, 0x02, 0x8E, 0x02, 0x20, 0x03, 0x02, 0x03, 0x8E, 0x02,
  0x24, 0x03, 0x8E, 0x02, 0x23, 0x03, 0x90, 0x02, 0x06, 0x03, 0x1C, 0x02,
  0x8E, 0x02, 0x19, 0x01, 0x0C, 0x02, 0x8E, 0x02, 0x18, 0x03, 0x0C, 0x01,
  0x8E, 0x02, 0x27, 0x02, 0x8D, 0x01, 0x06, 0x03, 0x1F, 0x02, 0x8D, 0x01,
  0x04, 0x06, 0x1E, 0x02, 0x8C, 0x02, 0x03, 0x08, 0x0F, 0x03, 0x0B, 0x02,
  0x8C, 0x02, 0x03, 0x05, 0x02, 0x01, 0x0D, 0x06, 0x0A, 0x02, 0x8C, 0x02,
  0x02, 0x05, 0x03, 0x02, 0x0B, 0x02, 0x01, 0x05, 0x09, 0x02, 0x8C, 0x02,
  0x02, 0x06, 0x02, 0x02, 0x0A, 0x02, 0x03, 0x05, 0x08, 0x02, 0x8B, 0x03,
  0x02, 0x0A, 0x0A, 0x02, 0x03, 0x03, 0x01, 0x01, 0x08, 0x02, 0x8A, 0x03,
  0x03, 0x0A, 0x0A, 0x03, 0x01, 0x04, 0x01, 0x02, 0x07, 0x02, 0x8B, 0x01,
  0x04, 0x01, 0x01, 0x01, 0x02, 0x04, 0x0B, 0x0B, 0x07, 0x01, 0x09, 0x04,
  0x7F, 0x02, 0x04, 0x08, 0x03, 0x02, 0x06, 0x08, 0x01, 0x02, 0x06, 0x02,
  0x07, 0x08, 0x7D, 0x04, 0x03, 0x06, 0x04, 0x02, 0x06, 0x05, 0x01, 0x02,
  0x01, 0x01, 0x07, 0x02, 0x05, 0x03, 0x06, 0x03, 0x7A, 0x03, 0x07, 0x02,
  0x0E, 0x05, 0x01, 0x03, 0x07, 0x02, 0x05, 0x02, 0x0A, 0x02, 0x7B, 0x03,
  0x0B, 0x04, 0x07, 0x07, 0x09, 0x02, 0x03, 0x02, 0x0C, 0x02, 0x7A, 0x02,
  0x0C, 0x07, 0x06, 0x04, 0x0A, 0x02, 0x03, 0x01, 0x05, 0x04, 0x05, 0x01,
  0x7B, 0x02, 0x0C, 0x02, 0x02, 0x01, 0x0D, 0x04, 0x03, 0x02, 0x03, 0x02,
  0x04, 0x06, 0x04, 0x02, 0x7B, 0x02, 0x0B, 0x01, 0x03, 0x01, 0x10, 0x01,
  0x02, 0x02, 0x04, 0x02, 0x03, 0x02, 0x04, 0x02, 0x04, 0x01, 0x7C, 0x03,
  0x09, 0x02, 0x01, 0x02, 0x0D, 0x02, 0x04, 0x02, 0x04, 0x01, 0x03, 0x04,
  0x04, 0x02, 0x03, 0x02, 0x7D, 0x03, 0x08, 0x03, 0x0F, 0x02, 0x01, 0x04,
  0x03, 0x02, 0x03, 0x05, 0x03, 0x02, 0x03, 0x02, 0x7E, 0x04, 0x19, 0x04,
  0x05, 0x02, 0x03, 0x03, 0x01, 0x02, 0x03, 0x01, 0x03, 0x02, 0x80, 0x05,
  0x14, 0x04, 0x07, 0x02, 0x03, 0x02, 0x01, 0x01, 0x01, 0x02, 0x02, 0x02,
  0x03, 0x01, 0x80, 0x02, 0x01, 0x02, 0x10, 0x06, 0x01, 0x02, 0x07, 0x01,
  0x03, 0x04, 0x02, 0x01, 0x02, 0x02, 0x03, 0x01, 0x80, 0x01, 0x0F, 0x08,
  0x05, 0x03, 0x05, 0x02, 0x02, 0x02, 0x01, 0x02, 0x01, 0x01, 0x02, 0x02,
  0x03, 0x01, 0x80, 0x03, 0x12, 0x01, 0x09, 0x03, 0x03, 0x02, 0x02, 0x02,
  0x01, 0x02, 0x01, 0x01, 0x02, 0x01, 0x03, 0x02, 0x80, 0x02, 0x12, 0x02,
  0x0A, 0x03, 0x03, 0x02, 0x02, 0x02, 0x02, 0x02, 0x01, 0x02, 0x03, 0x02,
  0x81, 0x01, 0x11, 0x02, 0x0D, 0x02, 0x03, 0x02, 0x02, 0x02, 0x01, 0x01,
  0x02, 0x02, 0x03, 0x02, 0x81, 0x01, 0x0E, 0x01, 0x01, 0x02, 0x0F, 0x02,
  0x03, 0x07, 0x01, 0x02, 0x04, 0x01, 0x82, 0x02, 0x01, 0x01, 0x0A, 0x04,
  0x11, 0x01, 0x05, 0x04, 0x02, 0x02, 0x03, 0x02, 0x83, 0x03, 0x06, 0x01,
  0x02, 0x04, 0x12, 0x02, 0x09, 0x02, 0x04, 0x02, 0x83, 0x04, 0x05, 0x04,
  0x16, 0x02, 0x06, 0x03, 0x04, 0x02, 0x84, 0x02, 0x01, 0x02, 0x03, 0x01,
  0x1A, 0x0A, 0x05, 0x01, 0x86, 0x01, 0x02, 0x02, 0x01, 0x01, 0x10, 0x01,
  0x0A, 0x08, 0x06, 0x02, 0x86, 0x01, 0x03, 0x02, 0x10, 0x02, 0x0B, 0x01,
  0x0B, 0x02, 0x87, 0x02, 0x06, 0x02, 0x09, 0x01, 0x02, 0x01, 0x0C, 0x01,
  0x09, 0x03, 0x88, 0x02, 0x04, 0x04, 0x08, 0x02, 0x01, 0x02, 0x0C, 0x01,
  0x07, 0x04, 0x89, 0x02, 0x05, 0x03, 0x08, 0x02, 0x01, 0x02, 0x0C, 0x0A,
  0x8C, 0x01, 0x06, 0x02, 0x08, 0x02, 0x01, 0x02, 0x0C, 0x08, 0x8E, 0x02,
  0x05, 0x02, 0x08, 0x01, 0x02, 0x02, 0x0B, 0x02, 0x95, 0x02, 0x05, 0x02,
  0x07, 0x02, 0x03, 0x01, 0x0B, 0x02, 0x94, 0x02, 0x06, 0x01, 0x08, 0x02,
  0x02, 0x04, 0x08, 0x02, 0x95, 0x01, 0x01, 0x01, 0x04, 0x02, 0x08, 0x01,
  0x02, 0x02, 0x02, 0x02, 0x07, 0x01, 0x96, 0x03, 0x01, 0x01, 0x02, 0x01,
  0x08, 0x05, 0x0B, 0x02, 0x8B, 0x09, 0x02, 0x03, 0x01, 0x01, 0x01, 0x04,
  0x01, 0x01, 0x04, 0x01, 0x02, 0x03, 0x02, 0x01, 0x06, 0x02, 0x89, 0x07,
  0x02, 0x12, 0x02, 0x02, 0x03, 0x02, 0x01, 0x02, 0x04, 0x03, 0x89, 0x02,
  0x0C, 0x03, 0x02, 0x0D, 0x03, 0x0B, 0x89, 0x02, 0x02, 0x01, 0x07, 0x02,
  0x03, 0x05, 0x0A, 0x03, 0x03, 0x06, 0x8B, 0x02, 0x02, 0x01, 0x01, 0x04,
  0x05, 0x01, 0x03, 0x02, 0x03, 0x07, 0x04, 0x03, 0x91, 0x02, 0x0B, 0x02,
  0x04, 0x02, 0x11, 0x02, 0x8F, 0x02, 0x08, 0x03, 0x06, 0x02, 0x05, 0x07,
  0x06, 0x02, 0x8E, 0x02, 0x0D, 0x01, 0x04, 0x01, 0x06, 0x01, 0x04, 0x04,
  0x03, 0x04, 0x8C, 0x02, 0x0A, 0x02, 0x06, 0x02, 0x05, 0x06, 0x02, 0x01,
  0x04, 0x01, 0x01, 0x03, 0x8A, 0x02, 0x0D, 0x02, 0x03, 0x02, 0x05, 0x03,
  0x04, 0x02, 0x04, 0x03, 0x01, 0x02, 0x8A, 0x0D, 0x06, 0x02, 0x08, 0x06,
  0x04, 0x02, 0x01, 0x03, 0x8A, 0x05, 0x07, 0x04, 0x04, 0x01, 0x12, 0x02,
  0x01, 0x01, 0x01, 0x01, 0x8B, 0x0A, 0x05, 0x02, 0x02, 0x01, 0x03, 0x07,
  0x09, 0x01, 0x01, 0x01, 0x01, 0x02, 0x8A, 0x0F, 0x01, 0x13, 0x04, 0x03,
  0x01, 0x02, 0x8B, 0x1B, 0x06, 0x04, 0x01, 0x03, 0x01, 0x02, 0x99, 0x14,
  0x01, 0x09, 0x9E, 0x17, 0x01, 0x01, 0xA0, 0x04, 0x04, 0x0D, 0x01, 0x02,
  0xAE, 0x09, 0xB3, 0x04, 0xFF, 0x00, 0xCC,
};

const uint8_t CAT_PET_0_RLE[] PROGMEM = {
  0xFF, 0x00, 0xFF, 0x00, 0xFF, 0x00, 0xFF, 0x00, 0xFF, 0x00, 0xFF, 0x00,
  0xFF, 0x00, 0xFF, 0x00, 0x2F, 0x03, 0xB6, 0x04, 0xB6, 0x06, 0x02, 0x0D,
  0xA6, 0x17, 0xB5, 0x05, 0xB7, 0x02, 0xB7, 0x03, 0xB6, 0x03, 0xB7, 0x02,
  0xAA, 0x07, 0x06, 0x02, 0xA8, 0x0A, 0x05, 0x02, 0xA5, 0x07, 0x04, 0x03,
  0x03, 0x02, 0x8B, 0x06, 0x13, 0x03, 0x04, 0x03, 0x03, 0x03, 0x03, 0x02,
  0x8D, 0x06, 0x0E, 0x08, 0x03, 0x02, 0x04, 0x05, 0x92, 0x03, 0x0E, 0x03,
  0x02, 0x04, 0x02, 0x02, 0x03, 0x05, 0x94, 0x03, 0x0E, 0x03, 0x02, 0x03,
  0x02, 0x02, 0x03, 0x01, 0x98, 0x03, 0x0F, 0x03, 0x02, 0x01, 0x03, 0x02,
  0x02, 0x02, 0x99, 0x04, 0x0E, 0x02, 0x02, 0x02, 0x01, 0x05, 0x9C, 0x09,
  0x07, 0x02, 0x03, 0x03, 0x02, 0x01, 0xA0, 0x0A, 0x03, 0x02, 0xB0, 0x07,
  0xB5, 0x02, 0x20, 0x02, 0xB3, 0x06, 0xB0, 0x04, 0x03, 0x01, 0xAE, 0x04,
  0x05, 0x02, 0xAC, 0x03, 0x05, 0x01, 0x01, 0x02, 0xAB, 0x02, 0x06, 0x02,
  0x01, 0x02, 0x85, 0x08, 0x1D, 0x02, 0x06, 0x02, 0x02, 0x02, 0x85, 0x0B,
  0x19, 0x02, 0x04, 0x01, 0x02, 0x01, 0x04, 0x01, 0x84, 0x02, 0x08, 0x04,
  0x16, 0x02, 0x05, 0x01, 0x01, 0x02, 0x04, 0x01, 0x84, 0x02, 0x02, 0x01,
  0x07, 0x03, 0x15, 0x01, 0x06, 0x01, 0x01, 0x01, 0x05, 0x01, 0x84, 0x02,
  0x02, 0x02, 0x08, 0x02, 0x0A, 0x08, 0x01, 0x02, 0x06, 0x06, 0x02, 0x02,
  0x83, 0x02, 0x03, 0x02, 0x02, 0x02, 0x04, 0x02, 0x05, 0x0F, 0x06, 0x04,
  0x04, 0x02, 0x83, 0x02, 0x04, 0x02, 0x02, 0x01, 0x05, 0x02, 0x02, 0x05,
  0x0A, 0x02, 0x02, 0x02, 0x01, 0x02, 0x07, 0x01, 0x84, 0x02, 0x05, 0x02,
  0x01, 0x01, 0x06, 0x04, 0x13, 0x01, 0x01, 0x01, 0x08, 0x01, 0x84, 0x02,
  0x06, 0x03, 0x03, 0x01, 0x02, 0x02, 0x16, 0x02, 0x05, 0x01, 0x01, 0x02,
  0x84, 0x02, 0x03, 0x06, 0x03, 0x02, 0x02, 0x01, 0x18, 0x06, 0x01, 0x02,
  0x04, 0x01, 0x7A, 0x01, 0x05, 0x01, 0x08, 0x02, 0x02, 0x02, 0x1D, 0x01,
  0x04, 0x02, 0x02, 0x03, 0x7A, 0x02, 0x04, 0x01, 0x09, 0x02, 0x01, 0x01,
  0x1E, 0x02, 0x02, 0x02, 0x03, 0x01, 0x7D, 0x02, 0x03, 0x02, 0x09, 0x02,
  0x19, 0x01, 0x06, 0x02, 0x01, 0x02, 0x86, 0x02, 0x03, 0x01, 0x02, 0x05,
  0x18, 0x03, 0x06, 0x03, 0x05, 0x03, 0x80, 0x01, 0x03, 0x06, 0x24, 0x01,
  0x06, 0x03, 0x77, 0x05, 0x04, 0x02, 0x26, 0x01, 0x05, 0x02, 0x89, 0x02,
  0x05, 0x01, 0x0A, 0x03, 0x10, 0x06, 0x03, 0x02, 0x88, 0x02, 0x03, 0x03,
  0x0A, 0x01, 0x11, 0x08, 0x02, 0x02, 0x81, 0x02, 0x06, 0x02, 0x21, 0x03,
  0x02, 0x04, 0x02, 0x01, 0x80, 0x02, 0x08, 0x05, 0x0B, 0x04, 0x0D, 0x04,
  0x02, 0x04, 0x02, 0x02, 0x8B, 0x02, 0x0B, 0x07, 0x0B, 0x0A, 0x02, 0x02,
  0x8C, 0x01, 0x0A, 0x05, 0x01, 0x03, 0x0B, 0x09, 0x02, 0x02, 0x8B, 0x02,
  0x09, 0x05, 0x03, 0x02, 0x0B, 0x09, 0x03, 0x02, 0x8A, 0x02, 0x09, 0x01,
  0x01, 0x04, 0x02, 0x02, 0x0B, 0x08, 0x05, 0x03, 0x88, 0x02, 0x08, 0x02,
  0x01, 0x09, 0x0B, 0x06, 0x04, 0x04, 0x89, 0x02, 0x08, 0x02, 0x01, 0x09,
  0x05, 0x03, 0x04, 0x04, 0x04, 0x01, 0x02, 0x01, 0x8B, 0x01, 0x08, 0x02,
  0x01, 0x09, 0x05, 0x02, 0x10, 0x02, 0x8A, 0x02, 0x07, 0x02, 0x02, 0x07,
  0x0A, 0x01, 0x0A, 0x07, 0x88, 0x02, 0x08, 0x01, 0x02, 0x07, 0x06, 0x05,
  0x0C, 0x02, 0x8B, 0x02, 0x0C, 0x05, 0x04, 0x07, 0x0D, 0x02, 0x8C, 0x01,
  0x17, 0x01, 0x02, 0x02, 0x0C, 0x02, 0x8C, 0x02, 0x05, 0x04, 0x0E, 0x01,
  0x03, 0x01, 0x0C, 0x01, 0x8D, 0x03, 0x03, 0x03, 0x10, 0x02, 0x01, 0x02,
  0x0B, 0x02, 0x8E, 0x02, 0x07, 0x01, 0x0F, 0x03, 0x0B, 0x02, 0x8F, 0x03,
  0x04, 0x03, 0x1B, 0x03, 0x91, 0x03, 0x02, 0x02, 0x1C, 0x03, 0x87, 0x03,
  0x09, 0x05, 0x1B, 0x03, 0x86, 0x09, 0x07, 0x04, 0x1A, 0x04, 0x84, 0x04,
  0x05, 0x03, 0x07, 0x05, 0x1B, 0x02, 0x82, 0x03, 0x09, 0x02, 0x09, 0x09,
  0x15, 0x01, 0x81, 0x02, 0x0C, 0x02, 0x08, 0x02, 0x02, 0x07, 0x11, 0x03,
  0x81, 0x01, 0x05, 0x05, 0x04, 0x02, 0x07, 0x02, 0x03, 0x02, 0x15, 0x03,
  0x80, 0x02, 0x04, 0x07, 0x03, 0x02, 0x06, 0x02, 0x04, 0x02, 0x16, 0x01,
  0x80, 0x02, 0x04, 0x02, 0x05, 0x02, 0x03, 0x01, 0x05, 0x02, 0x05, 0x02,
  0x01, 0x01, 0x14, 0x01, 0x80, 0x02, 0x03, 0x02, 0x07, 0x01, 0x03, 0x02,
  0x03, 0x02, 0x07, 0x04, 0x10, 0x04, 0x80, 0x01, 0x04, 0x01, 0x05, 0x05,
  0x02, 0x02, 0x02, 0x02, 0x09, 0x03, 0x02, 0x01, 0x0D, 0x04, 0x80, 0x01,
  0x03, 0x02, 0x03, 0x07, 0x02, 0x01, 0x02, 0x02, 0x0C, 0x04, 0x0D, 0x04,
  0x7F, 0x02, 0x03, 0x02, 0x03, 0x02, 0x01, 0x04, 0x01, 0x02, 0x01, 0x02,
  0x0F, 0x04, 0x08, 0x01, 0x01, 0x02, 0x01, 0x02, 0x7F, 0x02, 0x03, 0x02,
  0x02, 0x02, 0x01, 0x02, 0x01, 0x02, 0x01, 0x04, 0x13, 0x03, 0x06, 0x03,
  0x02, 0x01, 0x80, 0x02, 0x03, 0x02, 0x02, 0x01, 0x01, 0x03, 0x01, 0x01,
  0x01, 0x02, 0x01, 0x01, 0x16, 0x02, 0x05, 0x02, 0x03, 0x01, 0x80, 0x02,
  0x03, 0x02, 0x02, 0x01, 0x01, 0x01, 0x02, 0x02, 0x01, 0x04, 0x17, 0x01,
  0x04, 0x02, 0x03, 0x02, 0x81, 0x01, 0x04, 0x01, 0x02, 0x02, 0x01, 0x06,
  0x01, 0x02, 0x1B, 0x02, 0x04, 0x02, 0x81, 0x01, 0x04, 0x02, 0x01, 0x08,
  0x01, 0x02, 0x22, 0x02, 0x81, 0x02, 0x03, 0x02, 0x01, 0x06, 0x03, 0x02,
  0x0B, 0x01, 0x16, 0x02, 0x81, 0x02, 0x04, 0x02, 0x09, 0x02, 0x0B, 0x01,
  0x0B, 0x02, 0x03, 0x01, 0x05, 0x01, 0x83, 0x02, 0x04, 0x03, 0x06, 0x03,
  0x0B, 0x02, 0x0A, 0x02, 0x02, 0x02, 0x04, 0x02, 0x83, 0x02, 0x06, 0x0A,
  0x0B, 0x02, 0x0A, 0x01, 0x01, 0x03, 0x05, 0x02, 0x84, 0x02, 0x07, 0x04,
  0x02, 0x02, 0x0C, 0x01, 0x0A, 0x04, 0x06, 0x02, 0x85, 0x02, 0x0C, 0x02,
  0x0C, 0x01, 0x0A, 0x02, 0x08, 0x01, 0x87, 0x03, 0x0A, 0x02, 0x0C, 0x02,
  0x09, 0x02, 0x07, 0x02, 0x88, 0x05, 0x05, 0x05, 0x08, 0x05, 0x09, 0x03,
  0x06, 0x02, 0x8A, 0x0D, 0x06, 0x07, 0x09, 0x03, 0x06, 0x02, 0x96, 0x02,
  0x0B, 0x02, 0x08, 0x03, 0x07, 0x02, 0x95, 0x02, 0x0A, 0x01, 0x01, 0x01,
  0x09, 0x02, 0x06, 0x03, 0x96, 0x02, 0x06, 0x02, 0x01, 0x04, 0x04, 0x01,
  0x01, 0x01, 0x01, 0x02, 0x04, 0x01, 0x01, 0x03, 0x97, 0x04, 0x03, 0x02,
  0x01, 0x05, 0x03, 0x01, 0x02, 0x05, 0x02, 0x01, 0x01, 0x03, 0x99, 0x0A,
  0x01, 0x04, 0x01, 0x01, 0x01, 0x03, 0x01, 0x08, 0x9E, 0x03, 0x06, 0x07,
  0xFF, 0x00, 0xC2,
};

const uint8_t CAT_PET_1_RLE[] PROGMEM = {
  0xFF, 0x00, 0xFF, 0x00, 0xFF, 0x00, 0xFF, 0x00, 0xFF, 0x00, 0xFF, 0x00,
  0xFF, 0x00, 0xFF, 0x00, 0x44, 0x01, 0xB7, 0x02, 0xB7, 0x01, 0xB7, 0x02,
  0xB7, 0x01, 0xA7, 0x01, 0x0F, 0x02, 0xA7, 0x01, 0x0F, 0x01, 0xA7, 0x02,
  0x0E, 0x02, 0xA7, 0x02, 0x0E, 0x01, 0xA8, 0x01, 0x0E, 0x02, 0xA7, 0x02,
  0x0E, 0x01, 0xA8, 0x02, 0x0D, 0x02, 0xA8, 0x01, 0x0E, 0x02, 0xA7, 0x02,
  0x0E, 0x02, 0xA7, 0x02, 0x0E, 0x03, 0xA6, 0x02, 0x0F, 0x03, 0xA4, 0x02,
  0x11, 0x03, 0xA3, 0x02, 0x11, 0x04, 0xA2, 0x01, 0x13, 0x03, 0xA1, 0x02,
  0x14, 0x03, 0xA0, 0x01, 0x16, 0x02, 0x9F, 0x02, 0x16, 0x02, 0x9E, 0x02,
  0x17, 0x02, 0x9E, 0x02, 0x14, 0x01, 0x01, 0x03, 0x9D, 0x02, 0x14, 0x02,
  0x01, 0x03, 0x9D, 0x02, 0x10, 0x02, 0x02, 0x02, 0x01, 0x02, 0x0E, 0x03,
  0x8C, 0x02, 0x08, 0x01, 0x08, 0x01, 0x03, 0x04, 0x0A, 0x08, 0x8C, 0x02,
  0x07, 0x04, 0x06, 0x01, 0x03, 0x01, 0x01, 0x02, 0x06, 0x06, 0x03, 0x02,
  0x8D, 0x02, 0x06, 0x05, 0x05, 0x02, 0x02, 0x04, 0x04, 0x04, 0x08, 0x01,
  0x7E, 0x0C, 0x04, 0x02, 0x06, 0x01, 0x02, 0x03, 0x04, 0x02, 0x02, 0x01,
  0x01, 0x01, 0x03, 0x03, 0x07, 0x01, 0x02, 0x01, 0x7E, 0x03, 0x06, 0x05,
  0x03, 0x03, 0x04, 0x02, 0x03, 0x02, 0x04, 0x01, 0x02, 0x04, 0x01, 0x02,
  0x08, 0x02, 0x02, 0x01, 0x7D, 0x02, 0x0B, 0x04, 0x02, 0x03, 0x04, 0x07,
  0x03, 0x02, 0x01, 0x06, 0x04, 0x01, 0x03, 0x02, 0x02, 0x02, 0x7D, 0x02,
  0x02, 0x02, 0x09, 0x03, 0x03, 0x02, 0x04, 0x06, 0x03, 0x02, 0x02, 0x04,
  0x05, 0x01, 0x02, 0x02, 0x03, 0x02, 0x7D, 0x02, 0x03, 0x02, 0x03, 0x01,
  0x06, 0x02, 0x02, 0x03, 0x03, 0x02, 0x03, 0x02, 0x03, 0x02, 0x01, 0x03,
  0x06, 0x01, 0x01, 0x02, 0x04, 0x02, 0x7E, 0x01, 0x04, 0x02, 0x02, 0x01,
  0x07, 0x07, 0x02, 0x02, 0x04, 0x02, 0x02, 0x02, 0x01, 0x02, 0x07, 0x03,
  0x05, 0x02, 0x7E, 0x01, 0x05, 0x05, 0x06, 0x02, 0x04, 0x05, 0x05, 0x02,
  0x02, 0x04, 0x03, 0x01, 0x03, 0x06, 0x02, 0x02, 0x7E, 0x02, 0x06, 0x03,
  0x03, 0x03, 0x01, 0x01, 0x05, 0x03, 0x07, 0x06, 0x04, 0x01, 0x02, 0x02,
  0x07, 0x02, 0x7E, 0x02, 0x03, 0x06, 0x03, 0x03, 0x12, 0x02, 0x07, 0x04,
  0x08, 0x01, 0x7F, 0x02, 0x04, 0x02, 0x02, 0x02, 0x02, 0x01, 0x1F, 0x01,
  0x08, 0x02, 0x80, 0x01, 0x09, 0x02, 0x01, 0x01, 0x20, 0x06, 0x02, 0x02,
  0x80, 0x02, 0x09, 0x02, 0x22, 0x04, 0x02, 0x02, 0x81, 0x02, 0x06, 0x05,
  0x28, 0x02, 0x82, 0x02, 0x02, 0x05, 0x26, 0x01, 0x03, 0x02, 0x83, 0x02,
  0x25, 0x02, 0x06, 0x02, 0x01, 0x02, 0x85, 0x02, 0x05, 0x02, 0x1D, 0x02,
  0x07, 0x03, 0x87, 0x02, 0x02, 0x03, 0x0D, 0x01, 0x19, 0x02, 0x89, 0x03,
  0x0F, 0x02, 0x1A, 0x02, 0x89, 0x04, 0x0D, 0x01, 0x1B, 0x02, 0x8B, 0x02,
  0x29, 0x02, 0x8B, 0x02, 0x2A, 0x01, 0x8B, 0x02, 0x21, 0x04, 0x05, 0x01,
  0x8B, 0x01, 0x20, 0x09, 0x02, 0x01, 0x8B, 0x02, 0x1E, 0x04, 0x02, 0x04,
  0x02, 0x02, 0x8A, 0x02, 0x0D, 0x06, 0x0B, 0x08, 0x05, 0x02, 0x89, 0x02,
  0x09, 0x0A, 0x0C, 0x07, 0x03, 0x05, 0x88, 0x02, 0x09, 0x06, 0x02, 0x02,
  0x07, 0x01, 0x04, 0x06, 0x03, 0x04, 0x8B, 0x01, 0x08, 0x0B, 0x06, 0x03,
  0x04, 0x03, 0x08, 0x02, 0x8A, 0x02, 0x07, 0x02, 0x01, 0x08, 0x07, 0x01,
  0x0D, 0x06, 0x88, 0x02, 0x0C, 0x06, 0x08, 0x01, 0x02, 0x01, 0x0C, 0x05,
  0x87, 0x03, 0x15, 0x08, 0x0C, 0x01, 0x8C, 0x02, 0x04, 0x05, 0x0D, 0x02,
  0x02, 0x02, 0x0C, 0x02, 0x8C, 0x02, 0x04, 0x02, 0x11, 0x01, 0x02, 0x02,
  0x0B, 0x02, 0x8E, 0x03, 0x06, 0x01, 0x0E, 0x04, 0x0B, 0x02, 0x80, 0x06,
  0x0A, 0x02, 0x04, 0x02, 0x10, 0x02, 0x0B, 0x02, 0x7F, 0x0A, 0x08, 0x03,
  0x02, 0x02, 0x1C, 0x03, 0x7E, 0x03, 0x08, 0x02, 0x08, 0x04, 0x1C, 0x04,
  0x7E, 0x03, 0x0A, 0x02, 0x09, 0x04, 0x18, 0x04, 0x7F, 0x02, 0x0D, 0x02,
  0x0A, 0x05, 0x18, 0x02, 0x7E, 0x02, 0x04, 0x06, 0x04, 0x02, 0x08, 0x02,
  0x02, 0x08, 0x13, 0x02, 0x7C, 0x02, 0x04, 0x03, 0x03, 0x02, 0x03, 0x02,
  0x06, 0x03, 0x05, 0x02, 0x01, 0x02, 0x13, 0x03, 0x7C, 0x01, 0x04, 0x02,
  0x06, 0x02, 0x02, 0x02, 0x05, 0x03, 0x06, 0x02, 0x16, 0x02, 0x7C, 0x02,
  0x04, 0x01, 0x07, 0x02, 0x02, 0x02, 0x04, 0x02, 0x08, 0x02, 0x16, 0x02,
  0x7C, 0x02, 0x03, 0x02, 0x04, 0x05, 0x02, 0x02, 0x03, 0x02, 0x0A, 0x03,
  0x12, 0x01, 0x01, 0x02, 0x7C, 0x02, 0x03, 0x02, 0x03, 0x02, 0x02, 0x02,
  0x02, 0x02, 0x02, 0x02, 0x0C, 0x03, 0x11, 0x03, 0x7D, 0x02, 0x03, 0x01,
  0x03, 0x02, 0x01, 0x04, 0x02, 0x02, 0x01, 0x02, 0x0F, 0x04, 0x0D, 0x04,
  0x7D, 0x01, 0x04, 0x01, 0x02, 0x02, 0x01, 0x03, 0x01, 0x01, 0x02, 0x01,
  0x01, 0x02, 0x12, 0x03, 0x0C, 0x01, 0x01, 0x02, 0x7D, 0x02, 0x03, 0x01,
  0x02, 0x02, 0x01, 0x01, 0x02, 0x02, 0x01, 0x02, 0x01, 0x02, 0x14, 0x04,
  0x06, 0x01, 0x01, 0x02, 0x01, 0x02, 0x7D, 0x02, 0x03, 0x02, 0x01, 0x04,
  0x01, 0x02, 0x01, 0x02, 0x01, 0x02, 0x17, 0x03, 0x05, 0x03, 0x02, 0x02,
  0x7D, 0x02, 0x03, 0x02, 0x02, 0x08, 0x02, 0x02, 0x19, 0x01, 0x04, 0x03,
  0x03, 0x01, 0x7E, 0x02, 0x04, 0x01, 0x02, 0x07, 0x03, 0x01, 0x1E, 0x02,
  0x04, 0x02, 0x7F, 0x01, 0x04, 0x02, 0x01, 0x05, 0x04, 0x02, 0x0C, 0x01,
  0x11, 0x01, 0x05, 0x02, 0x7F, 0x02, 0x04, 0x02, 0x09, 0x02, 0x0C, 0x02,
  0x0B, 0x01, 0x0A, 0x02, 0x80, 0x01, 0x05, 0x04, 0x04, 0x04, 0x0C, 0x02,
  0x0B, 0x01, 0x03, 0x02, 0x05, 0x01, 0x81, 0x02, 0x06, 0x0A, 0x0D, 0x01,
  0x0B, 0x01, 0x01, 0x03, 0x05, 0x02, 0x82, 0x02, 0x0D, 0x02, 0x0D, 0x01,
  0x0B, 0x03, 0x07, 0x02, 0x83, 0x02, 0x0C, 0x02, 0x0D, 0x02, 0x09, 0x03,
  0x08, 0x02, 0x84, 0x03, 0x0A, 0x02, 0x0C, 0x03, 0x09, 0x04, 0x07, 0x01,
  0x87, 0x0E, 0x08, 0x06, 0x09, 0x04, 0x06, 0x02, 0x89, 0x08, 0x01, 0x04,
  0x06, 0x08, 0x08, 0x04, 0x06, 0x02, 0x93, 0x03, 0x0B, 0x03, 0x09, 0x03,
  0x07, 0x02, 0x93, 0x02, 0x0A, 0x01, 0x01, 0x02, 0x09, 0x03, 0x06, 0x01,
  0x01, 0x01, 0x94, 0x03, 0x06, 0x01, 0x02, 0x04, 0x04, 0x01, 0x02, 0x01,
  0x01, 0x03, 0x03, 0x01, 0x01, 0x03, 0x95, 0x05, 0x03, 0x01, 0x01, 0x03,
  0x01, 0x02, 0x03, 0x02, 0x01, 0x06, 0x02, 0x01, 0x01, 0x03, 0x97, 0x0A,
  0x03, 0x03, 0x01, 0x06, 0x01, 0x08, 0xA6, 0x08, 0xFF, 0x00, 0xC3,
};

const uint8_t CAT_PET_2_RLE[] PROGMEM = {
  0xFF, 0x00, 0xFF, 0x00, 0xFF, 0x00, 0xFF, 0x00, 0xFF, 0x00, 0xFF, 0x00,
  0xFF, 0x00, 0xFF, 0x00, 0xFF, 0x00, 0xFF, 0x00, 0xFF, 0x00, 0xCE, 0x02,
  0xB7, 0x01, 0xB7, 0x02, 0xB7, 0x02, 0xB7, 0x02, 0xB6, 0x02, 0xB7, 0x02,
  0xB7, 0x02, 0xA4, 0x01, 0x12, 0x02, 0xA4, 0x02, 0x11, 0x02, 0xA4, 0x02,
  0x10, 0x03, 0xA4, 0x02, 0x11, 0x03, 0xA3, 0x02, 0x11, 0x04, 0xA2, 0x02,
  0x12, 0x04, 0xA1, 0x03, 0x13, 0x03, 0xA0, 0x03, 0x14, 0x03, 0xA0, 0x02,
  0x15, 0x03, 0x9F, 0x02, 0x16, 0x03, 0x9E, 0x02, 0x16, 0x03, 0x94, 0x04,
  0x06, 0x02, 0x17, 0x03, 0x92, 0x07, 0x03, 0x02, 0x19, 0x02, 0x90, 0x02,
  0x04, 0x04, 0x02, 0x02, 0x0D, 0x01, 0x08, 0x02, 0x01, 0x02, 0x8F, 0x02,
  0x06, 0x03, 0x02, 0x02, 0x0C, 0x02, 0x08, 0x02, 0x01, 0x02, 0x8E, 0x02,
  0x01, 0x01, 0x06, 0x03, 0x01, 0x02, 0x0B, 0x03, 0x08, 0x02, 0x01, 0x02,
  0x8D, 0x01, 0x02, 0x02, 0x06, 0x06, 0x0B, 0x05, 0x06, 0x04, 0x8C, 0x02,
  0x03, 0x01, 0x02, 0x01, 0x04, 0x02, 0x02, 0x03, 0x0A, 0x06, 0x05, 0x04,
  0x8B, 0x02, 0x03, 0x02, 0x01, 0x01, 0x05, 0x02, 0x02, 0x04, 0x09, 0x02,
  0x01, 0x03, 0x05, 0x04, 0x03, 0x02, 0x02, 0x01, 0x82, 0x02, 0x04, 0x03,
  0x06, 0x0A, 0x07, 0x02, 0x02, 0x03, 0x04, 0x03, 0x04, 0x02, 0x01, 0x02,
  0x81, 0x02, 0x01, 0x06, 0x06, 0x05, 0x03, 0x04, 0x06, 0x01, 0x03, 0x03,
  0x03, 0x04, 0x04, 0x02, 0x01, 0x02, 0x80, 0x02, 0x02, 0x05, 0x02, 0x01,
  0x02, 0x02, 0x09, 0x04, 0x04, 0x02, 0x04, 0x02, 0x03, 0x03, 0x04, 0x02,
  0x02, 0x01, 0x80, 0x02, 0x05, 0x02, 0x01, 0x02, 0x0F, 0x03, 0x03, 0x03,
  0x04, 0x02, 0x03, 0x03, 0x04, 0x01, 0x83, 0x02, 0x06, 0x01, 0x01, 0x01,
  0x12, 0x03, 0x01, 0x05, 0x03, 0x02, 0x02, 0x02, 0x05, 0x01, 0x83, 0x02,
  0x06, 0x02, 0x14, 0x04, 0x03, 0x02, 0x02, 0x07, 0x89, 0x01, 0x02, 0x04,
  0x1E, 0x0E, 0x85, 0x02, 0x02, 0x02, 0x1F, 0x02, 0x09, 0x05, 0x83, 0x02,
  0x03, 0x01, 0x2D, 0x04, 0x82, 0x02, 0x01, 0x01, 0x30, 0x03, 0x81, 0x04,
  0x06, 0x01, 0x23, 0x02, 0x06, 0x02, 0x81, 0x02, 0x06, 0x03, 0x21, 0x02,
  0x08, 0x02, 0x05, 0x08, 0x73, 0x02, 0x24, 0x02, 0x04, 0x01, 0x02, 0x05,
  0x02, 0x02, 0x03, 0x04, 0x03, 0x04, 0x71, 0x02, 0x25, 0x01, 0x03, 0x07,
  0x04, 0x02, 0x03, 0x02, 0x09, 0x03, 0x6F, 0x02, 0x26, 0x07, 0x07, 0x02,
  0x02, 0x02, 0x0B, 0x02, 0x6F, 0x01, 0x19, 0x02, 0x0B, 0x03, 0x04, 0x03,
  0x04, 0x02, 0x02, 0x02, 0x0D, 0x02, 0x6D, 0x02, 0x1A, 0x02, 0x0C, 0x02,
  0x05, 0x01, 0x03, 0x02, 0x02, 0x02, 0x05, 0x06, 0x04, 0x02, 0x6C, 0x02,
  0x29, 0x02, 0x07, 0x02, 0x03, 0x02, 0x04, 0x02, 0x03, 0x03, 0x03, 0x02,
  0x6C, 0x02, 0x03, 0x04, 0x23, 0x03, 0x04, 0x02, 0x04, 0x01, 0x04, 0x04,
  0x04, 0x02, 0x03, 0x02, 0x6A, 0x02, 0x03, 0x07, 0x1F, 0x02, 0x02, 0x01,
  0x03, 0x02, 0x04, 0x02, 0x04, 0x05, 0x03, 0x02, 0x03, 0x02, 0x68, 0x04,
  0x03, 0x01, 0x03, 0x03, 0x25, 0x03, 0x05, 0x02, 0x04, 0x03, 0x01, 0x02,
  0x03, 0x01, 0x03, 0x02, 0x6A, 0x03, 0x08, 0x02, 0x1F, 0x07, 0x06, 0x02,
  0x04, 0x02, 0x01, 0x01, 0x01, 0x02, 0x02, 0x02, 0x02, 0x02, 0x6A, 0x01,
  0x02, 0x01, 0x0B, 0x01, 0x1C, 0x04, 0x09, 0x02, 0x04, 0x01, 0x02, 0x01,
  0x02, 0x01, 0x02, 0x02, 0x03, 0x01, 0x69, 0x02, 0x0D, 0x04, 0x05, 0x06,
  0x0F, 0x02, 0x0B, 0x02, 0x03, 0x02, 0x01, 0x03, 0x01, 0x01, 0x02, 0x02,
  0x03, 0x01, 0x67, 0x06, 0x0C, 0x02, 0x05, 0x09, 0x0D, 0x02, 0x0C, 0x01,
  0x03, 0x02, 0x01, 0x05, 0x02, 0x02, 0x02, 0x02, 0x67, 0x01, 0x02, 0x02,
  0x0A, 0x02, 0x01, 0x01, 0x0C, 0x04, 0x0C, 0x02, 0x0C, 0x02, 0x03, 0x02,
  0x01, 0x01, 0x01, 0x02, 0x02, 0x01, 0x03, 0x02, 0x6B, 0x01, 0x0B, 0x04,
  0x02, 0x01, 0x0A, 0x02, 0x0C, 0x01, 0x0D, 0x02, 0x03, 0x02, 0x01, 0x04,
  0x01, 0x02, 0x03, 0x02, 0x6B, 0x02, 0x0A, 0x07, 0x0B, 0x01, 0x0B, 0x02,
  0x0D, 0x02, 0x04, 0x02, 0x01, 0x02, 0x02, 0x02, 0x02, 0x02, 0x6D, 0x02,
  0x09, 0x02, 0x02, 0x02, 0x18, 0x02, 0x0E, 0x01, 0x05, 0x03, 0x02, 0x02,
  0x03, 0x02, 0x6E, 0x02, 0x09, 0x01, 0x02, 0x01, 0x0E, 0x05, 0x06, 0x06,
  0x0A, 0x01, 0x05, 0x02, 0x03, 0x02, 0x02, 0x02, 0x6F, 0x03, 0x08, 0x04,
  0x19, 0x08, 0x07, 0x02, 0x05, 0x02, 0x02, 0x02, 0x02, 0x02, 0x72, 0x02,
  0x08, 0x01, 0x10, 0x02, 0x07, 0x04, 0x05, 0x03, 0x05, 0x02, 0x06, 0x04,
  0x01, 0x03, 0x74, 0x03, 0x18, 0x02, 0x06, 0x02, 0x09, 0x02, 0x03, 0x02,
  0x07, 0x01, 0x01, 0x05, 0x76, 0x03, 0x18, 0x03, 0x02, 0x04, 0x0A, 0x06,
  0x06, 0x02, 0x7E, 0x04, 0x17, 0x01, 0x02, 0x02, 0x0D, 0x03, 0x08, 0x01,
  0x80, 0x05, 0x15, 0x04, 0x0F, 0x01, 0x07, 0x03, 0x7F, 0x02, 0x16, 0x06,
  0x10, 0x02, 0x07, 0x02, 0x7F, 0x02, 0x0D, 0x0C, 0x02, 0x01, 0x11, 0x01,
  0x06, 0x02, 0x80, 0x03, 0x0E, 0x05, 0x19, 0x02, 0x02, 0x04, 0x81, 0x03,
  0x12, 0x01, 0x19, 0x02, 0x02, 0x03, 0x83, 0x02, 0x11, 0x02, 0x19, 0x05,
  0x85, 0x02, 0x11, 0x02, 0x19, 0x02, 0x88, 0x02, 0x01, 0x01, 0x0C, 0x04,
  0x1A, 0x02, 0x89, 0x03, 0x0B, 0x04, 0x1B, 0x02, 0x8A, 0x03, 0x08, 0x03,
  0x11, 0x01, 0x0C, 0x02, 0x8B, 0x02, 0x08, 0x02, 0x12, 0x01, 0x0C, 0x02,
  0x8B, 0x05, 0x04, 0x02, 0x13, 0x01, 0x0C, 0x02, 0x8C, 0x05, 0x18, 0x01,
  0x0D, 0x02, 0x8B, 0x02, 0x02, 0x02, 0x04, 0x01, 0x0C, 0x01, 0x05, 0x02,
  0x0D, 0x01, 0x8B, 0x02, 0x03, 0x02, 0x03, 0x01, 0x0C, 0x01, 0x06, 0x01,
  0x0D, 0x01, 0x8B, 0x02, 0x04, 0x02, 0x02, 0x01, 0x0B, 0x02, 0x04, 0x04,
  0x0C, 0x01, 0x8C, 0x01, 0x05, 0x04, 0x0B, 0x02, 0x02, 0x04, 0x01, 0x03,
  0x09, 0x02, 0x8C, 0x02, 0x06, 0x02, 0x0B, 0x06, 0x03, 0x07, 0x05, 0x02,
  0x8C, 0x02, 0x07, 0x02, 0x09, 0x04, 0x05, 0x02, 0x03, 0x01, 0x07, 0x02,
  0x8C, 0x02, 0x07, 0x02, 0x09, 0x02, 0x07, 0x02, 0x03, 0x01, 0x07, 0x02,
  0x8C, 0x02, 0x07, 0x02, 0x09, 0x02, 0x07, 0x01, 0x03, 0x02, 0x07, 0x01,
  0x8D, 0x02, 0x07, 0x01, 0x09, 0x03, 0x01, 0x01, 0x04, 0x02, 0x02, 0x02,
  0x07, 0x02, 0x8C, 0x02, 0x07, 0x02, 0x09, 0x06, 0x01, 0x03, 0x03, 0x03,
  0x02, 0x01, 0x03, 0x02, 0x8C, 0x03, 0x01, 0x01, 0x03, 0x02, 0x09, 0x02,
  0x01, 0x07, 0x04, 0x03, 0x02, 0x01, 0x02, 0x02, 0x8D, 0x03, 0x01, 0x01,
  0x03, 0x03, 0x02, 0x01, 0x04, 0x02, 0x0E, 0x08, 0x8F, 0x0A, 0x01, 0x02,
  0x04, 0x02, 0x10, 0x05, 0x91, 0x06, 0x01, 0x05, 0x01, 0x04, 0xAF, 0x07,
  0xFF, 0x00, 0xD4,
};

const uint8_t CAT_PET_3_RLE[] PROGMEM = {
  0xFF, 0x00, 0xFF, 0x00, 0xFF, 0x00, 0x25, 0x01, 0xB7, 0x02, 0xB7, 0x02,
  0xB7, 0x03, 0xB7, 0x02, 0xB7, 0x03, 0xB7, 0x05, 0xA0, 0x01, 0x14, 0x08,
  0x9B, 0x03, 0x17, 0x06, 0x9A, 0x02, 0x1A, 0x05, 0x98, 0x03, 0x1B, 0x03,
  0x99, 0x03, 0x1B, 0x03, 0x98, 0x03, 0x1C, 0x02, 0x99, 0x02, 0x1C, 0x02,
  0x99, 0x02, 0x13, 0x02, 0x07, 0x02, 0x99, 0x02, 0x10, 0x08, 0x04, 0x02,
  0x99, 0x02, 0x0C, 0x07, 0x02, 0x03, 0x04, 0x02, 0x99, 0x02, 0x0B, 0x03,
  0x02, 0x04, 0x02, 0x03, 0x03, 0x02, 0x99, 0x02, 0x0C, 0x03, 0x03, 0x02,
  0x03, 0x02, 0x03, 0x01, 0x9A, 0x03, 0x0B, 0x03, 0x03, 0x02, 0x03, 0x05,
  0x9C, 0x05, 0x09, 0x02, 0x03, 0x02, 0x02, 0x05, 0x9E, 0x07, 0x06, 0x03,
  0x02, 0x02, 0x01, 0x02, 0xA5, 0x06, 0x03, 0x0A, 0xA9, 0x07, 0x01, 0x03,
  0xAF, 0x04, 0xFF, 0x00, 0xFF, 0x00, 0xFF, 0x00, 0xFF, 0x00, 0xFF, 0x00,
  0xAF, 0x07, 0xB1, 0x02, 0x01, 0x07, 0x23, 0x07, 0x84, 0x01, 0x07, 0x04,
  0x1E, 0x0B, 0x82, 0x02, 0x09, 0x03, 0x1B, 0x05, 0x06, 0x02, 0x82, 0x02,
  0x02, 0x01, 0x08, 0x02, 0x19, 0x03, 0x09, 0x02, 0x82, 0x02, 0x02, 0x02,
  0x08, 0x02, 0x16, 0x03, 0x08, 0x02, 0x01, 0x02, 0x82, 0x02, 0x03, 0x02,
  0x01, 0x02, 0x05, 0x02, 0x14, 0x03, 0x08, 0x02, 0x02, 0x02, 0x82, 0x02,
  0x04, 0x01, 0x01, 0x02, 0x06, 0x02, 0x03, 0x0B, 0x04, 0x02, 0x06, 0x01,
  0x02, 0x02, 0x03, 0x02, 0x82, 0x02, 0x05, 0x03, 0x07, 0x12, 0x01, 0x02,
  0x05, 0x02, 0x01, 0x02, 0x04, 0x02, 0x82, 0x02, 0x02, 0x06, 0x03, 0x01,
  0x03, 0x03, 0x0C, 0x05, 0x06, 0x04, 0x05, 0x02, 0x82, 0x02, 0x03, 0x05,
  0x03, 0x01, 0x02, 0x02, 0x11, 0x01, 0x03, 0x01, 0x03, 0x03, 0x02, 0x02,
  0x02, 0x02, 0x82, 0x02, 0x07, 0x02, 0x02, 0x01, 0x15, 0x01, 0x02, 0x02,
  0x03, 0x06, 0x03, 0x02, 0x82, 0x02, 0x08, 0x01, 0x01, 0x02, 0x19, 0x01,
  0x02, 0x02, 0x08, 0x02, 0x82, 0x02, 0x08, 0x02, 0x1B, 0x01, 0x01, 0x02,
  0x09, 0x02, 0x83, 0x01, 0x02, 0x08, 0x1C, 0x02, 0x0A, 0x01, 0x05, 0x01,
  0x7E, 0x02, 0x03, 0x03, 0x1F, 0x09, 0x02, 0x02, 0x04, 0x03, 0x7D, 0x02,
  0x29, 0x04, 0x03, 0x02, 0x03, 0x02, 0x01, 0x04, 0x7B, 0x02, 0x02, 0x03,
  0x29, 0x02, 0x04, 0x02, 0x02, 0x04, 0x7A, 0x02, 0x02, 0x02, 0x23, 0x02,
  0x05, 0x02, 0x04, 0x02, 0x05, 0x01, 0x7B, 0x02, 0x26, 0x04, 0x02, 0x02,
  0x06, 0x01, 0x04, 0x02, 0x7C, 0x03, 0x29, 0x02, 0x07, 0x01, 0x02, 0x03,
  0x7E, 0x02, 0x07, 0x03, 0x1C, 0x04, 0x08, 0x04, 0x7F, 0x02, 0x08, 0x01,
  0x11, 0x02, 0x0C, 0x02, 0x0A, 0x01, 0x81, 0x02, 0x1A, 0x03, 0x0B, 0x02,
  0x85, 0x02, 0x05, 0x02, 0x28, 0x02, 0x82, 0x06, 0x04, 0x01, 0x2A, 0x01,
  0x81, 0x04, 0x02, 0x01, 0x04, 0x01, 0x2A, 0x01, 0x81, 0x02, 0x04, 0x01,
  0x03, 0x02, 0x2A, 0x01, 0x82, 0x01, 0x03, 0x02, 0x03, 0x02, 0x2A, 0x01,
  0x82, 0x03, 0x01, 0x01, 0x04, 0x02, 0x05, 0x06, 0x1F, 0x01, 0x84, 0x03,
  0x04, 0x02, 0x04, 0x08, 0x0F, 0x02, 0x0C, 0x02, 0x8A, 0x02, 0x04, 0x02,
  0x05, 0x03, 0x0B, 0x07, 0x0A, 0x02, 0x8A, 0x04, 0x0A, 0x01, 0x04, 0x02,
  0x05, 0x09, 0x09, 0x02, 0x89, 0x07, 0x0C, 0x04, 0x04, 0x01, 0x06, 0x03,
  0x08, 0x03, 0x8A, 0x02, 0x20, 0x01, 0x08, 0x03, 0x8A, 0x02, 0x01, 0x02,
  0x0A, 0x01, 0x02, 0x02, 0x16, 0x03, 0x8A, 0x06, 0x0A, 0x08, 0x0B, 0x05,
  0x04, 0x01, 0x8A, 0x02, 0x01, 0x02, 0x0D, 0x02, 0x02, 0x02, 0x14, 0x02,
  0x07, 0x02, 0x85, 0x02, 0x0C, 0x02, 0x03, 0x01, 0x0C, 0x01, 0x06, 0x02,
  0x05, 0x09, 0x82, 0x02, 0x0C, 0x02, 0x01, 0x02, 0x0C, 0x03, 0x04, 0x01,
  0x04, 0x04, 0x05, 0x03, 0x82, 0x02, 0x0C, 0x03, 0x0F, 0x06, 0x03, 0x03,
  0x09, 0x02, 0x82, 0x03, 0x1D, 0x03, 0x05, 0x02, 0x0B, 0x02, 0x83, 0x04,
  0x19, 0x04, 0x04, 0x02, 0x04, 0x04, 0x05, 0x02, 0x84, 0x04, 0x14, 0x04,
  0x06, 0x02, 0x04, 0x07, 0x04, 0x02, 0x82, 0x02, 0x11, 0x0A, 0x06, 0x02,
  0x03, 0x02, 0x04, 0x03, 0x03, 0x02, 0x82, 0x01, 0x11, 0x07, 0x03, 0x02,
  0x05, 0x02, 0x02, 0x02, 0x06, 0x02, 0x04, 0x02, 0x81, 0x03, 0x14, 0x02,
  0x04, 0x02, 0x04, 0x02, 0x02, 0x05, 0x04, 0x02, 0x03, 0x02, 0x81, 0x03,
  0x13, 0x03, 0x05, 0x02, 0x03, 0x02, 0x02, 0x06, 0x03, 0x02, 0x03, 0x02,
  0x82, 0x01, 0x14, 0x02, 0x07, 0x02, 0x02, 0x02, 0x02, 0x03, 0x02, 0x02,
  0x03, 0x01, 0x03, 0x02, 0x82, 0x01, 0x01, 0x02, 0x10, 0x02, 0x09, 0x02,
  0x01, 0x02, 0x02, 0x01, 0x01, 0x03, 0x01, 0x02, 0x02, 0x01, 0x03, 0x02,
  0x82, 0x04, 0x0D, 0x04, 0x0B, 0x02, 0x01, 0x02, 0x01, 0x05, 0x01, 0x02,
  0x02, 0x01, 0x03, 0x02, 0x83, 0x03, 0x0C, 0x04, 0x0D, 0x01, 0x01, 0x02,
  0x02, 0x01, 0x02, 0x01, 0x01, 0x02, 0x02, 0x01, 0x03, 0x02, 0x83, 0x01,
  0x01, 0x01, 0x0B, 0x02, 0x10, 0x02, 0x01, 0x02, 0x01, 0x03, 0x01, 0x03,
  0x01, 0x02, 0x03, 0x02, 0x83, 0x01, 0x01, 0x03, 0x06, 0x04, 0x12, 0x02,
  0x01, 0x03, 0x01, 0x02, 0x01, 0x01, 0x02, 0x02, 0x03, 0x02, 0x83, 0x02,
  0x01, 0x03, 0x04, 0x03, 0x14, 0x02, 0x02, 0x07, 0x01, 0x02, 0x04, 0x02,
  0x83, 0x02, 0x03, 0x02, 0x03, 0x01, 0x16, 0x02, 0x07, 0x02, 0x01, 0x02,
  0x03, 0x02, 0x84, 0x02, 0x04, 0x01, 0x0F, 0x01, 0x0B, 0x01, 0x09, 0x02,
  0x04, 0x02, 0x84, 0x02, 0x08, 0x01, 0x0A, 0x02, 0x0B, 0x02, 0x06, 0x03,
  0x05, 0x01, 0x86, 0x01, 0x05, 0x02, 0x01, 0x01, 0x0A, 0x02, 0x0B, 0x09,
  0x06, 0x02, 0x86, 0x01, 0x06, 0x04, 0x09, 0x01, 0x0C, 0x01, 0x03, 0x02,
  0x08, 0x02, 0x87, 0x02, 0x06, 0x03, 0x09, 0x01, 0x0C, 0x01, 0x0C, 0x02,
  0x88, 0x02, 0x07, 0x02, 0x08, 0x02, 0x0B, 0x02, 0x0A, 0x03, 0x89, 0x02,
  0x06, 0x03, 0x08, 0x02, 0x0B, 0x05, 0x04, 0x05, 0x8A, 0x02, 0x06, 0x03,
  0x08, 0x05, 0x08, 0x0C, 0x8B, 0x02, 0x07, 0x02, 0x08, 0x06, 0x07, 0x03,
  0x95, 0x03, 0x01, 0x01, 0x04, 0x02, 0x08, 0x02, 0x0A, 0x02, 0x97, 0x02,
  0x02, 0x01, 0x03, 0x02, 0x01, 0x01, 0x06, 0x04, 0x01, 0x01, 0x07, 0x02,
  0x97, 0x05, 0x01, 0x05, 0x02, 0x01, 0x03, 0x04, 0x02, 0x01, 0x04, 0x04,
  0x9A, 0x06, 0x01, 0x03, 0x01, 0x01, 0x02, 0x03, 0x01, 0x0A, 0xA4, 0x07,
  0x04, 0x06, 0xFF, 0x00, 0xC2,
};

const uint8_t CAT_GROOM_0_RLE[] PROGMEM = {
  0xFF, 0x00, 0xFF, 0x00, 0xFF, 0x00, 0xFF, 0x00, 0x99, 0x06, 0xB2, 0x08,
  0xAF, 0x02, 0x05, 0x04, 0xAD, 0x02, 0x07, 0x04, 0x22, 0x06, 0x83, 0x02,
  0x09, 0x03, 0x1E, 0x0A, 0x82, 0x02, 0x02, 0x01, 0x07, 0x03, 0x1B, 0x05,
  0x05, 0x02, 0x81, 0x02, 0x03, 0x01, 0x09, 0x02, 0x18, 0x04, 0x08, 0x02,
  0x81, 0x02, 0x03, 0x02, 0x09, 0x02, 0x16, 0x03, 0x0B, 0x01, 0x81, 0x02,
  0x03, 0x02, 0x02, 0x01, 0x06, 0x02, 0x14, 0x03, 0x0D, 0x02, 0x80, 0x02,
  0x04, 0x02, 0x01, 0x01, 0x07, 0x02, 0x12, 0x03, 0x0A, 0x01, 0x03, 0x02,
  0x80, 0x02, 0x04, 0x02, 0x01, 0x01, 0x08, 0x02, 0x10, 0x03, 0x0A, 0x02,
  0x03, 0x02, 0x7F, 0x02, 0x06, 0x03, 0x08, 0x02, 0x10, 0x02, 0x06, 0x01,
  0x03, 0x02, 0x04, 0x02, 0x7F, 0x02, 0x03, 0x02, 0x01, 0x02, 0x04, 0x01,
  0x04, 0x02, 0x0F, 0x02, 0x07, 0x01, 0x03, 0x01, 0x05, 0x02, 0x7F, 0x02,
  0x04, 0x04, 0x03, 0x02, 0x05, 0x01, 0x0E, 0x02, 0x08, 0x01, 0x02, 0x01,
  0x06, 0x02, 0x7F, 0x02, 0x06, 0x03, 0x02, 0x02, 0x05, 0x0A, 0x05, 0x02,
  0x08, 0x01, 0x01, 0x02, 0x06, 0x02, 0x7F, 0x02, 0x07, 0x02, 0x01, 0x02,
  0x05, 0x0E, 0x01, 0x02, 0x04, 0x01, 0x04, 0x03, 0x03, 0x01, 0x03, 0x02,
  0x7F, 0x02, 0x08, 0x03, 0x05, 0x04, 0x08, 0x06, 0x04, 0x01, 0x04, 0x07,
  0x03, 0x02, 0x7F, 0x02, 0x08, 0x02, 0x04, 0x03, 0x0E, 0x02, 0x05, 0x01,
  0x03, 0x06, 0x05, 0x02, 0x7F, 0x02, 0x03, 0x05, 0x01, 0x02, 0x03, 0x01,
  0x11, 0x01, 0x05, 0x02, 0x01, 0x03, 0x09, 0x02, 0x7F, 0x02, 0x04, 0x07,
  0x15, 0x01, 0x05, 0x02, 0x01, 0x02, 0x0A, 0x02, 0x7F, 0x02, 0x0A, 0x01,
  0x1C, 0x03, 0x0B, 0x02, 0x80, 0x02, 0x26, 0x02, 0x0C, 0x02, 0x80, 0x02,
  0x25, 0x0B, 0x04, 0x01, 0x81, 0x03, 0x03, 0x01, 0x1F, 0x0A, 0x05, 0x02,
  0x82, 0x02, 0x02, 0x02, 0x1F, 0x02, 0x0D, 0x02, 0x83, 0x04, 0x2E, 0x02,
  0x85, 0x02, 0x2F, 0x02, 0x75, 0x02, 0x0E, 0x02, 0x2E, 0x02, 0x76, 0x03,
  0x0C, 0x02, 0x27, 0x02, 0x05, 0x03, 0x77, 0x03, 0x0B, 0x02, 0x2A, 0x05,
  0x7B, 0x01, 0x0A, 0x02, 0x06, 0x01, 0x23, 0x05, 0x87, 0x02, 0x05, 0x03,
  0x25, 0x02, 0x86, 0x02, 0x1B, 0x02, 0x11, 0x02, 0x77, 0x03, 0x0C, 0x02,
  0x1B, 0x04, 0x10, 0x02, 0x76, 0x05, 0x0A, 0x02, 0x1E, 0x01, 0x10, 0x02,
  0x79, 0x02, 0x0A, 0x02, 0x2F, 0x02, 0x85, 0x02, 0x30, 0x01, 0x85, 0x02,
  0x04, 0x04, 0x28, 0x02, 0x84, 0x01, 0x03, 0x07, 0x27, 0x02, 0x76, 0x04,
  0x0A, 0x01, 0x03, 0x02, 0x01, 0x04, 0x11, 0x05, 0x11, 0x02, 0x75, 0x05,
  0x0A, 0x01, 0x02, 0x02, 0x01, 0x02, 0x01, 0x03, 0x0E, 0x09, 0x0F, 0x02,
  0x84, 0x01, 0x01, 0x03, 0x01, 0x02, 0x02, 0x02, 0x0E, 0x06, 0x01, 0x03,
  0x0E, 0x02, 0x84, 0x02, 0x01, 0x01, 0x01, 0x03, 0x02, 0x02, 0x0D, 0x02,
  0x02, 0x04, 0x01, 0x03, 0x0D, 0x02, 0x84, 0x01, 0x02, 0x01, 0x01, 0x03,
  0x02, 0x03, 0x0B, 0x03, 0x03, 0x04, 0x01, 0x02, 0x0D, 0x01, 0x84, 0x02,
  0x01, 0x02, 0x01, 0x08, 0x0B, 0x03, 0x03, 0x04, 0x01, 0x02, 0x0C, 0x02,
  0x09, 0x09, 0x70, 0x03, 0x03, 0x01, 0x01, 0x07, 0x0C, 0x03, 0x02, 0x05,
  0x02, 0x02, 0x0B, 0x02, 0x07, 0x0D, 0x6E, 0x04, 0x02, 0x01, 0x01, 0x07,
  0x0C, 0x0A, 0x02, 0x02, 0x0B, 0x02, 0x06, 0x03, 0x09, 0x03, 0x6E, 0x04,
  0x03, 0x07, 0x0C, 0x0A, 0x02, 0x02, 0x0B, 0x02, 0x05, 0x03, 0x0C, 0x02,
  0x6D, 0x02, 0x01, 0x01, 0x03, 0x04, 0x01, 0x02, 0x02, 0x03, 0x07, 0x0A,
  0x02, 0x02, 0x09, 0x03, 0x05, 0x02, 0x0F, 0x02, 0x6D, 0x02, 0x05, 0x05,
  0x03, 0x03, 0x07, 0x0A, 0x02, 0x01, 0x0A, 0x03, 0x04, 0x02, 0x11, 0x02,
  0x6C, 0x03, 0x04, 0x04, 0x05, 0x01, 0x08, 0x06, 0x02, 0x02, 0x01, 0x02,
  0x0C, 0x02, 0x03, 0x02, 0x05, 0x06, 0x07, 0x02, 0x6A, 0x04, 0x0A, 0x01,
  0x02, 0x01, 0x09, 0x03, 0x01, 0x04, 0x02, 0x01, 0x0D, 0x02, 0x02, 0x02,
  0x05, 0x04, 0x01, 0x04, 0x05, 0x02, 0x69, 0x05, 0x0A, 0x06, 0x01, 0x01,
  0x06, 0x06, 0x0F, 0x03, 0x03, 0x02, 0x04, 0x02, 0x06, 0x02, 0x06, 0x02,
  0x68, 0x01, 0x02, 0x02, 0x0B, 0x07, 0x07, 0x04, 0x0E, 0x04, 0x03, 0x02,
  0x04, 0x02, 0x08, 0x02, 0x05, 0x02, 0x6C, 0x02, 0x0B, 0x02, 0x02, 0x02,
  0x1A, 0x02, 0x04, 0x02, 0x04, 0x02, 0x09, 0x02, 0x05, 0x01, 0x6D, 0x02,
  0x0A, 0x02, 0x02, 0x01, 0x10, 0x03, 0x08, 0x02, 0x04, 0x02, 0x03, 0x02,
  0x01, 0x04, 0x05, 0x02, 0x05, 0x02, 0x6D, 0x02, 0x0A, 0x01, 0x01, 0x02,
  0x11, 0x04, 0x04, 0x04, 0x04, 0x02, 0x03, 0x09, 0x03, 0x02, 0x05, 0x02,
  0x6E, 0x03, 0x08, 0x03, 0x14, 0x03, 0x02, 0x03, 0x06, 0x02, 0x03, 0x04,
  0x03, 0x03, 0x03, 0x02, 0x04, 0x02, 0x6F, 0x03, 0x22, 0x02, 0x08, 0x02,
  0x04, 0x02, 0x01, 0x02, 0x02, 0x02, 0x03, 0x02, 0x04, 0x02, 0x71, 0x04,
  0x1D, 0x03, 0x09, 0x02, 0x04, 0x02, 0x01, 0x03, 0x02, 0x02, 0x02, 0x02,
  0x04, 0x02, 0x72, 0x05, 0x18, 0x06, 0x09, 0x02, 0x04, 0x03, 0x01, 0x01,
  0x03, 0x02, 0x02, 0x02, 0x04, 0x02, 0x74, 0x06, 0x12, 0x06, 0x01, 0x05,
  0x07, 0x02, 0x03, 0x02, 0x02, 0x03, 0x01, 0x02, 0x02, 0x02, 0x04, 0x02,
  0x74, 0x02, 0x02, 0x02, 0x0E, 0x07, 0x06, 0x05, 0x05, 0x02, 0x03, 0x02,
  0x03, 0x01, 0x02, 0x01, 0x03, 0x02, 0x04, 0x02, 0x73, 0x02, 0x17, 0x02,
  0x0A, 0x03, 0x05, 0x02, 0x03, 0x02, 0x02, 0x01, 0x01, 0x02, 0x02, 0x02,
  0x05, 0x02, 0x73, 0x02, 0x17, 0x02, 0x0C, 0x03, 0x03, 0x03, 0x03, 0x02,
  0x02, 0x03, 0x02, 0x02, 0x05, 0x02, 0x73, 0x03, 0x16, 0x02, 0x0D, 0x03,
  0x03, 0x03, 0x03, 0x01, 0x02, 0x02, 0x03, 0x02, 0x05, 0x02, 0x73, 0x03,
  0x14, 0x03, 0x0F, 0x03, 0x04, 0x08, 0x03, 0x02, 0x05, 0x02, 0x75, 0x02,
  0x13, 0x04, 0x10, 0x03, 0x05, 0x05, 0x03, 0x03, 0x05, 0x02, 0x75, 0x02,
  0x11, 0x04, 0x13, 0x02, 0x0D, 0x02, 0x06, 0x02, 0x75, 0x04, 0x0C, 0x01,
  0x01, 0x03, 0x16, 0x02, 0x0B, 0x02, 0x06, 0x02, 0x77, 0x03, 0x0B, 0x04,
  0x18, 0x02, 0x0A, 0x02, 0x07, 0x02, 0x57, 0x05, 0x1B, 0x03, 0x01, 0x01,
  0x06, 0x01, 0x01, 0x02, 0x1C, 0x02, 0x07, 0x03, 0x07, 0x02, 0x55, 0x0C,
  0x17, 0x05, 0x05, 0x04, 0x1D, 0x02, 0x04, 0x05, 0x07, 0x03, 0x53, 0x04,
  0x07, 0x05, 0x15, 0x02, 0x01, 0x03, 0x04, 0x02, 0x1F, 0x09, 0x09, 0x02,
  0x53, 0x03, 0x0C, 0x04, 0x13, 0x02, 0x03, 0x02, 0x03, 0x01, 0x21, 0x05,
  0x0B, 0x02, 0x54, 0x02, 0x0F, 0x03, 0x12, 0x02, 0x04, 0x02, 0x24, 0x02,
  0x0D, 0x02, 0x54, 0x02, 0x06, 0x07, 0x05, 0x02, 0x12, 0x02, 0x04, 0x01,
  0x03, 0x02, 0x0C, 0x02, 0x11, 0x02, 0x0B, 0x03, 0x55, 0x02, 0x07, 0x01,
  0x01, 0x02, 0x01, 0x02, 0x05, 0x02, 0x11, 0x02, 0x04, 0x03, 0x01, 0x02,
  0x0C, 0x01, 0x02, 0x01, 0x0F, 0x02, 0x0A, 0x03, 0x56, 0x02, 0x06, 0x02,
  0x01, 0x03, 0x02, 0x01, 0x05, 0x02, 0x10, 0x02, 0x06, 0x04, 0x0C, 0x01,
  0x01, 0x02, 0x0F, 0x02, 0x07, 0x04, 0x58, 0x03, 0x05, 0x02, 0x02, 0x05,
  0x06, 0x01, 0x10, 0x02, 0x07, 0x03, 0x0B, 0x02, 0x01, 0x02, 0x0F, 0x0C,
  0x59, 0x03, 0x06, 0x03, 0x02, 0x03, 0x06, 0x02, 0x10, 0x01, 0x08, 0x02,
  0x0B, 0x02, 0x01, 0x02, 0x0F, 0x09, 0x5C, 0x02, 0x01, 0x01, 0x07, 0x04,
  0x01, 0x01, 0x06, 0x02, 0x10, 0x02, 0x07, 0x02, 0x0B, 0x02, 0x01, 0x02,
  0x0E, 0x02, 0x64, 0x02, 0x01, 0x02, 0x12, 0x02, 0x10, 0x02, 0x07, 0x02,
  0x0B, 0x01, 0x03, 0x02, 0x0D, 0x02, 0x64, 0x03, 0x02, 0x02, 0x10, 0x02,
  0x10, 0x02, 0x07, 0x02, 0x0A, 0x04, 0x01, 0x03, 0x0C, 0x02, 0x64, 0x04,
  0x02, 0x03, 0x0E, 0x02, 0x0F, 0x02, 0x08, 0x02, 0x0A, 0x0A, 0x09, 0x02,
  0x65, 0x05, 0x03, 0x04, 0x0C, 0x02, 0x0E, 0x02, 0x08, 0x02, 0x09, 0x02,
  0x02, 0x02, 0x04, 0x01, 0x09, 0x02, 0x65, 0x02, 0x01, 0x03, 0x04, 0x0A,
  0x05, 0x03, 0x0B, 0x02, 0x08, 0x02, 0x0A, 0x05, 0x01, 0x01, 0x0C, 0x02,
  0x67, 0x01, 0x01, 0x01, 0x01, 0x03, 0x0A, 0x04, 0x04, 0x04, 0x09, 0x03,
  0x02, 0x01, 0x04, 0x01, 0x0A, 0x08, 0x01, 0x02, 0x07, 0x03, 0x68, 0x03,
  0x01, 0x01, 0x01, 0x04, 0x0A, 0x03, 0x04, 0x04, 0x08, 0x02, 0x02, 0x01,
  0x03, 0x02, 0x01, 0x01, 0x08, 0x02, 0x03, 0x03, 0x01, 0x01, 0x06, 0x04,
  0x6A, 0x02, 0x01, 0x01, 0x01, 0x0D, 0x03, 0x02, 0x05, 0x04, 0x06, 0x0C,
  0x01, 0x02, 0x04, 0x02, 0x04, 0x0D, 0x6D, 0x03, 0x01, 0x02, 0x01, 0x01,
  0x01, 0x0A, 0x02, 0x02, 0x06, 0x03, 0x07, 0x06, 0x01, 0x03, 0x01, 0x01,
  0x03, 0x03, 0x07, 0x09, 0x70, 0x05, 0x01, 0x01, 0x01, 0x02, 0x02, 0x01,
  0x01, 0x06, 0x01, 0x02, 0x07, 0x03, 0x0D, 0x09, 0x82, 0x06, 0x01, 0x02,
  0x01, 0x02, 0x01, 0x02, 0x02, 0x03, 0x01, 0x02, 0x03, 0x04, 0x01, 0x02,
  0x0E, 0x05, 0x87, 0x0B, 0x05, 0x02, 0x01, 0x02, 0x02, 0x05, 0x01, 0x01,
  0x9D, 0x01, 0x02, 0x02, 0x09, 0x02, 0x01, 0x02, 0x02, 0x04, 0x01, 0x02,
  0xAB, 0x02, 0x01, 0x03, 0x04, 0x03, 0xAC, 0x02, 0x02, 0x07, 0xAE, 0x02,
  0x06, 0x02, 0xAF, 0x09, 0xB1, 0x05, 0xFF, 0x00, 0xDE,
};

const uint8_t CAT_GROOM_1_RLE[] PROGMEM = {
  0xFF, 0x00, 0xFF, 0x00, 0xFF, 0x00, 0xFF, 0x00, 0xFF, 0x00, 0xFF, 0x00,
  0xFF, 0x00, 0xFF, 0x00, 0xFF, 0x00, 0xFF, 0x00, 0xFF, 0x00, 0xFF, 0x00,
  0xFF, 0x00, 0xFF, 0x00, 0xC8, 0x05, 0xB0, 0x08, 0xAE, 0x05, 0x04, 0x02,
  0x85, 0x09, 0x1D, 0x04, 0x07, 0x02, 0x84, 0x0D, 0x19, 0x03, 0x09, 0x02,
  0x84, 0x02, 0x08, 0x05, 0x16, 0x03, 0x0B, 0x02, 0x83, 0x02, 0x0B, 0x03,
  0x14, 0x03, 0x08, 0x01, 0x03, 0x02, 0x83, 0x02, 0x0D, 0x03, 0x11, 0x03,
  0x08, 0x02, 0x03, 0x02, 0x83, 0x02, 0x02, 0x02, 0x0A, 0x02, 0x11, 0x02,
  0x05, 0x01, 0x02, 0x02, 0x04, 0x02, 0x83, 0x02, 0x03, 0x01, 0x03, 0x01,
  0x07, 0x02, 0x0F, 0x02, 0x06, 0x01, 0x02, 0x02, 0x05, 0x01, 0x83, 0x02,
  0x03, 0x02, 0x02, 0x01, 0x08, 0x02, 0x0D, 0x02, 0x07, 0x01, 0x01, 0x02,
  0x06, 0x02, 0x82, 0x02, 0x04, 0x02, 0x01, 0x01, 0x08, 0x02, 0x0D, 0x02,
  0x07, 0x01, 0x01, 0x01, 0x07, 0x02, 0x82, 0x02, 0x05, 0x03, 0x09, 0x02,
  0x04, 0x04, 0x04, 0x02, 0x03, 0x01, 0x03, 0x03, 0x01, 0x03, 0x03, 0x02,
  0x82, 0x02, 0x06, 0x02, 0x03, 0x02, 0x04, 0x0F, 0x04, 0x01, 0x03, 0x05,
  0x05, 0x02, 0x82, 0x02, 0x02, 0x06, 0x03, 0x02, 0x04, 0x06, 0x05, 0x04,
  0x04, 0x01, 0x03, 0x02, 0x08, 0x02, 0x82, 0x02, 0x04, 0x05, 0x02, 0x01,
  0x04, 0x03, 0x0B, 0x02, 0x04, 0x02, 0x01, 0x02, 0x09, 0x02, 0x82, 0x02,
  0x08, 0x04, 0x03, 0x02, 0x0D, 0x02, 0x04, 0x04, 0x0A, 0x02, 0x82, 0x02,
  0x08, 0x03, 0x03, 0x02, 0x15, 0x02, 0x06, 0x01, 0x04, 0x02, 0x82, 0x02,
  0x09, 0x02, 0x1A, 0x09, 0x04, 0x02, 0x82, 0x02, 0x03, 0x09, 0x18, 0x08,
  0x05, 0x02, 0x84, 0x02, 0x04, 0x03, 0x1C, 0x02, 0x0B, 0x02, 0x84, 0x02,
  0x30, 0x02, 0x84, 0x02, 0x2F, 0x02, 0x86, 0x02, 0x28, 0x01, 0x04, 0x03,
  0x86, 0x03, 0x02, 0x01, 0x23, 0x02, 0x02, 0x04, 0x88, 0x05, 0x25, 0x06,
  0x8A, 0x02, 0x2A, 0x02, 0x8A, 0x02, 0x2B, 0x02, 0x88, 0x02, 0x2C, 0x02,
  0x88, 0x02, 0x2C, 0x02, 0x87, 0x02, 0x2E, 0x02, 0x17, 0x02, 0x6D, 0x02,
  0x2E, 0x02, 0x18, 0x02, 0x6C, 0x02, 0x2E, 0x02, 0x0C, 0x07, 0x06, 0x03,
  0x6A, 0x02, 0x19, 0x02, 0x13, 0x02, 0x0B, 0x04, 0x01, 0x05, 0x05, 0x02,
  0x6A, 0x02, 0x05, 0x03, 0x10, 0x04, 0x12, 0x02, 0x0A, 0x02, 0x08, 0x03,
  0x04, 0x02, 0x69, 0x02, 0x05, 0x02, 0x27, 0x02, 0x09, 0x02, 0x0A, 0x03,
  0x04, 0x02, 0x68, 0x02, 0x2E, 0x02, 0x09, 0x02, 0x0C, 0x02, 0x04, 0x01,
  0x68, 0x02, 0x2E, 0x02, 0x08, 0x03, 0x05, 0x02, 0x06, 0x02, 0x03, 0x02,
  0x67, 0x02, 0x2E, 0x02, 0x08, 0x03, 0x05, 0x06, 0x03, 0x02, 0x03, 0x01,
  0x67, 0x02, 0x2E, 0x02, 0x08, 0x03, 0x05, 0x01, 0x01, 0x02, 0x01, 0x02,
  0x03, 0x02, 0x6A, 0x02, 0x2E, 0x02, 0x08, 0x04, 0x03, 0x02, 0x01, 0x02,
  0x02, 0x01, 0x03, 0x02, 0x6A, 0x02, 0x2E, 0x02, 0x07, 0x03, 0x01, 0x01,
  0x03, 0x02, 0x02, 0x02, 0x01, 0x02, 0x03, 0x02, 0x69, 0x02, 0x2D, 0x03,
  0x02, 0x08, 0x01, 0x02, 0x03, 0x02, 0x03, 0x02, 0x04, 0x02, 0x6A, 0x01,
  0x03, 0x01, 0x1B, 0x03, 0x0D, 0x0C, 0x01, 0x01, 0x04, 0x06, 0x05, 0x02,
  0x69, 0x01, 0x01, 0x09, 0x0C, 0x0E, 0x0A, 0x03, 0x06, 0x02, 0x01, 0x01,
  0x02, 0x01, 0x08, 0x01, 0x05, 0x02, 0x68, 0x02, 0x01, 0x0A, 0x0B, 0x0D,
  0x0B, 0x02, 0x07, 0x02, 0x01, 0x02, 0x01, 0x02, 0x0D, 0x02, 0x67, 0x02,
  0x03, 0x01, 0x01, 0x01, 0x02, 0x04, 0x0B, 0x02, 0x02, 0x06, 0x01, 0x02,
  0x09, 0x03, 0x09, 0x05, 0x01, 0x02, 0x0C, 0x02, 0x66, 0x05, 0x03, 0x07,
  0x0C, 0x02, 0x01, 0x05, 0x02, 0x01, 0x0A, 0x02, 0x0B, 0x01, 0x01, 0x02,
  0x02, 0x03, 0x0A, 0x02, 0x66, 0x01, 0x01, 0x04, 0x03, 0x03, 0x01, 0x02,
  0x0C, 0x05, 0x01, 0x02, 0x0E, 0x02, 0x0A, 0x03, 0x01, 0x02, 0x02, 0x02,
  0x09, 0x02, 0x69, 0x02, 0x04, 0x05, 0x03, 0x04, 0x07, 0x06, 0x0E, 0x02,
  0x0C, 0x06, 0x02, 0x04, 0x07, 0x02, 0x68, 0x02, 0x06, 0x02, 0x05, 0x02,
  0x09, 0x04, 0x05, 0x02, 0x06, 0x03, 0x0E, 0x02, 0x01, 0x03, 0x03, 0x05,
  0x04, 0x02, 0x68, 0x03, 0x20, 0x05, 0x02, 0x03, 0x10, 0x03, 0x01, 0x03,
  0x05, 0x03, 0x03, 0x02, 0x66, 0x04, 0x0A, 0x08, 0x11, 0x02, 0x01, 0x03,
  0x12, 0x0A, 0x03, 0x02, 0x03, 0x03, 0x64, 0x02, 0x01, 0x02, 0x0A, 0x02,
  0x01, 0x03, 0x14, 0x03, 0x14, 0x04, 0x01, 0x07, 0x01, 0x02, 0x03, 0x03,
  0x67, 0x03, 0x21, 0x03, 0x17, 0x0B, 0x01, 0x02, 0x04, 0x02, 0x67, 0x03,
  0x1E, 0x06, 0x17, 0x06, 0x03, 0x02, 0x01, 0x02, 0x04, 0x03, 0x66, 0x05,
  0x18, 0x05, 0x1B, 0x02, 0x08, 0x02, 0x01, 0x01, 0x05, 0x03, 0x67, 0x06,
  0x12, 0x06, 0x1E, 0x01, 0x08, 0x02, 0x01, 0x02, 0x06, 0x02, 0x69, 0x08,
  0x0D, 0x02, 0x03, 0x02, 0x1D, 0x02, 0x08, 0x02, 0x01, 0x02, 0x03, 0x02,
  0x01, 0x02, 0x6A, 0x06, 0x12, 0x02, 0x1D, 0x02, 0x09, 0x02, 0x01, 0x01,
  0x02, 0x04, 0x01, 0x02, 0x69, 0x02, 0x16, 0x01, 0x1E, 0x02, 0x0A, 0x01,
  0x02, 0x01, 0x02, 0x03, 0x01, 0x02, 0x69, 0x01, 0x15, 0x03, 0x0D, 0x02,
  0x0F, 0x02, 0x0A, 0x02, 0x01, 0x02, 0x01, 0x03, 0x02, 0x01, 0x68, 0x02,
  0x01, 0x01, 0x12, 0x02, 0x0F, 0x01, 0x10, 0x02, 0x0B, 0x02, 0x01, 0x02,
  0x05, 0x01, 0x69, 0x03, 0x0F, 0x04, 0x10, 0x01, 0x10, 0x01, 0x0D, 0x02,
  0x01, 0x07, 0x69, 0x03, 0x0E, 0x04, 0x11, 0x01, 0x0F, 0x02, 0x09, 0x01,
  0x02, 0x04, 0x02, 0x05, 0x6A, 0x02, 0x0D, 0x02, 0x14, 0x01, 0x0F, 0x02,
  0x09, 0x01, 0x01, 0x02, 0x02, 0x07, 0x6C, 0x01, 0x01, 0x01, 0x08, 0x05,
  0x14, 0x01, 0x0F, 0x02, 0x08, 0x04, 0x04, 0x05, 0x6D, 0x04, 0x07, 0x03,
  0x16, 0x02, 0x0D, 0x02, 0x09, 0x03, 0x78, 0x05, 0x04, 0x02, 0x18, 0x02,
  0x0D, 0x02, 0x09, 0x02, 0x78, 0x02, 0x01, 0x04, 0x03, 0x03, 0x0E, 0x01,
  0x09, 0x01, 0x0E, 0x02, 0x07, 0x02, 0x79, 0x02, 0x04, 0x03, 0x02, 0x02,
  0x0E, 0x01, 0x08, 0x03, 0x0D, 0x02, 0x06, 0x02, 0x7A, 0x02, 0x05, 0x06,
  0x0D, 0x02, 0x06, 0x06, 0x0C, 0x03, 0x05, 0x02, 0x7A, 0x02, 0x07, 0x04,
  0x0D, 0x02, 0x04, 0x04, 0x01, 0x05, 0x0A, 0x03, 0x04, 0x02, 0x7B, 0x02,
  0x09, 0x02, 0x0D, 0x01, 0x03, 0x04, 0x02, 0x02, 0x02, 0x04, 0x08, 0x02,
  0x03, 0x01, 0x01, 0x02, 0x01, 0x05, 0x75, 0x02, 0x09, 0x01, 0x0D, 0x07,
  0x04, 0x02, 0x02, 0x02, 0x09, 0x03, 0x03, 0x03, 0x01, 0x07, 0x73, 0x02,
  0x09, 0x02, 0x0D, 0x04, 0x06, 0x02, 0x02, 0x02, 0x0A, 0x03, 0x03, 0x05,
  0x05, 0x02, 0x71, 0x03, 0x09, 0x02, 0x0C, 0x03, 0x08, 0x02, 0x02, 0x02,
  0x09, 0x04, 0x03, 0x02, 0x01, 0x02, 0x06, 0x01, 0x70, 0x03, 0x09, 0x02,
  0x0D, 0x04, 0x01, 0x01, 0x04, 0x02, 0x02, 0x02, 0x0A, 0x02, 0x01, 0x01,
  0x03, 0x02, 0x01, 0x05, 0x03, 0x02, 0x6F, 0x02, 0x09, 0x03, 0x0C, 0x05,
  0x01, 0x01, 0x02, 0x03, 0x02, 0x02, 0x0A, 0x02, 0x02, 0x02, 0x03, 0x02,
  0x01, 0x04, 0x03, 0x02, 0x6E, 0x04, 0x01, 0x01, 0x05, 0x03, 0x0C, 0x02,
  0x02, 0x08, 0x03, 0x04, 0x01, 0x01, 0x05, 0x02, 0x03, 0x02, 0x04, 0x06,
  0x03, 0x02, 0x6E, 0x03, 0x02, 0x01, 0x05, 0x02, 0x0C, 0x02, 0x04, 0x05,
  0x05, 0x03, 0x02, 0x01, 0x04, 0x03, 0x04, 0x02, 0x04, 0x04, 0x04, 0x02,
  0x6F, 0x02, 0x02, 0x01, 0x04, 0x02, 0x01, 0x01, 0x0A, 0x03, 0x0F, 0x05,
  0x02, 0x04, 0x05, 0x03, 0x0A, 0x02, 0x70, 0x0D, 0x01, 0x02, 0x06, 0x03,
  0x11, 0x08, 0x08, 0x03, 0x08, 0x02, 0x73, 0x07, 0x01, 0x03, 0x01, 0x01,
  0x05, 0x03, 0x24, 0x05, 0x02, 0x05, 0x7B, 0x0C, 0x27, 0x08, 0x7F, 0x08,
  0xFF, 0x00, 0xDA,
};

const uint8_t CAT_GROOM_2_RLE[] PROGMEM = {
  0xFF, 0x00, 0xFF, 0x00, 0xFF, 0x00, 0xFF, 0x00, 0xFF, 0x00, 0xFF, 0x00,
  0xFF, 0x00, 0xFF, 0x00, 0xFF, 0x00, 0xFF, 0x00, 0xFF, 0x00, 0xFF, 0x00,
  0xFF, 0x00, 0x37, 0x06, 0xB1, 0x0A, 0xAE, 0x02, 0x05, 0x05, 0x24, 0x02,
  0x85, 0x02, 0x08, 0x04, 0x1E, 0x08, 0x84, 0x02, 0x0A, 0x03, 0x1A, 0x07,
  0x03, 0x02, 0x83, 0x02, 0x02, 0x01, 0x09, 0x02, 0x17, 0x05, 0x07, 0x02,
  0x83, 0x02, 0x02, 0x02, 0x09, 0x02, 0x15, 0x03, 0x0A, 0x02, 0x82, 0x02,
  0x04, 0x01, 0x02, 0x02, 0x06, 0x02, 0x13, 0x03, 0x0B, 0x02, 0x82, 0x02,
  0x04, 0x02, 0x01, 0x02, 0x07, 0x02, 0x10, 0x03, 0x0A, 0x01, 0x03, 0x02,
  0x81, 0x02, 0x05, 0x01, 0x01, 0x02, 0x07, 0x02, 0x0F, 0x03, 0x0A, 0x02,
  0x03, 0x02, 0x81, 0x02, 0x05, 0x03, 0x09, 0x02, 0x0E, 0x02, 0x06, 0x02,
  0x02, 0x02, 0x04, 0x02, 0x13, 0x03, 0x6B, 0x02, 0x02, 0x02, 0x02, 0x02,
  0x03, 0x02, 0x04, 0x02, 0x0D, 0x02, 0x07, 0x01, 0x03, 0x01, 0x05, 0x02,
  0x11, 0x07, 0x69, 0x02, 0x03, 0x05, 0x03, 0x01, 0x05, 0x0A, 0x04, 0x03,
  0x07, 0x01, 0x02, 0x01, 0x06, 0x02, 0x0F, 0x04, 0x03, 0x03, 0x68, 0x02,
  0x06, 0x02, 0x03, 0x01, 0x05, 0x0D, 0x01, 0x02, 0x03, 0x01, 0x04, 0x04,
  0x06, 0x02, 0x0E, 0x03, 0x06, 0x02, 0x68, 0x02, 0x07, 0x02, 0x01, 0x02,
  0x03, 0x04, 0x08, 0x06, 0x03, 0x02, 0x03, 0x03, 0x01, 0x03, 0x03, 0x02,
  0x0D, 0x03, 0x08, 0x02, 0x67, 0x02, 0x08, 0x03, 0x03, 0x02, 0x0E, 0x02,
  0x04, 0x02, 0x03, 0x06, 0x04, 0x02, 0x0C, 0x03, 0x09, 0x02, 0x67, 0x02,
  0x02, 0x02, 0x04, 0x02, 0x14, 0x02, 0x04, 0x02, 0x02, 0x02, 0x09, 0x02,
  0x0C, 0x02, 0x09, 0x02, 0x68, 0x02, 0x03, 0x08, 0x14, 0x01, 0x05, 0x01,
  0x01, 0x02, 0x0A, 0x02, 0x0B, 0x02, 0x0A, 0x02, 0x05, 0x02, 0x61, 0x02,
  0x09, 0x01, 0x1B, 0x03, 0x0B, 0x02, 0x0B, 0x02, 0x09, 0x02, 0x03, 0x02,
  0x02, 0x01, 0x61, 0x02, 0x25, 0x02, 0x0B, 0x02, 0x0C, 0x02, 0x08, 0x02,
  0x05, 0x01, 0x02, 0x02, 0x61, 0x02, 0x23, 0x0A, 0x04, 0x02, 0x0C, 0x01,
  0x08, 0x02, 0x06, 0x02, 0x01, 0x02, 0x61, 0x02, 0x23, 0x02, 0x02, 0x05,
  0x05, 0x02, 0x0B, 0x02, 0x08, 0x01, 0x07, 0x02, 0x01, 0x02, 0x62, 0x02,
  0x01, 0x02, 0x2D, 0x02, 0x0B, 0x02, 0x07, 0x03, 0x07, 0x01, 0x66, 0x03,
  0x2D, 0x02, 0x0C, 0x02, 0x07, 0x03, 0x07, 0x01, 0x66, 0x02, 0x2D, 0x03,
  0x0C, 0x02, 0x08, 0x02, 0x07, 0x01, 0x65, 0x02, 0x27, 0x01, 0x06, 0x02,
  0x0E, 0x01, 0x08, 0x02, 0x07, 0x01, 0x65, 0x02, 0x27, 0x01, 0x04, 0x03,
  0x0F, 0x02, 0x08, 0x02, 0x6B, 0x02, 0x29, 0x06, 0x10, 0x02, 0x08, 0x02,
  0x6B, 0x02, 0x2A, 0x04, 0x11, 0x02, 0x08, 0x02, 0x6A, 0x02, 0x2E, 0x02,
  0x10, 0x02, 0x08, 0x02, 0x6A, 0x02, 0x05, 0x03, 0x26, 0x02, 0x10, 0x01,
  0x0A, 0x01, 0x6A, 0x02, 0x05, 0x01, 0x29, 0x01, 0x0F, 0x02, 0x0A, 0x02,
  0x69, 0x02, 0x19, 0x02, 0x14, 0x02, 0x0E, 0x02, 0x0A, 0x01, 0x6A, 0x01,
  0x1A, 0x04, 0x12, 0x02, 0x0E, 0x02, 0x09, 0x02, 0x69, 0x02, 0x30, 0x02,
  0x0D, 0x02, 0x0A, 0x02, 0x69, 0x02, 0x30, 0x02, 0x0C, 0x02, 0x0B, 0x02,
  0x69, 0x02, 0x30, 0x02, 0x09, 0x08, 0x08, 0x02, 0x69, 0x02, 0x30, 0x02,
  0x07, 0x03, 0x04, 0x04, 0x06, 0x02, 0x6A, 0x02, 0x30, 0x02, 0x07, 0x02,
  0x08, 0x03, 0x04, 0x02, 0x6A, 0x02, 0x03, 0x04, 0x29, 0x02, 0x06, 0x02,
  0x0B, 0x02, 0x02, 0x03, 0x69, 0x03, 0x01, 0x08, 0x27, 0x0A, 0x0C, 0x02,
  0x01, 0x02, 0x69, 0x03, 0x02, 0x08, 0x27, 0x03, 0x03, 0x04, 0x04, 0x02,
  0x07, 0x03, 0x68, 0x04, 0x04, 0x01, 0x04, 0x03, 0x0D, 0x06, 0x13, 0x02,
  0x03, 0x05, 0x04, 0x06, 0x04, 0x02, 0x6A, 0x04, 0x08, 0x02, 0x0C, 0x08,
  0x11, 0x02, 0x06, 0x01, 0x01, 0x01, 0x04, 0x02, 0x01, 0x05, 0x03, 0x02,
  0x6A, 0x01, 0x01, 0x02, 0x14, 0x0A, 0x10, 0x02, 0x05, 0x02, 0x01, 0x01,
  0x04, 0x02, 0x01, 0x01, 0x03, 0x01, 0x03, 0x02, 0x6A, 0x02, 0x0D, 0x03,
  0x06, 0x02, 0x05, 0x05, 0x0C, 0x06, 0x01, 0x04, 0x01, 0x02, 0x02, 0x02,
  0x02, 0x03, 0x01, 0x02, 0x03, 0x02, 0x69, 0x01, 0x0E, 0x03, 0x0E, 0x03,
  0x0E, 0x05, 0x01, 0x05, 0x01, 0x01, 0x03, 0x02, 0x03, 0x03, 0x04, 0x02,
  0x69, 0x03, 0x2F, 0x02, 0x04, 0x04, 0x01, 0x02, 0x03, 0x03, 0x01, 0x03,
  0x05, 0x01, 0x67, 0x05, 0x0A, 0x01, 0x01, 0x02, 0x15, 0x01, 0x0B, 0x02,
  0x04, 0x05, 0x01, 0x02, 0x04, 0x05, 0x05, 0x02, 0x66, 0x01, 0x02, 0x02,
  0x0A, 0x05, 0x01, 0x02, 0x0E, 0x07, 0x06, 0x03, 0x06, 0x01, 0x01, 0x02,
  0x02, 0x01, 0x0E, 0x02, 0x6A, 0x02, 0x0A, 0x07, 0x1A, 0x03, 0x07, 0x05,
  0x01, 0x02, 0x0D, 0x02, 0x6A, 0x03, 0x09, 0x02, 0x02, 0x02, 0x1B, 0x02,
  0x09, 0x02, 0x01, 0x02, 0x01, 0x03, 0x0B, 0x02, 0x6B, 0x03, 0x09, 0x01,
  0x02, 0x02, 0x0F, 0x02, 0x0A, 0x02, 0x09, 0x06, 0x02, 0x02, 0x0A, 0x02,
  0x6C, 0x03, 0x08, 0x04, 0x11, 0x03, 0x06, 0x04, 0x0A, 0x06, 0x02, 0x03,
  0x08, 0x02, 0x6D, 0x03, 0x1E, 0x02, 0x04, 0x03, 0x0D, 0x02, 0x01, 0x03,
  0x03, 0x04, 0x06, 0x01, 0x6F, 0x03, 0x1D, 0x01, 0x03, 0x02, 0x10, 0x03,
  0x01, 0x03, 0x03, 0x04, 0x04, 0x02, 0x6F, 0x04, 0x1D, 0x03, 0x12, 0x04,
  0x01, 0x03, 0x04, 0x03, 0x03, 0x02, 0x70, 0x05, 0x17, 0x05, 0x14, 0x0B,
  0x02, 0x02, 0x03, 0x02, 0x71, 0x05, 0x12, 0x08, 0x16, 0x0A, 0x02, 0x01,
  0x04, 0x03, 0x6E, 0x02, 0x10, 0x09, 0x04, 0x01, 0x17, 0x06, 0x02, 0x02,
  0x02, 0x01, 0x04, 0x03, 0x6D, 0x01, 0x12, 0x05, 0x1F, 0x02, 0x07, 0x02,
  0x01, 0x02, 0x04, 0x03, 0x6B, 0x02, 0x15, 0x02, 0x1F, 0x02, 0x08, 0x02,
  0x01, 0x01, 0x06, 0x02, 0x6A, 0x04, 0x13, 0x02, 0x1F, 0x02, 0x09, 0x01,
  0x02, 0x01, 0x06, 0x02, 0x6A, 0x02, 0x12, 0x03, 0x20, 0x02, 0x09, 0x02,
  0x01, 0x02, 0x03, 0x02, 0x01, 0x02, 0x6A, 0x01, 0x11, 0x03, 0x0F, 0x01,
  0x10, 0x02, 0x0B, 0x02, 0x01, 0x01, 0x02, 0x04, 0x01, 0x01, 0x6A, 0x02,
  0x0D, 0x04, 0x11, 0x01, 0x10, 0x02, 0x0B, 0x02, 0x01, 0x02, 0x01, 0x02,
  0x01, 0x01, 0x01, 0x02, 0x69, 0x04, 0x0A, 0x04, 0x11, 0x02, 0x10, 0x02,
  0x0C, 0x02, 0x01, 0x02, 0x01, 0x03, 0x01, 0x02, 0x6A, 0x03, 0x07, 0x04,
  0x14, 0x02, 0x10, 0x02, 0x0D, 0x02, 0x01, 0x02, 0x01, 0x01, 0x02, 0x02,
  0x6B, 0x04, 0x05, 0x03, 0x16, 0x01, 0x10, 0x02, 0x0D, 0x02, 0x02, 0x03,
  0x01, 0x03, 0x6B, 0x05, 0x03, 0x02, 0x18, 0x01, 0x11, 0x02, 0x0D, 0x03,
  0x02, 0x04, 0x6C, 0x02, 0x01, 0x03, 0x02, 0x02, 0x18, 0x02, 0x10, 0x02,
  0x0E, 0x04, 0x01, 0x03, 0x6C, 0x02, 0x03, 0x02, 0x03, 0x02, 0x0C, 0x02,
  0x09, 0x01, 0x10, 0x02, 0x10, 0x05, 0x6D, 0x02, 0x04, 0x03, 0x01, 0x02,
  0x0C, 0x02, 0x08, 0x03, 0x0F, 0x02, 0x82, 0x02, 0x05, 0x05, 0x0C, 0x02,
  0x06, 0x06, 0x0E, 0x02, 0x82, 0x02, 0x07, 0x03, 0x0C, 0x01, 0x05, 0x04,
  0x03, 0x03, 0x0C, 0x02, 0x82, 0x02, 0x08, 0x02, 0x0B, 0x02, 0x01, 0x06,
  0x06, 0x06, 0x08, 0x02, 0x82, 0x02, 0x08, 0x02, 0x0B, 0x07, 0x07, 0x02,
  0x01, 0x04, 0x08, 0x01, 0x83, 0x01, 0x09, 0x02, 0x0B, 0x02, 0x02, 0x02,
  0x08, 0x02, 0x02, 0x02, 0x08, 0x02, 0x82, 0x02, 0x09, 0x02, 0x0A, 0x02,
  0x02, 0x02, 0x08, 0x02, 0x03, 0x02, 0x08, 0x02, 0x81, 0x03, 0x08, 0x02,
  0x0B, 0x02, 0x02, 0x03, 0x01, 0x01, 0x05, 0x02, 0x02, 0x02, 0x09, 0x02,
  0x80, 0x03, 0x09, 0x02, 0x0A, 0x02, 0x03, 0x03, 0x01, 0x01, 0x04, 0x02,
  0x02, 0x02, 0x09, 0x02, 0x81, 0x02, 0x09, 0x02, 0x0B, 0x02, 0x03, 0x05,
  0x01, 0x04, 0x03, 0x02, 0x09, 0x02, 0x81, 0x03, 0x02, 0x01, 0x04, 0x02,
  0x0B, 0x02, 0x05, 0x08, 0x04, 0x03, 0x02, 0x01, 0x04, 0x02, 0x82, 0x03,
  0x01, 0x02, 0x04, 0x02, 0x01, 0x01, 0x08, 0x02, 0x12, 0x03, 0x01, 0x02,
  0x03, 0x03, 0x83, 0x0C, 0x02, 0x01, 0x05, 0x03, 0x12, 0x0B, 0x85, 0x0B,
  0x02, 0x01, 0x04, 0x03, 0x15, 0x07, 0x90, 0x0B, 0xAE, 0x08, 0xFF, 0x00,
  0xD5,
};

const uint8_t CAT_GROOM_3_RLE[] PROGMEM = {
  0xFF, 0x00, 0xFF, 0x00, 0xFF, 0x00, 0x2B, 0x04, 0xB3, 0x08, 0xB0, 0x01,
  0x05, 0x04, 0xAD, 0x02, 0x07, 0x04, 0xAB, 0x02, 0x09, 0x03, 0xAA, 0x02,
  0x02, 0x01, 0x07, 0x03, 0x22, 0x03, 0x83, 0x02, 0x03, 0x01, 0x09, 0x02,
  0x1C, 0x09, 0x82, 0x02, 0x03, 0x02, 0x09, 0x02, 0x19, 0x06, 0x04, 0x02,
  0x81, 0x02, 0x04, 0x01, 0x02, 0x02, 0x05, 0x03, 0x16, 0x04, 0x08, 0x02,
  0x81, 0x02, 0x04, 0x02, 0x01, 0x02, 0x06, 0x02, 0x14, 0x04, 0x0A, 0x02,
  0x81, 0x01, 0x06, 0x01, 0x01, 0x01, 0x08, 0x02, 0x12, 0x03, 0x0C, 0x02,
  0x80, 0x02, 0x06, 0x03, 0x08, 0x02, 0x11, 0x02, 0x0B, 0x01, 0x02, 0x02,
  0x80, 0x02, 0x03, 0x02, 0x01, 0x02, 0x04, 0x01, 0x04, 0x02, 0x10, 0x02,
  0x0B, 0x01, 0x04, 0x01, 0x80, 0x02, 0x04, 0x04, 0x04, 0x01, 0x05, 0x02,
  0x0E, 0x02, 0x07, 0x01, 0x03, 0x02, 0x04, 0x01, 0x80, 0x02, 0x06, 0x03,
  0x02, 0x02, 0x05, 0x02, 0x01, 0x05, 0x07, 0x02, 0x08, 0x01, 0x03, 0x01,
  0x05, 0x02, 0x7F, 0x02, 0x08, 0x01, 0x02, 0x01, 0x05, 0x0D, 0x03, 0x02,
  0x08, 0x01, 0x02, 0x01, 0x06, 0x02, 0x7F, 0x02, 0x08, 0x04, 0x04, 0x04,
  0x06, 0x08, 0x09, 0x01, 0x01, 0x02, 0x06, 0x02, 0x7F, 0x02, 0x03, 0x01,
  0x05, 0x02, 0x04, 0x02, 0x0D, 0x04, 0x04, 0x01, 0x04, 0x03, 0x07, 0x02,
  0x7F, 0x02, 0x03, 0x08, 0x15, 0x01, 0x05, 0x01, 0x04, 0x07, 0x03, 0x02,
  0x7F, 0x02, 0x05, 0x06, 0x15, 0x01, 0x05, 0x01, 0x03, 0x06, 0x05, 0x01,
  0x76, 0x01, 0x09, 0x02, 0x20, 0x01, 0x05, 0x02, 0x01, 0x02, 0x0A, 0x01,
  0x76, 0x01, 0x0A, 0x02, 0x25, 0x04, 0x0A, 0x02, 0x75, 0x03, 0x09, 0x02,
  0x26, 0x02, 0x0B, 0x02, 0x75, 0x03, 0x0A, 0x02, 0x02, 0x01, 0x21, 0x03,
  0x06, 0x01, 0x04, 0x02, 0x74, 0x02, 0x01, 0x02, 0x09, 0x05, 0x21, 0x0A,
  0x04, 0x02, 0x72, 0x03, 0x03, 0x03, 0x08, 0x03, 0x21, 0x02, 0x05, 0x02,
  0x05, 0x02, 0x73, 0x03, 0x03, 0x03, 0x08, 0x02, 0x30, 0x02, 0x75, 0x02,
  0x01, 0x02, 0x09, 0x02, 0x31, 0x02, 0x76, 0x03, 0x0A, 0x02, 0x30, 0x02,
  0x78, 0x02, 0x09, 0x02, 0x29, 0x01, 0x06, 0x02, 0x79, 0x01, 0x0A, 0x02,
  0x05, 0x04, 0x20, 0x02, 0x04, 0x03, 0x0A, 0x01, 0x6E, 0x01, 0x09, 0x02,
  0x06, 0x02, 0x24, 0x06, 0x0B, 0x02, 0x77, 0x02, 0x2C, 0x04, 0x0D, 0x02,
  0x77, 0x02, 0x1C, 0x03, 0x0F, 0x02, 0x0C, 0x04, 0x76, 0x01, 0x1F, 0x02,
  0x0E, 0x02, 0x0B, 0x02, 0x02, 0x02, 0x74, 0x02, 0x30, 0x02, 0x09, 0x02,
  0x03, 0x03, 0x73, 0x02, 0x05, 0x04, 0x27, 0x02, 0x0B, 0x01, 0x01, 0x02,
  0x75, 0x02, 0x04, 0x06, 0x26, 0x02, 0x0B, 0x03, 0x76, 0x02, 0x03, 0x02,
  0x01, 0x05, 0x25, 0x02, 0x0C, 0x02, 0x76, 0x02, 0x02, 0x02, 0x02, 0x05,
  0x12, 0x02, 0x11, 0x02, 0x0C, 0x02, 0x76, 0x02, 0x01, 0x03, 0x01, 0x02,
  0x02, 0x03, 0x0F, 0x07, 0x0E, 0x02, 0x84, 0x02, 0x01, 0x02, 0x01, 0x03,
  0x03, 0x02, 0x0D, 0x0A, 0x0D, 0x02, 0x84, 0x02, 0x01, 0x02, 0x01, 0x03,
  0x02, 0x03, 0x0D, 0x02, 0x02, 0x03, 0x01, 0x03, 0x0C, 0x02, 0x83, 0x02,
  0x02, 0x02, 0x01, 0x08, 0x0C, 0x02, 0x03, 0x04, 0x01, 0x02, 0x0C, 0x02,
  0x81, 0x03, 0x03, 0x02, 0x01, 0x08, 0x0C, 0x02, 0x04, 0x03, 0x01, 0x02,
  0x0C, 0x02, 0x82, 0x04, 0x02, 0x01, 0x01, 0x08, 0x0B, 0x03, 0x03, 0x05,
  0x01, 0x02, 0x0B, 0x02, 0x83, 0x04, 0x01, 0x01, 0x01, 0x07, 0x0C, 0x0B,
  0x01, 0x02, 0x0A, 0x02, 0x07, 0x08, 0x75, 0x02, 0x05, 0x03, 0x01, 0x03,
  0x0C, 0x0B, 0x01, 0x02, 0x0A, 0x02, 0x05, 0x0C, 0x73, 0x02, 0x06, 0x05,
  0x03, 0x04, 0x06, 0x0B, 0x01, 0x02, 0x0A, 0x02, 0x04, 0x03, 0x08, 0x04,
  0x71, 0x04, 0x04, 0x04, 0x05, 0x02, 0x07, 0x0A, 0x02, 0x02, 0x09, 0x02,
  0x04, 0x03, 0x0B, 0x03, 0x6F, 0x04, 0x18, 0x05, 0x02, 0x02, 0x01, 0x02,
  0x09, 0x03, 0x03, 0x02, 0x0E, 0x03, 0x6D, 0x02, 0x02, 0x01, 0x0B, 0x05,
  0x08, 0x03, 0x01, 0x01, 0x01, 0x02, 0x02, 0x02, 0x0A, 0x03, 0x01, 0x02,
  0x07, 0x02, 0x07, 0x02, 0x71, 0x02, 0x0B, 0x07, 0x06, 0x07, 0x0E, 0x03,
  0x01, 0x02, 0x04, 0x07, 0x06, 0x02, 0x70, 0x02, 0x0C, 0x06, 0x07, 0x05,
  0x0E, 0x03, 0x01, 0x02, 0x04, 0x03, 0x03, 0x03, 0x05, 0x02, 0x71, 0x02,
  0x0B, 0x02, 0x02, 0x01, 0x19, 0x04, 0x02, 0x02, 0x04, 0x02, 0x06, 0x02,
  0x05, 0x02, 0x71, 0x02, 0x0A, 0x02, 0x01, 0x02, 0x10, 0x01, 0x09, 0x02,
  0x03, 0x02, 0x03, 0x02, 0x08, 0x02, 0x04, 0x02, 0x72, 0x03, 0x09, 0x03,
  0x11, 0x03, 0x07, 0x02, 0x02, 0x02, 0x04, 0x01, 0x02, 0x03, 0x04, 0x02,
  0x05, 0x02, 0x72, 0x03, 0x09, 0x01, 0x14, 0x02, 0x03, 0x04, 0x03, 0x02,
  0x04, 0x07, 0x04, 0x02, 0x04, 0x02, 0x74, 0x03, 0x1D, 0x02, 0x01, 0x04,
  0x04, 0x02, 0x04, 0x03, 0x03, 0x02, 0x03, 0x02, 0x04, 0x02, 0x75, 0x05,
  0x1C, 0x03, 0x06, 0x02, 0x04, 0x02, 0x01, 0x03, 0x01, 0x02, 0x02, 0x02,
  0x04, 0x02, 0x77, 0x05, 0x17, 0x04, 0x09, 0x01, 0x04, 0x02, 0x01, 0x02,
  0x02, 0x02, 0x02, 0x02, 0x04, 0x02, 0x76, 0x02, 0x02, 0x02, 0x14, 0x07,
  0x09, 0x02, 0x03, 0x06, 0x01, 0x02, 0x02, 0x02, 0x04, 0x02, 0x75, 0x02,
  0x14, 0x08, 0x02, 0x05, 0x06, 0x02, 0x03, 0x02, 0x02, 0x05, 0x02, 0x02,
  0x04, 0x02, 0x75, 0x02, 0x15, 0x05, 0x06, 0x05, 0x05, 0x02, 0x03, 0x01,
  0x02, 0x02, 0x01, 0x02, 0x02, 0x02, 0x04, 0x02, 0x75, 0x03, 0x17, 0x02,
  0x09, 0x03, 0x04, 0x02, 0x03, 0x02, 0x01, 0x02, 0x01, 0x02, 0x02, 0x02,
  0x04, 0x02, 0x75, 0x03, 0x17, 0x01, 0x0C, 0x03, 0x03, 0x02, 0x03, 0x02,
  0x02, 0x02, 0x02, 0x02, 0x05, 0x02, 0x76, 0x02, 0x15, 0x03, 0x0D, 0x03,
  0x03, 0x03, 0x02, 0x01, 0x01, 0x02, 0x03, 0x02, 0x05, 0x02, 0x76, 0x02,
  0x14, 0x03, 0x0F, 0x02, 0x04, 0x08, 0x03, 0x01, 0x05, 0x02, 0x77, 0x02,
  0x01, 0x01, 0x0F, 0x04, 0x12, 0x02, 0x06, 0x04, 0x03, 0x02, 0x05, 0x02,
  0x77, 0x04, 0x0C, 0x01, 0x01, 0x04, 0x14, 0x02, 0x0B, 0x02, 0x06, 0x02,
  0x78, 0x03, 0x0B, 0x04, 0x17, 0x02, 0x0A, 0x03, 0x05, 0x02, 0x79, 0x05,
  0x06, 0x04, 0x1B, 0x02, 0x08, 0x03, 0x06, 0x02, 0x79, 0x02, 0x01, 0x03,
  0x04, 0x04, 0x1C, 0x02, 0x06, 0x04, 0x06, 0x02, 0x7A, 0x02, 0x02, 0x02,
  0x04, 0x01, 0x20, 0x03, 0x01, 0x05, 0x07, 0x03, 0x7A, 0x02, 0x03, 0x02,
  0x02, 0x02, 0x20, 0x07, 0x09, 0x02, 0x5F, 0x03, 0x19, 0x02, 0x04, 0x02,
  0x23, 0x02, 0x0D, 0x02, 0x5C, 0x0C, 0x15, 0x01, 0x05, 0x01, 0x03, 0x02,
  0x0C, 0x01, 0x11, 0x02, 0x0C, 0x02, 0x5C, 0x03, 0x07, 0x05, 0x13, 0x02,
  0x04, 0x03, 0x01, 0x02, 0x0C, 0x01, 0x02, 0x01, 0x0E, 0x02, 0x0A, 0x03,
  0x5C, 0x02, 0x0C, 0x03, 0x12, 0x02, 0x05, 0x05, 0x0C, 0x01, 0x01, 0x02,
  0x0E, 0x02, 0x08, 0x04, 0x5D, 0x01, 0x06, 0x01, 0x08, 0x03, 0x10, 0x02,
  0x07, 0x03, 0x0B, 0x02, 0x01, 0x01, 0x0F, 0x02, 0x06, 0x04, 0x5E, 0x02,
  0x06, 0x07, 0x04, 0x02, 0x0F, 0x02, 0x08, 0x02, 0x0B, 0x02, 0x01, 0x01,
  0x0F, 0x0A, 0x60, 0x02, 0x06, 0x05, 0x01, 0x02, 0x04, 0x02, 0x0F, 0x01,
  0x08, 0x02, 0x0B, 0x02, 0x01, 0x02, 0x0E, 0x02, 0x01, 0x04, 0x63, 0x02,
  0x05, 0x02, 0x02, 0x02, 0x02, 0x01, 0x05, 0x01, 0x0F, 0x02, 0x07, 0x02,
  0x0A, 0x02, 0x02, 0x02, 0x0E, 0x02, 0x68, 0x03, 0x05, 0x02, 0x03, 0x03,
  0x05, 0x02, 0x0E, 0x02, 0x07, 0x02, 0x0A, 0x02, 0x03, 0x02, 0x0C, 0x02,
  0x69, 0x04, 0x05, 0x07, 0x05, 0x02, 0x0E, 0x02, 0x07, 0x02, 0x0A, 0x09,
  0x0A, 0x02, 0x69, 0x02, 0x01, 0x02, 0x10, 0x02, 0x0D, 0x02, 0x08, 0x02,
  0x09, 0x02, 0x01, 0x03, 0x02, 0x03, 0x08, 0x02, 0x6A, 0x03, 0x01, 0x03,
  0x0E, 0x02, 0x0D, 0x01, 0x08, 0x02, 0x0A, 0x05, 0x0E, 0x02, 0x6A, 0x04,
  0x02, 0x03, 0x0D, 0x01, 0x0C, 0x04, 0x01, 0x01, 0x04, 0x02, 0x09, 0x08,
  0x01, 0x01, 0x08, 0x03, 0x6B, 0x05, 0x03, 0x04, 0x0A, 0x02, 0x0B, 0x03,
  0x02, 0x01, 0x03, 0x02, 0x0A, 0x02, 0x02, 0x03, 0x01, 0x02, 0x06, 0x04,
  0x6C, 0x02, 0x01, 0x03, 0x04, 0x09, 0x04, 0x03, 0x0A, 0x05, 0x02, 0x05,
  0x01, 0x01, 0x05, 0x02, 0x04, 0x05, 0x03, 0x05, 0x6F, 0x03, 0x01, 0x04,
  0x09, 0x03, 0x03, 0x03, 0x0A, 0x0A, 0x02, 0x01, 0x04, 0x02, 0x06, 0x0A,
  0x71, 0x02, 0x01, 0x02, 0x01, 0x06, 0x07, 0x02, 0x04, 0x03, 0x0C, 0x01,
  0x03, 0x0A, 0x09, 0x04, 0x76, 0x03, 0x01, 0x02, 0x01, 0x0B, 0x01, 0x02,
  0x05, 0x03, 0x0F, 0x08, 0x85, 0x05, 0x01, 0x01, 0x01, 0x01, 0x01, 0x01,
  0x01, 0x06, 0x01, 0x02, 0x06, 0x03, 0x9C, 0x05, 0x01, 0x01, 0x01, 0x01,
  0x01, 0x04, 0x01, 0x02, 0x01, 0x02, 0x07, 0x02, 0x9D, 0x0C, 0x02, 0x02,
  0x02, 0x01, 0x03, 0x03, 0x01, 0x02, 0x9F, 0x06, 0x06, 0x02, 0x02, 0x01,
  0x02, 0x04, 0x01, 0x01, 0xAC, 0x02, 0x02, 0x02, 0x01, 0x02, 0x02, 0x02,
  0xAC, 0x02, 0x02, 0x07, 0xAE, 0x03, 0x02, 0x02, 0x01, 0x02, 0xB0, 0x03,
  0x02, 0x03, 0xB1, 0x05, 0xFF, 0x00, 0xDE,
};

const uint8_t CAT_WASH_0_RLE[] PROGMEM = {
  0xFF, 0x00, 0xFF, 0x00, 0xFF, 0x00, 0x2F, 0x07, 0xAF, 0x05, 0x02, 0x04,
  0xAC, 0x03, 0x07, 0x03, 0xAA, 0x02, 0x08, 0x06, 0xA7, 0x02, 0x07, 0x03,
  0x03, 0x02, 0xA6, 0x02, 0x06, 0x03, 0x06, 0x02, 0xA4, 0x02, 0x06, 0x02,
  0x02, 0x05, 0x01, 0x02, 0xA3, 0x02, 0x06, 0x02, 0x02, 0x02, 0x03, 0x01,
  0x01, 0x02, 0xA3, 0x01, 0x06, 0x02, 0x01, 0x06, 0x01, 0x01, 0x01, 0x02,
  0xA2, 0x02, 0x05, 0x02, 0x01, 0x03, 0x01, 0x02, 0x02, 0x01, 0x01, 0x01,
  0xA3, 0x02, 0x04, 0x02, 0x01, 0x02, 0x01, 0x02, 0x01, 0x03, 0x01, 0x02,
  0xA2, 0x03, 0x03, 0x02, 0x01, 0x04, 0x01, 0x01, 0x02, 0x02, 0x01, 0x01,
  0xA3, 0x01, 0x01, 0x01, 0x03, 0x02, 0x01, 0x01, 0x01, 0x02, 0x02, 0x03,
  0x01, 0x02, 0xA2, 0x05, 0x02, 0x01, 0x01, 0x02, 0x01, 0x01, 0x01, 0x01,
  0x01, 0x02, 0x01, 0x02, 0xA2, 0x04, 0x01, 0x04, 0x01, 0x02, 0x01, 0x01,
  0x01, 0x03, 0x01, 0x02, 0xA3, 0x02, 0x02, 0x01, 0x01, 0x03, 0x01, 0x06,
  0x01, 0x03, 0xA3, 0x02, 0x03, 0x05, 0x02, 0x03, 0x01, 0x03, 0xA4, 0x02,
  0x05, 0x0C, 0xA4, 0x02, 0x06, 0x02, 0x02, 0x06, 0xA5, 0x02, 0x06, 0x02,
  0xAD, 0x02, 0x06, 0x02, 0xAE, 0x02, 0x05, 0x02, 0xAE, 0x02, 0x06, 0x01,
  0x32, 0x03, 0x79, 0x02, 0x06, 0x02, 0x2F, 0x07, 0x78, 0x02, 0x05, 0x02,
  0x2E, 0x04, 0x03, 0x02, 0x77, 0x02, 0x06, 0x01, 0x0A, 0x05, 0x1E, 0x04,
  0x06, 0x01, 0x77, 0x02, 0x05, 0x02, 0x0A, 0x08, 0x1A, 0x03, 0x08, 0x02,
  0x75, 0x02, 0x05, 0x02, 0x0A, 0x02, 0x05, 0x04, 0x17, 0x02, 0x07, 0x01,
  0x02, 0x02, 0x75, 0x02, 0x05, 0x02, 0x0A, 0x02, 0x08, 0x03, 0x14, 0x02,
  0x07, 0x02, 0x02, 0x02, 0x74, 0x03, 0x04, 0x02, 0x0B, 0x01, 0x0B, 0x02,
  0x12, 0x02, 0x07, 0x02, 0x04, 0x01, 0x74, 0x04, 0x03, 0x01, 0x0C, 0x01,
  0x03, 0x01, 0x08, 0x02, 0x11, 0x02, 0x04, 0x02, 0x01, 0x02, 0x04, 0x02,
  0x73, 0x02, 0x01, 0x05, 0x0B, 0x02, 0x03, 0x02, 0x01, 0x01, 0x06, 0x02,
  0x0F, 0x02, 0x05, 0x04, 0x05, 0x02, 0x73, 0x04, 0x01, 0x03, 0x0B, 0x02,
  0x04, 0x01, 0x01, 0x01, 0x07, 0x02, 0x0E, 0x02, 0x05, 0x06, 0x03, 0x02,
  0x73, 0x01, 0x02, 0x04, 0x0C, 0x02, 0x04, 0x03, 0x07, 0x02, 0x0E, 0x01,
  0x03, 0x01, 0x03, 0x04, 0x04, 0x02, 0x72, 0x02, 0x02, 0x02, 0x0E, 0x02,
  0x05, 0x02, 0x02, 0x02, 0x04, 0x02, 0x04, 0x0A, 0x03, 0x02, 0x02, 0x01,
  0x07, 0x02, 0x70, 0x03, 0x03, 0x02, 0x0E, 0x02, 0x03, 0x05, 0x01, 0x02,
  0x04, 0x10, 0x03, 0x02, 0x01, 0x02, 0x07, 0x02, 0x70, 0x01, 0x04, 0x02,
  0x0F, 0x02, 0x05, 0x03, 0x01, 0x01, 0x05, 0x05, 0x0A, 0x02, 0x03, 0x03,
  0x03, 0x02, 0x03, 0x02, 0x74, 0x02, 0x10, 0x02, 0x07, 0x03, 0x05, 0x02,
  0x12, 0x08, 0x03, 0x01, 0x73, 0x03, 0x12, 0x01, 0x08, 0x02, 0x02, 0x02,
  0x01, 0x01, 0x13, 0x03, 0x07, 0x02, 0x71, 0x04, 0x13, 0x02, 0x02, 0x05,
  0x01, 0x01, 0x02, 0x01, 0x20, 0x02, 0x08, 0x01, 0x7F, 0x02, 0x03, 0x07,
  0x21, 0x02, 0x08, 0x02, 0x7F, 0x02, 0x09, 0x01, 0x1D, 0x02, 0x02, 0x02,
  0x07, 0x02, 0x81, 0x02, 0x28, 0x03, 0x07, 0x02, 0x82, 0x02, 0x28, 0x02,
  0x8D, 0x02, 0x02, 0x03, 0x23, 0x02, 0x0A, 0x03, 0x80, 0x03, 0x27, 0x02,
  0x08, 0x03, 0x82, 0x03, 0x1C, 0x03, 0x07, 0x02, 0x8E, 0x02, 0x1C, 0x03,
  0x08, 0x02, 0x8C, 0x02, 0x0B, 0x03, 0x1A, 0x02, 0x07, 0x02, 0x83, 0x02,
  0x0B, 0x03, 0x1B, 0x01, 0x07, 0x04, 0x81, 0x01, 0x20, 0x05, 0x05, 0x02,
  0x8A, 0x02, 0x1F, 0x07, 0x04, 0x02, 0x8A, 0x02, 0x0A, 0x05, 0x0F, 0x09,
  0x03, 0x02, 0x8A, 0x02, 0x09, 0x07, 0x0E, 0x02, 0x02, 0x05, 0x04, 0x01,
  0x8A, 0x02, 0x08, 0x04, 0x01, 0x04, 0x0C, 0x03, 0x02, 0x06, 0x03, 0x01,
  0x8A, 0x02, 0x07, 0x04, 0x03, 0x03, 0x0C, 0x03, 0x02, 0x06, 0x03, 0x02,
  0x89, 0x02, 0x07, 0x04, 0x03, 0x04, 0x0B, 0x09, 0x01, 0x01, 0x03, 0x02,
  0x89, 0x02, 0x07, 0x01, 0x01, 0x03, 0x01, 0x05, 0x0B, 0x09, 0x01, 0x01,
  0x03, 0x03, 0x88, 0x02, 0x06, 0x02, 0x01, 0x09, 0x05, 0x03, 0x04, 0x08,
  0x01, 0x01, 0x04, 0x03, 0x87, 0x02, 0x06, 0x02, 0x01, 0x04, 0x02, 0x03,
  0x05, 0x03, 0x04, 0x04, 0x01, 0x02, 0x07, 0x02, 0x89, 0x01, 0x07, 0x01,
  0x01, 0x04, 0x03, 0x02, 0x06, 0x01, 0x06, 0x06, 0x07, 0x02, 0x89, 0x02,
  0x06, 0x06, 0x03, 0x01, 0x07, 0x02, 0x01, 0x02, 0x03, 0x04, 0x04, 0x08,
  0x85, 0x03, 0x0A, 0x07, 0x03, 0x08, 0x0F, 0x06, 0x84, 0x02, 0x0C, 0x05,
  0x05, 0x03, 0x01, 0x03, 0x0F, 0x02, 0x89, 0x03, 0x02, 0x04, 0x0F, 0x01,
  0x03, 0x02, 0x0B, 0x05, 0x8B, 0x07, 0x10, 0x01, 0x03, 0x01, 0x0F, 0x03,
  0x88, 0x05, 0x05, 0x01, 0x0E, 0x02, 0x01, 0x02, 0x0E, 0x02, 0x01, 0x03,
  0x85, 0x02, 0x02, 0x02, 0x03, 0x03, 0x0F, 0x03, 0x0E, 0x02, 0x8F, 0x02,
  0x01, 0x02, 0x20, 0x03, 0x91, 0x03, 0x1F, 0x03, 0x92, 0x05, 0x1C, 0x04,
  0x93, 0x01, 0x02, 0x05, 0x15, 0x06, 0x9B, 0x08, 0x0F, 0x02, 0x02, 0x03,
  0x9C, 0x09, 0x11, 0x02, 0x9C, 0x01, 0x1A, 0x02, 0x89, 0x07, 0x0A, 0x02,
  0x18, 0x03, 0x88, 0x04, 0x03, 0x04, 0x08, 0x02, 0x19, 0x02, 0x87, 0x02,
  0x08, 0x03, 0x06, 0x03, 0x19, 0x02, 0x86, 0x02, 0x0A, 0x02, 0x05, 0x02,
  0x01, 0x04, 0x16, 0x02, 0x85, 0x02, 0x05, 0x04, 0x03, 0x02, 0x03, 0x02,
  0x04, 0x02, 0x16, 0x02, 0x85, 0x01, 0x04, 0x07, 0x03, 0x01, 0x02, 0x02,
  0x06, 0x02, 0x01, 0x02, 0x10, 0x04, 0x84, 0x02, 0x03, 0x02, 0x05, 0x02,
  0x02, 0x02, 0x01, 0x02, 0x07, 0x04, 0x10, 0x03, 0x85, 0x02, 0x03, 0x02,
  0x05, 0x02, 0x02, 0x04, 0x09, 0x04, 0x0F, 0x04, 0x84, 0x01, 0x03, 0x02,
  0x03, 0x05, 0x02, 0x03, 0x0C, 0x02, 0x0E, 0x02, 0x01, 0x02, 0x83, 0x02,
  0x03, 0x02, 0x02, 0x02, 0x02, 0x02, 0x02, 0x02, 0x0E, 0x02, 0x0D, 0x01,
  0x01, 0x04, 0x82, 0x02, 0x03, 0x02, 0x02, 0x01, 0x01, 0x02, 0x04, 0x02,
  0x0F, 0x04, 0x07, 0x04, 0x01, 0x02, 0x01, 0x02, 0x81, 0x02, 0x03, 0x02,
  0x01, 0x02, 0x01, 0x02, 0x04, 0x02, 0x11, 0x03, 0x06, 0x03, 0x02, 0x02,
  0x01, 0x02, 0x82, 0x01, 0x03, 0x02, 0x02, 0x01, 0x01, 0x02, 0x03, 0x02,
  0x0A, 0x02, 0x08, 0x01, 0x05, 0x02, 0x04, 0x01, 0x02, 0x02, 0x82, 0x01,
  0x04, 0x02, 0x01, 0x03, 0x02, 0x04, 0x0B, 0x01, 0x0D, 0x02, 0x05, 0x01,
  0x03, 0x01, 0x82, 0x02, 0x03, 0x02, 0x02, 0x08, 0x0B, 0x01, 0x13, 0x02,
  0x03, 0x01, 0x82, 0x02, 0x04, 0x03, 0x05, 0x03, 0x0B, 0x02, 0x08, 0x02,
  0x01, 0x01, 0x06, 0x02, 0x03, 0x01, 0x83, 0x02, 0x04, 0x0A, 0x0B, 0x02,
  0x08, 0x04, 0x06, 0x01, 0x03, 0x02, 0x84, 0x02, 0x06, 0x04, 0x02, 0x01,
  0x0B, 0x02, 0x08, 0x03, 0x06, 0x02, 0x03, 0x02, 0x84, 0x03, 0x0B, 0x01,
  0x0C, 0x01, 0x08, 0x03, 0x06, 0x02, 0x02, 0x02, 0x86, 0x03, 0x0A, 0x02,
  0x0A, 0x02, 0x08, 0x03, 0x06, 0x06, 0x88, 0x04, 0x05, 0x04, 0x07, 0x06,
  0x07, 0x03, 0x06, 0x05, 0x8A, 0x0D, 0x04, 0x03, 0x03, 0x02, 0x07, 0x03,
  0x06, 0x01, 0x03, 0x02, 0x8D, 0x03, 0x04, 0x02, 0x0B, 0x01, 0x07, 0x03,
  0x06, 0x02, 0x01, 0x01, 0x01, 0x01, 0x95, 0x02, 0x06, 0x01, 0x01, 0x04,
  0x07, 0x02, 0x02, 0x01, 0x02, 0x03, 0x01, 0x03, 0x96, 0x03, 0x04, 0x01,
  0x02, 0x03, 0x03, 0x01, 0x01, 0x05, 0x01, 0x02, 0x01, 0x07, 0x98, 0x0F,
  0x01, 0x0E, 0x9C, 0x06, 0x03, 0x07, 0x03, 0x04, 0xFF, 0x00, 0xBB,
};

const uint8_t CAT_WASH_1_RLE[] PROGMEM = {
  0xFF, 0x00, 0xFF, 0x00, 0xFF, 0x00, 0x2E, 0x07, 0xAF, 0x05, 0x02, 0x04,
  0xAC, 0x03, 0x08, 0x02, 0xAA, 0x02, 0x08, 0x06, 0xA6, 0x03, 0x06, 0x04,
  0x03, 0x02, 0xA6, 0x02, 0x06, 0x03, 0x06, 0x02, 0xA4, 0x02, 0x06, 0x02,
  0x02, 0x05, 0x01, 0x02, 0xA3, 0x02, 0x06, 0x02, 0x02, 0x02, 0x03, 0x01,
  0x01, 0x02, 0xA3, 0x01, 0x06, 0x01, 0x02, 0x02, 0x01, 0x03, 0x01, 0x01,
  0x01, 0x02, 0xA2, 0x02, 0x05, 0x02, 0x01, 0x03, 0x01, 0x02, 0x02, 0x01,
  0x01, 0x01, 0xA3, 0x02, 0x04, 0x02, 0x01, 0x02, 0x01, 0x02, 0x01, 0x03,
  0x01, 0x02, 0xA2, 0x03, 0x03, 0x02, 0x01, 0x04, 0x01, 0x02, 0x01, 0x04,
  0xA2, 0x02, 0x01, 0x01, 0x03, 0x01, 0x02, 0x01, 0x01, 0x02, 0x02, 0x03,
  0x01, 0x02, 0x03, 0x02, 0x9D, 0x02, 0x01, 0x02, 0x02, 0x01, 0x01, 0x02,
  0x01, 0x01, 0x01, 0x01, 0x01, 0x02, 0x01, 0x02, 0x04, 0x03, 0x9B, 0x04,
  0x01, 0x04, 0x01, 0x02, 0x01, 0x01, 0x01, 0x02, 0x02, 0x02, 0x06, 0x03,
  0x99, 0x02, 0x03, 0x01, 0x01, 0x03, 0x01, 0x06, 0x01, 0x03, 0x03, 0x02,
  0x03, 0x02, 0x98, 0x03, 0x03, 0x05, 0x03, 0x01, 0x02, 0x03, 0x05, 0x03,
  0x9C, 0x02, 0x05, 0x0C, 0x03, 0x01, 0x03, 0x03, 0x9A, 0x02, 0x05, 0x03,
  0x02, 0x05, 0x06, 0x02, 0x03, 0x01, 0x06, 0x02, 0x92, 0x02, 0x06, 0x02,
  0x0E, 0x03, 0x09, 0x03, 0x90, 0x02, 0x06, 0x02, 0x0C, 0x01, 0x03, 0x02,
  0x0A, 0x03, 0x8F, 0x02, 0x05, 0x02, 0x0D, 0x02, 0x03, 0x01, 0x05, 0x02,
  0x04, 0x01, 0x8F, 0x02, 0x05, 0x02, 0x0E, 0x03, 0x08, 0x03, 0x92, 0x02,
  0x06, 0x02, 0x0F, 0x01, 0x0A, 0x02, 0x07, 0x01, 0x8A, 0x02, 0x05, 0x02,
  0x1B, 0x02, 0x07, 0x03, 0x87, 0x02, 0x05, 0x02, 0x18, 0x02, 0x0C, 0x03,
  0x86, 0x01, 0x06, 0x02, 0x07, 0x03, 0x09, 0x01, 0x04, 0x02, 0x09, 0x01,
  0x02, 0x03, 0x85, 0x02, 0x05, 0x02, 0x07, 0x06, 0x07, 0x02, 0x04, 0x02,
  0x08, 0x02, 0x02, 0x01, 0x86, 0x02, 0x05, 0x01, 0x07, 0x02, 0x03, 0x04,
  0x05, 0x03, 0x03, 0x03, 0x03, 0x02, 0x03, 0x02, 0x87, 0x03, 0x04, 0x02,
  0x07, 0x01, 0x06, 0x04, 0x04, 0x02, 0x04, 0x02, 0x04, 0x02, 0x02, 0x03,
  0x04, 0x02, 0x80, 0x01, 0x01, 0x02, 0x02, 0x02, 0x07, 0x02, 0x08, 0x03,
  0x03, 0x02, 0x0A, 0x03, 0x02, 0x03, 0x03, 0x03, 0x7F, 0x02, 0x01, 0x05,
  0x07, 0x02, 0x02, 0x01, 0x07, 0x02, 0x0E, 0x03, 0x09, 0x03, 0x7E, 0x04,
  0x01, 0x02, 0x08, 0x01, 0x03, 0x02, 0x07, 0x02, 0x0E, 0x01, 0x0A, 0x03,
  0x7D, 0x02, 0x02, 0x04, 0x07, 0x02, 0x04, 0x01, 0x01, 0x01, 0x06, 0x02,
  0x03, 0x02, 0x05, 0x01, 0x06, 0x02, 0x04, 0x01, 0x01, 0x02, 0x7C, 0x03,
  0x02, 0x02, 0x09, 0x02, 0x04, 0x03, 0x06, 0x02, 0x03, 0x02, 0x05, 0x02,
  0x06, 0x02, 0x03, 0x01, 0x7E, 0x03, 0x03, 0x01, 0x0A, 0x02, 0x05, 0x02,
  0x07, 0x02, 0x03, 0x02, 0x04, 0x03, 0x05, 0x03, 0x81, 0x01, 0x04, 0x02,
  0x0A, 0x02, 0x02, 0x05, 0x02, 0x01, 0x05, 0x01, 0x03, 0x03, 0x04, 0x03,
  0x05, 0x01, 0x05, 0x07, 0x7A, 0x02, 0x0B, 0x02, 0x04, 0x03, 0x01, 0x02,
  0x05, 0x02, 0x02, 0x02, 0x05, 0x02, 0x08, 0x0C, 0x77, 0x03, 0x0C, 0x02,
  0x06, 0x01, 0x01, 0x01, 0x06, 0x02, 0x11, 0x05, 0x08, 0x02, 0x74, 0x03,
  0x0E, 0x02, 0x06, 0x03, 0x06, 0x0A, 0x08, 0x03, 0x0B, 0x02, 0x85, 0x02,
  0x02, 0x02, 0x03, 0x02, 0x02, 0x01, 0x02, 0x0E, 0x03, 0x03, 0x0D, 0x02,
  0x85, 0x02, 0x03, 0x06, 0x01, 0x02, 0x02, 0x01, 0x0A, 0x08, 0x0A, 0x01,
  0x03, 0x02, 0x85, 0x02, 0x07, 0x02, 0x13, 0x04, 0x06, 0x01, 0x03, 0x02,
  0x03, 0x02, 0x86, 0x01, 0x08, 0x01, 0x15, 0x01, 0x07, 0x01, 0x02, 0x02,
  0x04, 0x02, 0x86, 0x02, 0x01, 0x02, 0x19, 0x02, 0x07, 0x01, 0x01, 0x01,
  0x06, 0x02, 0x87, 0x02, 0x01, 0x02, 0x1D, 0x01, 0x03, 0x03, 0x01, 0x01,
  0x04, 0x01, 0x03, 0x02, 0x83, 0x03, 0x1F, 0x01, 0x02, 0x06, 0x03, 0x02,
  0x03, 0x03, 0x82, 0x03, 0x1F, 0x01, 0x01, 0x02, 0x08, 0x02, 0x03, 0x03,
  0x82, 0x02, 0x20, 0x03, 0x09, 0x02, 0x04, 0x02, 0x81, 0x02, 0x21, 0x05,
  0x07, 0x01, 0x87, 0x02, 0x21, 0x09, 0x03, 0x02, 0x87, 0x02, 0x2D, 0x01,
  0x04, 0x01, 0x82, 0x02, 0x07, 0x03, 0x23, 0x02, 0x04, 0x02, 0x81, 0x02,
  0x09, 0x01, 0x1C, 0x01, 0x05, 0x02, 0x05, 0x03, 0x02, 0x01, 0x7D, 0x01,
  0x27, 0x03, 0x02, 0x02, 0x06, 0x01, 0x01, 0x01, 0x02, 0x02, 0x7B, 0x02,
  0x06, 0x01, 0x24, 0x02, 0x08, 0x02, 0x02, 0x03, 0x7A, 0x02, 0x04, 0x05,
  0x20, 0x03, 0x0E, 0x02, 0x7A, 0x02, 0x03, 0x07, 0x20, 0x02, 0x03, 0x02,
  0x85, 0x01, 0x03, 0x02, 0x01, 0x02, 0x01, 0x03, 0x0E, 0x02, 0x0F, 0x02,
  0x03, 0x02, 0x85, 0x01, 0x03, 0x01, 0x01, 0x02, 0x03, 0x02, 0x0D, 0x03,
  0x0F, 0x02, 0x03, 0x03, 0x83, 0x02, 0x02, 0x02, 0x01, 0x02, 0x03, 0x02,
  0x1F, 0x02, 0x03, 0x01, 0x01, 0x01, 0x81, 0x04, 0x02, 0x0A, 0x1F, 0x02,
  0x04, 0x02, 0x04, 0x02, 0x7B, 0x02, 0x04, 0x0A, 0x1F, 0x02, 0x0B, 0x02,
  0x04, 0x02, 0x75, 0x02, 0x05, 0x08, 0x1F, 0x02, 0x0A, 0x03, 0x03, 0x03,
  0x75, 0x02, 0x06, 0x03, 0x01, 0x03, 0x1F, 0x02, 0x0B, 0x03, 0x77, 0x07,
  0x04, 0x03, 0x01, 0x02, 0x20, 0x02, 0x02, 0x01, 0x08, 0x02, 0x78, 0x01,
  0x02, 0x03, 0x05, 0x05, 0x03, 0x02, 0x08, 0x05, 0x0F, 0x01, 0x03, 0x01,
  0x03, 0x02, 0x81, 0x02, 0x07, 0x01, 0x05, 0x03, 0x05, 0x08, 0x0D, 0x02,
  0x05, 0x01, 0x02, 0x01, 0x0B, 0x04, 0x72, 0x04, 0x0C, 0x01, 0x06, 0x03,
  0x01, 0x05, 0x0C, 0x02, 0x04, 0x05, 0x04, 0x04, 0x04, 0x02, 0x71, 0x05,
  0x0A, 0x04, 0x0D, 0x03, 0x0B, 0x01, 0x05, 0x03, 0x04, 0x08, 0x75, 0x01,
  0x03, 0x02, 0x0A, 0x04, 0x01, 0x01, 0x0B, 0x02, 0x0A, 0x04, 0x08, 0x03,
  0x06, 0x03, 0x78, 0x02, 0x09, 0x02, 0x01, 0x03, 0x17, 0x05, 0x06, 0x02,
  0x09, 0x03, 0x78, 0x02, 0x08, 0x02, 0x02, 0x02, 0x0E, 0x03, 0x06, 0x02,
  0x02, 0x02, 0x04, 0x02, 0x0B, 0x02, 0x79, 0x03, 0x06, 0x02, 0x02, 0x01,
  0x0F, 0x05, 0x02, 0x04, 0x03, 0x02, 0x03, 0x02, 0x03, 0x05, 0x04, 0x02,
  0x79, 0x04, 0x05, 0x04, 0x13, 0x05, 0x06, 0x02, 0x01, 0x02, 0x03, 0x02,
  0x03, 0x02, 0x04, 0x01, 0x7B, 0x04, 0x04, 0x01, 0x0F, 0x02, 0x06, 0x03,
  0x06, 0x02, 0x01, 0x02, 0x02, 0x02, 0x05, 0x02, 0x03, 0x02, 0x7B, 0x04,
  0x14, 0x03, 0x02, 0x05, 0x07, 0x04, 0x02, 0x05, 0x03, 0x01, 0x03, 0x02,
  0x7A, 0x02, 0x19, 0x04, 0x06, 0x02, 0x04, 0x03, 0x02, 0x06, 0x02, 0x02,
  0x02, 0x02, 0x7A, 0x03, 0x15, 0x06, 0x07, 0x02, 0x04, 0x03, 0x01, 0x04,
  0x02, 0x02, 0x01, 0x02, 0x03, 0x01, 0x7A, 0x03, 0x10, 0x08, 0x02, 0x01,
  0x07, 0x03, 0x03, 0x03, 0x04, 0x01, 0x02, 0x02, 0x01, 0x02, 0x03, 0x01,
  0x7B, 0x02, 0x23, 0x01, 0x05, 0x02, 0x03, 0x06, 0x01, 0x02, 0x02, 0x02,
  0x7B, 0x02, 0x29, 0x03, 0x03, 0x02, 0x01, 0x02, 0x01, 0x02, 0x02, 0x02,
  0x7B, 0x02, 0x01, 0x01, 0x10, 0x01, 0x16, 0x04, 0x03, 0x03, 0x02, 0x01,
  0x03, 0x02, 0x7C, 0x03, 0x0D, 0x03, 0x13, 0x02, 0x02, 0x02, 0x01, 0x06,
  0x02, 0x02, 0x03, 0x02, 0x7C, 0x03, 0x0C, 0x03, 0x0C, 0x01, 0x07, 0x02,
  0x03, 0x01, 0x03, 0x02, 0x03, 0x02, 0x03, 0x02, 0x7E, 0x03, 0x08, 0x04,
  0x0D, 0x02, 0x07, 0x02, 0x03, 0x01, 0x07, 0x03, 0x03, 0x02, 0x7E, 0x04,
  0x07, 0x02, 0x0E, 0x02, 0x08, 0x02, 0x03, 0x02, 0x05, 0x03, 0x03, 0x02,
  0x7F, 0x02, 0x01, 0x03, 0x15, 0x02, 0x0D, 0x08, 0x05, 0x02, 0x80, 0x01,
  0x02, 0x03, 0x14, 0x01, 0x0D, 0x02, 0x02, 0x03, 0x06, 0x02, 0x81, 0x02,
  0x03, 0x02, 0x02, 0x01, 0x0B, 0x01, 0x04, 0x01, 0x0D, 0x02, 0x0A, 0x02,
  0x82, 0x02, 0x04, 0x02, 0x01, 0x02, 0x09, 0x02, 0x04, 0x01, 0x0D, 0x02,
  0x08, 0x03, 0x83, 0x02, 0x05, 0x04, 0x09, 0x02, 0x03, 0x02, 0x0C, 0x0C,
  0x85, 0x02, 0x07, 0x02, 0x09, 0x08, 0x0B, 0x02, 0x01, 0x07, 0x88, 0x01,
  0x07, 0x02, 0x08, 0x05, 0x02, 0x02, 0x0B, 0x02, 0x8F, 0x02, 0x06, 0x03,
  0x08, 0x02, 0x06, 0x03, 0x09, 0x02, 0x8E, 0x02, 0x07, 0x03, 0x07, 0x02,
  0x01, 0x01, 0x04, 0x06, 0x06, 0x02, 0x8F, 0x02, 0x07, 0x03, 0x07, 0x04,
  0x03, 0x02, 0x0A, 0x03, 0x8F, 0x03, 0x01, 0x01, 0x04, 0x02, 0x08, 0x08,
  0x01, 0x01, 0x08, 0x03, 0x90, 0x03, 0x01, 0x01, 0x02, 0x03, 0x01, 0x01,
  0x06, 0x02, 0x02, 0x03, 0x01, 0x03, 0x01, 0x01, 0x05, 0x03, 0x92, 0x0A,
  0x02, 0x01, 0x03, 0x02, 0x07, 0x03, 0x01, 0x01, 0x02, 0x04, 0x98, 0x02,
  0x02, 0x05, 0x01, 0x03, 0x09, 0x09, 0x9E, 0x07, 0x0E, 0x01, 0xFF, 0x00,
  0xBE,
};

const uint8_t CAT_WASH_2_RLE[] PROGMEM = {
  0xFF, 0x00, 0xFF, 0x00, 0xFF, 0x00, 0xFF, 0x00, 0xFF, 0x00, 0xFF, 0x00,
  0xFF, 0x00, 0xFF, 0x00, 0xFF, 0x00, 0xFF, 0x00, 0xFF, 0x00, 0xFF, 0x00,
  0xFF, 0x00, 0xFF, 0x00, 0xFF, 0x00, 0xFF, 0x00, 0xFF, 0x00, 0xFF, 0x00,
  0xFF, 0x00, 0xFF, 0x00, 0x71, 0x06, 0xB2, 0x09, 0xAE, 0x02, 0x06, 0x04,
  0xAC, 0x02, 0x08, 0x03, 0xAB, 0x01, 0x0B, 0x02, 0x0B, 0x05, 0x99, 0x02,
  0x03, 0x01, 0x08, 0x02, 0x0E, 0x02, 0x0D, 0x07, 0x84, 0x02, 0x03, 0x02,
  0x08, 0x02, 0x08, 0x05, 0x0C, 0x0B, 0x83, 0x02, 0x04, 0x01, 0x01, 0x02,
  0x06, 0x02, 0x08, 0x06, 0x08, 0x04, 0x07, 0x02, 0x83, 0x02, 0x04, 0x04,
  0x06, 0x02, 0x14, 0x04, 0x0A, 0x01, 0x83, 0x02, 0x03, 0x01, 0x01, 0x02,
  0x03, 0x01, 0x04, 0x02, 0x12, 0x03, 0x0C, 0x02, 0x82, 0x02, 0x03, 0x04,
  0x02, 0x02, 0x04, 0x02, 0x03, 0x05, 0x09, 0x02, 0x09, 0x02, 0x03, 0x02,
  0x82, 0x02, 0x05, 0x03, 0x01, 0x01, 0x05, 0x0F, 0x03, 0x02, 0x0A, 0x01,
  0x04, 0x02, 0x82, 0x02, 0x07, 0x03, 0x05, 0x03, 0x08, 0x08, 0x06, 0x01,
  0x03, 0x01, 0x05, 0x02, 0x82, 0x02, 0x08, 0x02, 0x05, 0x01, 0x0E, 0x04,
  0x06, 0x01, 0x02, 0x02, 0x05, 0x02, 0x82, 0x02, 0x03, 0x07, 0x16, 0x01,
  0x07, 0x01, 0x01, 0x02, 0x06, 0x02, 0x83, 0x01, 0x06, 0x04, 0x15, 0x02,
  0x03, 0x01, 0x03, 0x06, 0x04, 0x01, 0x03, 0x03, 0x77, 0x04, 0x03, 0x02,
  0x1F, 0x01, 0x03, 0x01, 0x03, 0x05, 0x04, 0x02, 0x03, 0x05, 0x75, 0x02,
  0x01, 0x01, 0x03, 0x02, 0x23, 0x02, 0x01, 0x02, 0x08, 0x02, 0x05, 0x03,
  0x76, 0x04, 0x03, 0x02, 0x01, 0x03, 0x1E, 0x04, 0x09, 0x02, 0x06, 0x01,
  0x7A, 0x01, 0x04, 0x02, 0x01, 0x01, 0x20, 0x02, 0x0A, 0x02, 0x86, 0x03,
  0x20, 0x09, 0x03, 0x02, 0x87, 0x02, 0x21, 0x02, 0x0A, 0x02, 0x7A, 0x02,
  0x0B, 0x01, 0x2E, 0x01, 0x79, 0x05, 0x09, 0x02, 0x2D, 0x02, 0x04, 0x05,
  0x70, 0x01, 0x01, 0x02, 0x0A, 0x01, 0x27, 0x03, 0x03, 0x02, 0x06, 0x02,
  0x01, 0x02, 0x6F, 0x03, 0x0A, 0x02, 0x27, 0x03, 0x02, 0x02, 0x08, 0x03,
  0x7D, 0x02, 0x07, 0x02, 0x20, 0x04, 0x88, 0x02, 0x07, 0x03, 0x20, 0x03,
  0x14, 0x02, 0x70, 0x01, 0x02, 0x02, 0x2B, 0x02, 0x15, 0x03, 0x6D, 0x02,
  0x02, 0x02, 0x19, 0x01, 0x11, 0x02, 0x15, 0x01, 0x01, 0x01, 0x6D, 0x02,
  0x02, 0x01, 0x19, 0x04, 0x10, 0x01, 0x06, 0x01, 0x01, 0x01, 0x0C, 0x03,
  0x6D, 0x01, 0x03, 0x01, 0x2D, 0x02, 0x05, 0x04, 0x0C, 0x01, 0x69, 0x01,
  0x08, 0x01, 0x05, 0x03, 0x25, 0x02, 0x07, 0x01, 0x01, 0x01, 0x73, 0x03,
  0x07, 0x02, 0x05, 0x04, 0x24, 0x02, 0x05, 0x02, 0x01, 0x01, 0x73, 0x03,
  0x07, 0x03, 0x04, 0x06, 0x23, 0x02, 0x06, 0x02, 0x08, 0x03, 0x69, 0x01,
  0x01, 0x01, 0x06, 0x02, 0x05, 0x08, 0x22, 0x01, 0x03, 0x02, 0x03, 0x01,
  0x07, 0x02, 0x01, 0x01, 0x69, 0x03, 0x07, 0x02, 0x04, 0x01, 0x04, 0x03,
  0x22, 0x01, 0x05, 0x02, 0x09, 0x04, 0x6A, 0x01, 0x09, 0x01, 0x0B, 0x02,
  0x0D, 0x04, 0x0F, 0x02, 0x06, 0x01, 0x08, 0x02, 0x75, 0x05, 0x16, 0x08,
  0x0D, 0x02, 0x07, 0x01, 0x7C, 0x08, 0x0C, 0x03, 0x05, 0x09, 0x0D, 0x02,
  0x07, 0x01, 0x11, 0x01, 0x02, 0x02, 0x6A, 0x02, 0x0E, 0x03, 0x05, 0x02,
  0x05, 0x03, 0x0C, 0x02, 0x0F, 0x06, 0x05, 0x01, 0x02, 0x01, 0x6B, 0x04,
  0x08, 0x01, 0x02, 0x01, 0x0F, 0x02, 0x0A, 0x06, 0x0B, 0x0A, 0x04, 0x01,
  0x01, 0x02, 0x69, 0x03, 0x0A, 0x05, 0x1B, 0x02, 0x01, 0x03, 0x09, 0x03,
  0x06, 0x03, 0x03, 0x02, 0x01, 0x01, 0x62, 0x02, 0x04, 0x02, 0x01, 0x02,
  0x0A, 0x07, 0x18, 0x02, 0x03, 0x02, 0x07, 0x02, 0x0A, 0x02, 0x03, 0x02,
  0x62, 0x02, 0x09, 0x02, 0x0A, 0x02, 0x01, 0x03, 0x0D, 0x05, 0x04, 0x04,
  0x04, 0x02, 0x05, 0x02, 0x0C, 0x02, 0x03, 0x01, 0x61, 0x03, 0x0A, 0x02,
  0x09, 0x01, 0x03, 0x01, 0x11, 0x04, 0x02, 0x02, 0x07, 0x02, 0x03, 0x02,
  0x04, 0x06, 0x04, 0x02, 0x02, 0x01, 0x61, 0x01, 0x01, 0x01, 0x0B, 0x03,
  0x07, 0x02, 0x01, 0x02, 0x0D, 0x01, 0x07, 0x04, 0x08, 0x02, 0x02, 0x02,
  0x03, 0x02, 0x03, 0x03, 0x04, 0x01, 0x64, 0x03, 0x0C, 0x04, 0x06, 0x03,
  0x0E, 0x02, 0x05, 0x04, 0x09, 0x02, 0x02, 0x01, 0x03, 0x02, 0x06, 0x02,
  0x03, 0x02, 0x64, 0x01, 0x0F, 0x04, 0x17, 0x02, 0x02, 0x05, 0x0A, 0x04,
  0x03, 0x01, 0x08, 0x01, 0x03, 0x02, 0x74, 0x05, 0x17, 0x04, 0x09, 0x02,
  0x03, 0x04, 0x02, 0x07, 0x03, 0x02, 0x03, 0x02, 0x73, 0x02, 0x18, 0x05,
  0x0B, 0x01, 0x04, 0x03, 0x02, 0x03, 0x02, 0x03, 0x02, 0x02, 0x03, 0x02,
  0x6A, 0x01, 0x07, 0x04, 0x11, 0x08, 0x02, 0x01, 0x0C, 0x01, 0x03, 0x03,
  0x02, 0x04, 0x03, 0x02, 0x02, 0x01, 0x03, 0x02, 0x69, 0x02, 0x08, 0x03,
  0x11, 0x04, 0x0F, 0x01, 0x03, 0x02, 0x03, 0x02, 0x02, 0x02, 0x01, 0x01,
  0x01, 0x01, 0x01, 0x02, 0x02, 0x01, 0x03, 0x02, 0x68, 0x01, 0x01, 0x01,
  0x09, 0x01, 0x26, 0x01, 0x03, 0x01, 0x03, 0x02, 0x05, 0x02, 0x02, 0x02,
  0x02, 0x01, 0x03, 0x02, 0x68, 0x03, 0x09, 0x01, 0x26, 0x02, 0x02, 0x01,
  0x03, 0x03, 0x03, 0x07, 0x01, 0x02, 0x03, 0x02, 0x69, 0x02, 0x09, 0x01,
  0x11, 0x01, 0x15, 0x01, 0x06, 0x04, 0x03, 0x03, 0x01, 0x02, 0x01, 0x02,
  0x03, 0x02, 0x74, 0x03, 0x0C, 0x04, 0x15, 0x01, 0x06, 0x02, 0x01, 0x02,
  0x03, 0x04, 0x02, 0x02, 0x03, 0x01, 0x70, 0x01, 0x04, 0x03, 0x0B, 0x04,
  0x16, 0x02, 0x05, 0x02, 0x02, 0x07, 0x03, 0x01, 0x03, 0x02, 0x70, 0x02,
  0x04, 0x03, 0x09, 0x02, 0x13, 0x01, 0x0C, 0x02, 0x03, 0x05, 0x03, 0x02,
  0x03, 0x02, 0x70, 0x02, 0x05, 0x02, 0x07, 0x03, 0x13, 0x01, 0x0D, 0x02,
  0x0A, 0x02, 0x04, 0x01, 0x6F, 0x01, 0x01, 0x02, 0x05, 0x03, 0x05, 0x02,
  0x14, 0x02, 0x0D, 0x03, 0x08, 0x02, 0x04, 0x02, 0x6F, 0x01, 0x02, 0x01,
  0x05, 0x06, 0x18, 0x01, 0x0E, 0x05, 0x04, 0x03, 0x04, 0x02, 0x70, 0x01,
  0x02, 0x02, 0x04, 0x02, 0x01, 0x03, 0x17, 0x02, 0x0E, 0x01, 0x02, 0x08,
  0x05, 0x02, 0x70, 0x02, 0x02, 0x01, 0x04, 0x02, 0x03, 0x02, 0x11, 0x02,
  0x03, 0x02, 0x0D, 0x02, 0x0E, 0x02, 0x02, 0x02, 0x6E, 0x01, 0x02, 0x02,
  0x03, 0x02, 0x04, 0x02, 0x04, 0x01, 0x0B, 0x02, 0x03, 0x02, 0x0D, 0x02,
  0x0C, 0x03, 0x03, 0x01, 0x6F, 0x02, 0x07, 0x01, 0x05, 0x03, 0x02, 0x01,
  0x0B, 0x01, 0x04, 0x02, 0x0D, 0x04, 0x09, 0x03, 0x03, 0x01, 0x79, 0x01,
  0x06, 0x06, 0x09, 0x02, 0x02, 0x04, 0x0D, 0x0E, 0x04, 0x02, 0x01, 0x01,
  0x77, 0x01, 0x08, 0x04, 0x09, 0x09, 0x0C, 0x02, 0x02, 0x08, 0x04, 0x03,
  0x01, 0x02, 0x77, 0x01, 0x08, 0x04, 0x09, 0x03, 0x04, 0x02, 0x0C, 0x02,
  0x0D, 0x02, 0x01, 0x03, 0x77, 0x02, 0x08, 0x01, 0x01, 0x02, 0x09, 0x01,
  0x06, 0x04, 0x09, 0x02, 0x10, 0x02, 0x79, 0x02, 0x07, 0x02, 0x01, 0x02,
  0x08, 0x03, 0x04, 0x07, 0x07, 0x02, 0x8A, 0x02, 0x08, 0x02, 0x01, 0x02,
  0x08, 0x03, 0x02, 0x05, 0x0A, 0x02, 0x8B, 0x01, 0x01, 0x01, 0x07, 0x01,
  0x01, 0x02, 0x08, 0x0A, 0x0A, 0x03, 0x8B, 0x03, 0x01, 0x01, 0x04, 0x02,
  0x01, 0x01, 0x09, 0x02, 0x01, 0x02, 0x03, 0x03, 0x02, 0x01, 0x05, 0x03,
  0x8C, 0x03, 0x01, 0x02, 0x01, 0x03, 0x01, 0x04, 0x01, 0x01, 0x04, 0x02,
  0x07, 0x03, 0x01, 0x02, 0x04, 0x03, 0x8E, 0x08, 0x02, 0x03, 0x02, 0x01,
  0x04, 0x02, 0x08, 0x05, 0x01, 0x04, 0x9B, 0x0A, 0x0A, 0x08, 0x9D, 0x08,
  0xFF, 0x00, 0xD0,
};

const uint8_t CAT_WASH_3_RLE[] PROGMEM = {
  0xFF, 0x00, 0xFF, 0x00, 0xFF, 0x00, 0xFF, 0x00, 0xFF, 0x00, 0xFF, 0x00,
  0xFF, 0x00, 0xFF, 0x00, 0xFF, 0x00, 0xFF, 0x00, 0xFF, 0x00, 0xFF, 0x00,
  0xFF, 0x00, 0xFF, 0x00, 0xFF, 0x00, 0xFF, 0x00, 0xFF, 0x00, 0xFF, 0x00,
  0xFF, 0x00, 0xE8, 0x05, 0x8B, 0x05, 0x20, 0x05, 0x01, 0x02, 0x8A, 0x09,
  0x1B, 0x04, 0x05, 0x02, 0x89, 0x01, 0x06, 0x04, 0x18, 0x03, 0x07, 0x02,
  0x88, 0x02, 0x08, 0x04, 0x15, 0x02, 0x0A, 0x01, 0x88, 0x02, 0x0A, 0x03,
  0x13, 0x02, 0x07, 0x01, 0x03, 0x02, 0x87, 0x02, 0x02, 0x02, 0x08, 0x02,
  0x11, 0x02, 0x07, 0x02, 0x03, 0x02, 0x87, 0x02, 0x03, 0x01, 0x09, 0x02,
  0x0F, 0x02, 0x05, 0x01, 0x02, 0x01, 0x04, 0x02, 0x87, 0x02, 0x03, 0x02,
  0x01, 0x01, 0x07, 0x01, 0x0F, 0x02, 0x05, 0x01, 0x01, 0x02, 0x04, 0x02,
  0x87, 0x01, 0x05, 0x03, 0x07, 0x02, 0x0D, 0x02, 0x06, 0x01, 0x01, 0x01,
  0x05, 0x02, 0x87, 0x01, 0x06, 0x02, 0x02, 0x01, 0x05, 0x01, 0x0D, 0x02,
  0x06, 0x05, 0x03, 0x02, 0x87, 0x01, 0x03, 0x05, 0x02, 0x01, 0x05, 0x02,
  0x03, 0x08, 0x01, 0x02, 0x02, 0x01, 0x03, 0x04, 0x04, 0x02, 0x87, 0x01,
  0x05, 0x03, 0x02, 0x01, 0x05, 0x0F, 0x03, 0x02, 0x02, 0x01, 0x07, 0x02,
  0x87, 0x01, 0x07, 0x04, 0x05, 0x04, 0x0A, 0x02, 0x03, 0x01, 0x01, 0x02,
  0x07, 0x02, 0x87, 0x02, 0x07, 0x02, 0x03, 0x01, 0x02, 0x02, 0x0D, 0x01,
  0x03, 0x03, 0x03, 0x03, 0x02, 0x02, 0x87, 0x02, 0x03, 0x01, 0x04, 0x02,
  0x01, 0x02, 0x16, 0x07, 0x03, 0x02, 0x87, 0x02, 0x03, 0x07, 0x01, 0x01,
  0x17, 0x02, 0x08, 0x01, 0x82, 0x01, 0x06, 0x01, 0x08, 0x03, 0x21, 0x02,
  0x08, 0x01, 0x78, 0x02, 0x06, 0x02, 0x2B, 0x01, 0x09, 0x01, 0x78, 0x03,
  0x05, 0x02, 0x26, 0x03, 0x01, 0x02, 0x08, 0x03, 0x75, 0x02, 0x02, 0x02,
  0x05, 0x02, 0x02, 0x03, 0x22, 0x03, 0x08, 0x02, 0x01, 0x02, 0x75, 0x02,
  0x01, 0x02, 0x06, 0x02, 0x02, 0x01, 0x23, 0x02, 0x08, 0x02, 0x03, 0x02,
  0x75, 0x03, 0x08, 0x03, 0x25, 0x02, 0x09, 0x01, 0x01, 0x01, 0x77, 0x02,
  0x0A, 0x02, 0x26, 0x01, 0x09, 0x03, 0x78, 0x01, 0x09, 0x02, 0x1D, 0x02,
  0x08, 0x02, 0x09, 0x01, 0x83, 0x02, 0x0B, 0x02, 0x10, 0x03, 0x08, 0x01,
  0x09, 0x01, 0x83, 0x01, 0x0C, 0x03, 0x1A, 0x02, 0x8B, 0x02, 0x29, 0x02,
  0x8B, 0x02, 0x20, 0x03, 0x07, 0x01, 0x8B, 0x02, 0x0B, 0x02, 0x12, 0x06,
  0x05, 0x02, 0x8A, 0x01, 0x0A, 0x06, 0x0F, 0x07, 0x05, 0x02, 0x89, 0x02,
  0x09, 0x08, 0x0D, 0x02, 0x02, 0x05, 0x04, 0x02, 0x89, 0x02, 0x08, 0x04,
  0x02, 0x04, 0x0C, 0x02, 0x02, 0x03, 0x01, 0x02, 0x03, 0x02, 0x89, 0x02,
  0x08, 0x01, 0x01, 0x02, 0x03, 0x03, 0x0C, 0x02, 0x02, 0x06, 0x03, 0x02,
  0x89, 0x02, 0x07, 0x02, 0x01, 0x02, 0x02, 0x04, 0x0B, 0x09, 0x01, 0x01,
  0x03, 0x02, 0x8A, 0x01, 0x07, 0x0B, 0x0C, 0x08, 0x01, 0x01, 0x03, 0x02,
  0x8A, 0x01, 0x07, 0x0B, 0x05, 0x03, 0x04, 0x08, 0x01, 0x01, 0x04, 0x03,
  0x88, 0x02, 0x06, 0x0B, 0x05, 0x03, 0x04, 0x04, 0x01, 0x03, 0x07, 0x02,
  0x87, 0x03, 0x06, 0x02, 0x01, 0x05, 0x01, 0x02, 0x06, 0x01, 0x06, 0x06,
  0x07, 0x02, 0x87, 0x03, 0x08, 0x01, 0x01, 0x08, 0x06, 0x02, 0x02, 0x01,
  0x02, 0x06, 0x04, 0x05, 0x87, 0x02, 0x0C, 0x06, 0x03, 0x08, 0x05, 0x03,
  0x04, 0x09, 0x85, 0x03, 0x03, 0x02, 0x06, 0x03, 0x06, 0x03, 0x01, 0x02,
  0x10, 0x02, 0x03, 0x01, 0x86, 0x08, 0x0F, 0x01, 0x03, 0x01, 0x0C, 0x03,
  0x01, 0x02, 0x88, 0x05, 0x14, 0x01, 0x03, 0x01, 0x0D, 0x04, 0x88, 0x02,
  0x02, 0x02, 0x04, 0x02, 0x0E, 0x02, 0x01, 0x02, 0x0E, 0x05, 0x8B, 0x02,
  0x01, 0x03, 0x10, 0x03, 0x0E, 0x02, 0x03, 0x01, 0x8C, 0x03, 0x22, 0x02,
  0x90, 0x05, 0x1F, 0x03, 0x91, 0x01, 0x03, 0x04, 0x19, 0x04, 0x99, 0x05,
  0x12, 0x06, 0x9D, 0x09, 0x0C, 0x02, 0x02, 0x02, 0x8D, 0x04, 0x0C, 0x02,
  0x04, 0x02, 0x12, 0x02, 0x89, 0x09, 0x0A, 0x01, 0x1A, 0x01, 0x88, 0x03,
  0x05, 0x03, 0x08, 0x02, 0x18, 0x03, 0x87, 0x02, 0x09, 0x02, 0x06, 0x04,
  0x01, 0x01, 0x16, 0x01, 0x0E, 0x01, 0x78, 0x02, 0x0B, 0x02, 0x04, 0x02,
  0x02, 0x03, 0x16, 0x01, 0x0D, 0x02, 0x77, 0x02, 0x05, 0x04, 0x04, 0x01,
  0x03, 0x03, 0x04, 0x01, 0x02, 0x01, 0x13, 0x01, 0x0D, 0x02, 0x77, 0x02,
  0x03, 0x04, 0x01, 0x03, 0x02, 0x02, 0x02, 0x02, 0x05, 0x04, 0x11, 0x03,
  0x0B, 0x03, 0x01, 0x02, 0x74, 0x02, 0x04, 0x02, 0x04, 0x02, 0x02, 0x02,
  0x01, 0x02, 0x07, 0x04, 0x10, 0x03, 0x0B, 0x02, 0x02, 0x02, 0x74, 0x02,
  0x03, 0x02, 0x04, 0x01, 0x01, 0x02, 0x01, 0x04, 0x0B, 0x02, 0x0F, 0x03,
  0x0D, 0x02, 0x76, 0x02, 0x03, 0x01, 0x03, 0x06, 0x02, 0x02, 0x0D, 0x02,
  0x0D, 0x05, 0x0C, 0x02, 0x76, 0x01, 0x03, 0x02, 0x02, 0x03, 0x01, 0x03,
  0x01, 0x03, 0x0E, 0x04, 0x0A, 0x01, 0x01, 0x03, 0x0D, 0x01, 0x76, 0x01,
  0x03, 0x02, 0x02, 0x01, 0x02, 0x02, 0x03, 0x02, 0x10, 0x04, 0x06, 0x04,
  0x01, 0x01, 0x01, 0x02, 0x83, 0x01, 0x03, 0x02, 0x02, 0x01, 0x01, 0x02,
  0x04, 0x02, 0x13, 0x01, 0x06, 0x03, 0x02, 0x01, 0x01, 0x02, 0x83, 0x02,
  0x03, 0x01, 0x02, 0x05, 0x02, 0x02, 0x0A, 0x02, 0x0E, 0x01, 0x04, 0x02,
  0x02, 0x01, 0x83, 0x02, 0x03, 0x02, 0x01, 0x03, 0x02, 0x04, 0x0B, 0x01,
  0x0D, 0x02, 0x04, 0x02, 0x02, 0x02, 0x82, 0x02, 0x04, 0x02, 0x01, 0x06,
  0x01, 0x01, 0x0B, 0x01, 0x13, 0x02, 0x02, 0x02, 0x83, 0x02, 0x04, 0x02,
  0x05, 0x03, 0x0B, 0x02, 0x08, 0x02, 0x01, 0x01, 0x06, 0x01, 0x03, 0x02,
  0x83, 0x02, 0x05, 0x09, 0x0B, 0x02, 0x08, 0x04, 0x05, 0x02, 0x03, 0x01,
  0x85, 0x02, 0x06, 0x03, 0x03, 0x01, 0x0B, 0x02, 0x08, 0x03, 0x06, 0x02,
  0x02, 0x02, 0x86, 0x02, 0x0B, 0x01, 0x0C, 0x01, 0x08, 0x02, 0x07, 0x01,
  0x03, 0x02, 0x87, 0x02, 0x0A, 0x02, 0x0A, 0x02, 0x08, 0x02, 0x07, 0x05,
  0x89, 0x04, 0x05, 0x04, 0x06, 0x07, 0x07, 0x02, 0x06, 0x02, 0x01, 0x03,
  0x8B, 0x09, 0x01, 0x02, 0x04, 0x03, 0x03, 0x02, 0x07, 0x02, 0x06, 0x02,
  0x03, 0x01, 0x8F, 0x01, 0x06, 0x01, 0x0B, 0x01, 0x07, 0x03, 0x06, 0x01,
  0x03, 0x02, 0x95, 0x03, 0x05, 0x01, 0x01, 0x04, 0x07, 0x02, 0x02, 0x01,
  0x03, 0x01, 0x02, 0x03, 0x96, 0x03, 0x04, 0x01, 0x02, 0x03, 0x03, 0x01,
  0x01, 0x04, 0x02, 0x01, 0x02, 0x06, 0x99, 0x0D, 0x01, 0x01, 0x01, 0x0D,
  0x9D, 0x06, 0x03, 0x07, 0x03, 0x04, 0xFF, 0x00, 0xC3,
};

const uint8_t EGG_WIDTH = 92;
const uint8_t EGG_HEIGHT = 100;
const uint8_t EGG_BITMAP[] PROGMEM = {
  0x00, 0x00, 0x00, 0x00, 0x00, 0x00, 0x00, 0x00, 0x00, 0x00, 0x00, 0x00,
  0x00, 0x00, 0x00, 0x00, 0x00, 0x00, 0x00, 0x00, 0x00, 0x00, 0x00, 0x00,
  0x00, 0x00, 0x00, 0x00, 0x00, 0x00, 0x00, 0x00, 0x00, 0x00, 0x00, 0x00,
  0x00, 0x00, 0x00, 0x00, 0x00, 0x00, 0x00, 0x00, 0x00, 0x00, 0x00, 0x00,
  0x00, 0x00, 0x00, 0x00, 0x00, 0x00, 0x00, 0x00, 0x00, 0x00, 0x00, 0x00,
  0x00, 0x00, 0x00, 0x00, 0x00, 0x00, 0x00, 0x00, 0x00, 0x00, 0x00, 0x00,
  0x00, 0x00, 0x00, 0x00, 0x00, 0x00, 0x00, 0x00, 0x00, 0x00, 0x00, 0x00,
  0x00, 0x00, 0x00, 0x00, 0x00, 0x00, 0x00, 0x00, 0x00, 0x00, 0x00, 0x00,
  0x00, 0x00, 0x00, 0x00, 0x00, 0x00, 0x00, 0x00, 0x00, 0x00, 0x00, 0x00,
  0x00, 0x00, 0x00, 0x00, 0x00, 0x07, 0x80, 0x00, 0x00, 0x00, 0x00, 0x00,
  0x00, 0x00, 0x00, 0x00, 0x00, 0x7F, 0xF8, 0x00, 0x00, 0x00, 0x00, 0x00,
  0x00, 0x00, 0x00, 0x00, 0x03, 0xE0, 0x1E, 0x00, 0x00, 0x00, 0x00, 0x00,
  0x00, 0x00, 0x00, 0x00, 0x07, 0x00, 0x03, 0x80, 0x00, 0x00, 0x00, 0x00,
  0x00, 0x00, 0x00, 0x00, 0x1C, 0x00, 0x00, 0xC0, 0x00, 0x00, 0x00, 0x00,
  0x00, 0x00, 0x00, 0x00, 0x30, 0x00, 0x00, 0x70, 0x00, 0x00, 0x00, 0x00,
  0x00, 0x00, 0x00, 0x00, 0xE0, 0x00, 0x00, 0x18, 0x00, 0x00, 0x00, 0x00,
  0x00, 0x00, 0x00, 0x01, 0xFC, 0x00, 0xC0, 0x0C, 0x00, 0x00, 0x00, 0x00,
  0x00, 0x00, 0x00, 0x03, 0xFC, 0x00, 0xE0, 0x06, 0x00, 0x00, 0x00, 0x00,
  0x00, 0x00, 0x00, 0x06, 0xFC, 0x00, 0x00, 0x03, 0x00, 0x00, 0x00, 0x00,
  0x00, 0x00, 0x00, 0x0D, 0xF8, 0x00, 0x00, 0x31, 0x80, 0x00, 0x00, 0x00,
  0x00, 0x00, 0x00, 0x19, 0xF0, 0x00, 0x00, 0x7D, 0x80, 0x00, 0x00, 0x00,
  0x00, 0x00, 0x00, 0x30, 0xE0, 0x00, 0x00, 0x7E, 0xC0, 0x00, 0x00, 0x00,
  0x00, 0x00, 0x00, 0x20, 0x00, 0x00, 0x00, 0x7F, 0x60, 0x00, 0x00, 0x00,
  0x00, 0x00, 0x00, 0x60, 0x00, 0x00, 0x00, 0x7F, 0x30, 0x00, 0x00, 0x00,
  0x00, 0x00, 0x00, 0xC0, 0x00, 0x00, 0x00, 0x3F, 0x30, 0x00, 0x00, 0x00,
  0x00, 0x00, 0x01, 0x98, 0x00, 0x00, 0x00, 0x1F, 0x18, 0x00, 0x00, 0x00,
  0x00, 0x00, 0x01, 0xB8, 0x00, 0x00, 0x07, 0x06, 0x08, 0x00, 0x00, 0x00,
  0x00, 0x00, 0x03, 0x38, 0x00, 0x00, 0x0D, 0x80, 0x0C, 0x00, 0x00, 0x00,
  0x00, 0x00, 0x06, 0x00, 0x00, 0x00, 0x0C, 0xF8, 0x06, 0x00, 0x00, 0x00,
  0x00, 0x00, 0x06, 0x00, 0x00, 0x00, 0x08, 0x08, 0x06, 0x00, 0x00, 0x00,
  0x00, 0x00, 0x0C, 0x00, 0x00, 0x00, 0x38, 0x08, 0x03, 0x00, 0x00, 0x00,
  0x00, 0x00, 0x0C, 0x00, 0x00, 0x00, 0x40, 0x10, 0x03, 0x00, 0x00, 0x00,
  0x00, 0x00, 0x18, 0x00, 0x00, 0x00, 0x60, 0x30, 0x31, 0x80, 0x00, 0x00,
  0x00, 0x00, 0x18, 0x00, 0x00, 0x00, 0x38, 0x10, 0x79, 0x80, 0x00, 0x00,
  0x00, 0x00, 0x30, 0x00, 0x00, 0x00, 0x08, 0x18, 0x78, 0xC0, 0x00, 0x00,
  0x00, 0x00, 0x30, 0x00, 0x07, 0x00, 0x09, 0xF8, 0x78, 0xC0, 0x00, 0x00,
  0x00, 0x00, 0x21, 0xC0, 0x0C, 0x80, 0x0B, 0x70, 0x38, 0x40, 0x00, 0x00,
  0x00, 0x00, 0x63, 0x30, 0x38, 0x40, 0xCE, 0x00, 0x00, 0x60, 0x00, 0x00,
  0x00, 0x00, 0x44, 0x18, 0x60, 0x33, 0xE0, 0x00, 0x00, 0x20, 0x00, 0x00,
  0x00, 0x00, 0xD8, 0x0C, 0xC0, 0x1E, 0x10, 0x07, 0x00, 0x30, 0x00, 0x00,
  0x00, 0x00, 0xF0, 0x07, 0x00, 0x0C, 0x0C, 0x3F, 0x83, 0x30, 0x00, 0x00,
  0x00, 0x00, 0xC0, 0x00, 0x00, 0x00, 0x06, 0xE0, 0xC7, 0xF0, 0x00, 0x00,
  0x00, 0x00, 0x80, 0x00, 0x00, 0x00, 0x03, 0x80, 0x7C, 0x70, 0x00, 0x00,
  0x00, 0x01, 0x8C, 0x00, 0x00, 0x00, 0x00, 0x00, 0x18, 0x18, 0x00, 0x00,
  0x00, 0x01, 0x9E, 0x00, 0x00, 0x00, 0x00, 0x00, 0x00, 0x18, 0x00, 0x00,
  0x00, 0x01, 0x3E, 0x00, 0x20, 0x00, 0x00, 0x40, 0x00, 0x18, 0x00, 0x00,
  0x00, 0x01, 0x7F, 0x00, 0xF0, 0x00, 0x00, 0xF0, 0x00, 0x08, 0x00, 0x00,
  0x00, 0x03, 0x7E, 0x00, 0x80, 0x00, 0x00, 0x10, 0x00, 0x08, 0x00, 0x00,
  0x00, 0x03, 0x7E, 0x00, 0x00, 0x00, 0x00, 0x00, 0x00, 0x0C, 0x00, 0x00,
  0x00, 0x03, 0x3C, 0x00, 0x00, 0x00, 0x00, 0x00, 0x03, 0x0C, 0x00, 0x00,
  0x00, 0x03, 0x18, 0x00, 0x00, 0x00, 0x00, 0x00, 0x07, 0x8C, 0x00, 0x00,
  0x00, 0x03, 0x00, 0x00, 0x00, 0x00, 0x00, 0x00, 0x07, 0x8C, 0x00, 0x00,
  0x00, 0x02, 0x00, 0x00, 0x00, 0x00, 0x00, 0x00, 0x03, 0x0C, 0x00, 0x00,
  0x00, 0x02, 0x00, 0x00, 0x00, 0x00, 0x00, 0x00, 0x00, 0x0C, 0x00, 0x00,
  0x03, 0xF2, 0x00, 0x00, 0x00, 0x00, 0x00, 0x00, 0x00, 0x0C, 0x7C, 0x00,
  0x06, 0x3E, 0x00, 0x0C, 0x00, 0x00, 0x00, 0x02, 0x00, 0x0F, 0xFE, 0x00,
  0x06, 0x07, 0x00, 0x0C, 0x0C, 0x00, 0x03, 0x06, 0x00, 0x0E, 0x06, 0x00,
  0x02, 0x01, 0x80, 0x0F, 0x3C, 0x00, 0x03, 0x8F, 0x00, 0x18, 0x04, 0x00,
  0x03, 0x00, 0xC0, 0x0F, 0xF8, 0x00, 0x01, 0xFF, 0x00, 0x30, 0x0C, 0x00,
  0x01, 0x08, 0x60, 0x01, 0xE0, 0x00, 0x00, 0x70, 0x00, 0x60, 0x08, 0x00,
  0x01, 0x86, 0x20, 0x20, 0x00, 0x20, 0x40, 0x02, 0x80, 0x43, 0x18, 0x00,
  0x00, 0xC3, 0x30, 0x08, 0x00, 0x3F, 0xC0, 0x02, 0x40, 0xCC, 0x30, 0x00,
  0x00, 0x60, 0x90, 0x05, 0x00, 0x19, 0x00, 0x01, 0x40, 0x98, 0x60, 0x00,
  0x00, 0x38, 0x70, 0x02, 0x00, 0x00, 0x00, 0x08, 0x81, 0xA0, 0xC0, 0x00,
  0x00, 0x0F, 0xF0, 0x00, 0x00, 0x00, 0x00, 0x00, 0x01, 0xC7, 0x80, 0x00,
  0x00, 0x01, 0xE0, 0x00, 0x00, 0x00, 0x00, 0x00, 0x10, 0xFE, 0x00, 0x00,
  0x00, 0x0F, 0x80, 0x60, 0x00, 0x00, 0x00, 0x00, 0x7C, 0x7F, 0x00, 0x00,
  0x00, 0x1F, 0x81, 0xFC, 0x00, 0x00, 0x00, 0x00, 0xFC, 0x39, 0x80, 0x00,
  0x00, 0x10, 0x83, 0xFE, 0x00, 0x00, 0x00, 0x00, 0xFC, 0x30, 0x80, 0x00,
  0x00, 0x38, 0xC3, 0xFE, 0x00, 0x00, 0x00, 0x00, 0xFC, 0x21, 0x80, 0x00,
  0x00, 0x70, 0xC3, 0xFF, 0x00, 0x00, 0x00, 0x00, 0xF8, 0x60, 0xE0, 0x00,
  0x00, 0xC0, 0x63, 0xFF, 0x00, 0x00, 0x00, 0x30, 0x70, 0x40, 0x30, 0x00,
  0x00, 0x81, 0xE3, 0xFF, 0x80, 0x00, 0x00, 0x70, 0x00, 0xD8, 0x10, 0x00,
  0x01, 0xA0, 0x71, 0xFF, 0x80, 0x00, 0x00, 0x60, 0x01, 0xE0, 0x18, 0x00,
  0x00, 0xE0, 0x31, 0xFF, 0x80, 0x00, 0x00, 0x00, 0x01, 0x80, 0x78, 0x00,
  0x00, 0xC0, 0xFC, 0xFF, 0xC1, 0x80, 0x00, 0x00, 0x3F, 0xE0, 0x30, 0x00,
  0x00, 0x80, 0x0F, 0xFF, 0xE3, 0xC0, 0x00, 0x00, 0xC6, 0x00, 0x10, 0x00,
  0x01, 0x80, 0x00, 0x7F, 0xE3, 0xE0, 0x00, 0x01, 0x80, 0x00, 0x18, 0x00,
  0x01, 0x80, 0x00, 0x1F, 0xF1, 0xE0, 0x01, 0xFF, 0x00, 0x00, 0x18, 0x00,
  0x01, 0x80, 0x00, 0x0E, 0x1C, 0xC0, 0x0F, 0x0E, 0x00, 0x10, 0x18, 0x00,
  0x01, 0x82, 0x00, 0x00, 0x06, 0x7C, 0x18, 0x00, 0x00, 0x08, 0x18, 0x00,
  0x00, 0x94, 0x00, 0x00, 0x03, 0xE7, 0x70, 0x00, 0x00, 0x00, 0x10, 0x00,
  0x00, 0xD0, 0x00, 0x00, 0x01, 0x00, 0xC0, 0x00, 0x00, 0x00, 0x90, 0x00,
  0x00, 0x70, 0x00, 0x00, 0x00, 0x00, 0x00, 0x00, 0x04, 0x00, 0xA0, 0x00,
  0x00, 0x38, 0x00, 0x00, 0x00, 0x00, 0x00, 0x00, 0x02, 0x01, 0xE0, 0x00,
  0x00, 0x08, 0x10, 0x01, 0x00, 0x00, 0x00, 0x00, 0x00, 0x01, 0x00, 0x00,
  0x00, 0x0C, 0x02, 0x02, 0x00, 0x00, 0x00, 0x00, 0x00, 0x03, 0x00, 0x00,
  0x00, 0x06, 0x06, 0x04, 0x00, 0x00, 0x03, 0x00, 0x40, 0x06, 0x00, 0x00,
  0x00, 0x03, 0x00, 0x04, 0x00, 0x00, 0x01, 0x80, 0x00, 0x0C, 0x00, 0x00,
  0x00, 0x01, 0x90, 0x00, 0x00, 0x04, 0x00, 0x00, 0x00, 0x98, 0x00, 0x00,
  0x00, 0x00, 0xF8, 0x00, 0x00, 0x02, 0x00, 0x00, 0x01, 0xF0, 0x00, 0x00,
  0x00, 0x00, 0x1E, 0x00, 0x00, 0x02, 0x00, 0x00, 0x03, 0xC0, 0x00, 0x00,
  0x00, 0x00, 0x03, 0x00, 0x00, 0x00, 0x00, 0x00, 0x0C, 0x00, 0x00, 0x00,
  0x00, 0x00, 0x01, 0xE2, 0x20, 0x00, 0x00, 0x18, 0x78, 0x00, 0x00, 0x00,
  0x00, 0x00, 0x00, 0x3F, 0xF8, 0x00, 0x00, 0xFF, 0xC0, 0x00, 0x00, 0x00,
  0x00, 0x00, 0x00, 0x00, 0xFF, 0x01, 0xDF, 0xCC, 0x00, 0x00, 0x00, 0x00,
  0x00, 0x00, 0x00, 0x00, 0x03, 0xFF, 0xFC, 0x00, 0x00, 0x00, 0x00, 0x00,
  0x00, 0x00, 0x00, 0x00, 0x00, 0x00, 0x00, 0x00, 0x00, 0x00, 0x00, 0x00,
  0x00, 0x00, 0x00, 0x00, 0x00, 0x00, 0x00, 0x00, 0x00, 0x00, 0x00, 0x00,
  0x00, 0x00, 0x00, 0x00, 0x00, 0x00, 0x00, 0x00, 0x00, 0x00, 0x00, 0x00,
};
